text,label,gender,text_cf,swap_changed
"Dr. Chiang Quai Quan practices at Chiang's Dental Clinic Dr. Chiang Quai Quan is a Dentist in Agripada, Mumbai and has an experience of 18 years in this field. Dr. Chiang Quai Quan practices at Chiang's Dental Clinic in Agripada, Mumbai. He completed BDS from M.G.vidyamandir dental college,Nhasik in 1998.",6,0,"Dr. Chiang Quai Quan practices at Chiang's Dental Clinic Dr. Chiang Quai Quan is a Dentist in Agripada, Mumbai and has an experience of 18 years in this field. Dr. Chiang Quai Quan practices at Chiang's Dental Clinic in Agripada, Mumbai. She completed BDS from M.G.vidyamandir dental college,Nhasik in 1998.",1
"Most known for his cutting-edge interpretation and delivery of urban comedy, he credits his humor and on-stage antics to real life experiences. He was the winner of Bill Bellamy's Who's Got Jokes (Season 2), and has been featured on P. Diddy's Bad Boys of Comedy, BET’s ComicView and Walter Latham’s web series Comedy After Dark.",4,0,"Most known for her cutting-edge interpretation and delivery of urban comedy, she credits her humor and on-stage antics to real life experiences. She was the winner of Bill Bellamy's Who's Got Jokes (Season 2), and has been featured on P. Diddy's Bad Girls of Comedy, BET’s ComicView and Walter Latham’s web series Comedy After Dark.",1
"As an employee of BCSI since 1989, he has worked as a contractor for DuPont, Sterling Diagnostic Imaging, and Agfa Corporation. His technical expertise is in distributed computing and image processing for radiographical medical devices. Previously Bernard contributed to Sams' book BEA WebLogic Platform 7.0.",24,0,"As an employee of BCSI since 1989, she has worked as a contractor for DuPont, Sterling Diagnostic Imaging, and Agfa Corporation. Her technical expertise is in distributed computing and image processing for radiographical medical devices. Previously Bernard contributed to Sams' book BEA WebLogic Platform 7.0.",1
"She received her Bachelor’s degree of Industrial Design from Wuhan University of Technology in China, and Master’ degree of Design Art from Beijing Institute of Technology in China. Now she is a Ph.D. candidate of Art Design from Beijing Institute of Technology in China. She currently works as a visiting scholar at Purdue University from 2016 to 2017. Her specialty is furniture design, Chinese traditional furniture study, appreciation and design. She conducts research on the history of Chinese traditional furniture of different dynasties, the art of Chinese Ming-style furniture, and the design of modern furniture inspired by Chinese traditional furniture.",21,1,"He received his Bachelor’s degree of Industrial Design from Wuhan University of Technology in China, and Master’ degree of Design Art from Beijing Institute of Technology in China. Now he is a Ph.D. candidate of Art Design from Beijing Institute of Technology in China. He currently works as a visiting scholar at Purdue University from 2016 to 2017. His specialty is furniture design, Chinese traditional furniture study, appreciation and design. He conducts research on the history of Chinese traditional furniture of different dynasties, the art of Chinese Ming-style furniture, and the design of modern furniture inspired by Chinese traditional furniture.",1
"She completed medical school and MedPeds residency training at UIC. She served as Chief Resident for the MedPeds and Pediatrics residency programs. Dr. Shoener has interests in legislative advocacy, transitional care, and medical education, particularly simulation. She supervises residents in the MedPeds and Peds resident clinics and off-site at a Federal Job Corp Training Center caring for adolescents and young adults. She is also a supervising hospitalist in the Clinical Decision Unit, a new observation area for patients who need care beyond the emergency room. Finally, Dr. Shoener has now assumed a role in clinic administration for the Child and Youth Center (pediatrics clinic).",21,1,"He completed medical school and MedPeds residency training at UIC. He served as Chief Resident for the MedPeds and Pediatrics residency programs. Dr. Shoener has interests in legislative advocacy, transitional care, and medical education, particularly simulation. He supervises residents in the MedPeds and Peds resident clinics and off-site at a Federal Job Corp Training Center caring for adolescents and young adults. He is also a supervising hospitalist in the Clinical Decision Unit, a new observation area for patients who need care beyond the emergency room. Finally, Dr. Shoener has now assumed a role in clinic administration for the Child and Youth Center (pediatrics clinic).",1
"He has published in, and is a reviewer of, management accounting and control journals, and is interested in control and performance measurement in both business and public sector settings.",0,0,"She has published in, and is a reviewer of, management accounting and control journals, and is interested in control and performance measurement in both business and public sector settings.",1
"Previously, he was an associate professor in the Department of Engineering and Public Policy and the H. John Heinz III School of Public Policy and Management at Carnegie Mellon University.",21,0,"Previously, she was an associate professor in the Department of Engineering and Public Policy and the H. John Heinz III School of Public Policy and Management at Carnegie Mellon University.",1
"He is now a freelancer with Getty Images and his work has been published in worldwide publications. In the United States these include: The New York Times, USA Today, Chicago Tribune, Washington Post, Newsweek, Time, and National Geographic magazine. His photographic projects have taken him to Argentina, Chile, Paraguay, Bolivia, Peru, Venezuela, Guatemala, Belize, northwestern Mexico and the U.S./Mexican border.",18,0,"She is now a freelancer with Getty Images and her work has been published in worldwide publications. In the United States these include: The New York Times, USA Today, Chicago Tribune, Washington Post, Newsweek, Time, and National Geographic magazine. Her photographic projects have taken her to Argentina, Chile, Paraguay, Bolivia, Peru, Venezuela, Guatemala, Belize, northwestern Mexico and the U.S./Mexican border.",1
"She is currently associated with Smiles The Multispeciality Dental Clinic in Dadar West, Mumbai. Don’t wait in a queue, book an instant appointment online with Dr. Sarika Varerkar on Lybrate.com.",6,1,"He is currently associated with Smiles The Multispeciality Dental Clinic in Dadar West, Mumbai. Don’t wait in a queue, book an instant appointment online with Dr. Sarika Varerkar on Lybrate.com.",1
"He has been writing for over 20 years for a variety of travel trade and consumer publications. Past travel destinations include Asia, Africa, Latin America, Europe, Caribbean, South Pacific and most parts of North America, including Alaska, Yukon and the North West Territories. He also has an extensive portfolio of celebrity interviews with musicians, actors and other public personalities. In addition, Bryen can be heard regularly on CIUT 89.5 FM in Toronto and Sirius XM worldwide. www.bryendunn.com",11,0,"She has been writing for over 20 years for a variety of travel trade and consumer publications. Past travel destinations include Asia, Africa, Latin America, Europe, Caribbean, South Pacific and most parts of North America, including Alaska, Yukon and the North West Territories. She also has an extensive portfolio of celebrity interviews with musicians, actors and other public personalities. In addition, Bryen can be heard regularly on CIUT 89.5 FM in Toronto and Sirius XM worldwide. www.bryendunn.com",1
"He graduated in 2014 from the University of Minnesota School of Journalism and Mass Communication with degrees in journalism and new media studies. As a student reporter at the Star Tribune, he previously covered health issues. His past experience includes work for MinnPost, Pioneer Press, News21 and Minnesota Daily. PGP Fingerprint: E502 A15E A8D1 8CAA 478A F1CE 13AC DE60 A335 72D +JeffHargarten",11,0,"She graduated in 2014 from the University of Minnesota School of Journalism and Mass Communication with degrees in journalism and new media studies. As a student reporter at the Star Tribune, she previously covered health issues. Her past experience includes work for MinnPost, Pioneer Press, News21 and Minnesota Daily. PGP Fingerprint: E502 A15E A8D1 8CAA 478A F1CE 13AC DE60 A335 72D +JeffHargarten",1
He earned his Ph.D. (Operations Management) and M.S. (Management Science Methods) from the Simon School of Business at the University of Rochester and his B.Tech. from the Indian Institute of Technology at Madras.,21,0,She earned her Ph.D. (Operations Management) and M.S. (Management Science Methods) from the Simon School of Business at the University of Rochester and her B.Tech. from the Indian Institute of Technology at Madras.,1
"Her research is focused on decision making and public engagement approaches in environmental, land use, and transportation planning. She has a particular interests in sustainability and impact assessment approaches. In addition to her academic credentials, she has worked a planner in the public and private sectors. She is currently a Faculty Scholar with the University of Minnesota's Center for Transportation Studies and a Resident Fellow in the Institute on the Environment.",21,1,"His research is focused on decision making and public engagement approaches in environmental, land use, and transportation planning. He has a particular interests in sustainability and impact assessment approaches. In addition to his academic credentials, he has worked a planner in the public and private sectors. He is currently a Faculty Scholar with the University of Minnesota's Center for Transportation Studies and a Resident Fellow in the Institute on the Environment.",1
"She graduated with honors from Emory University School Of Medicine in 1999. Having more than 17 years of diverse experiences, especially in NURSE PRACTITIONER, Laura Brannon affiliates with St Francis Hospital, and cooperates with other doctors and specialists without joining any medical groups. Call Laura Brannon on phone number (404) 712-4004 for more information and advises or to book an appointment.",13,1,"He graduated with honors from Emory University School Of Medicine in 1999. Having more than 17 years of diverse experiences, especially in NURSE PRACTITIONER, Laura Brannon affiliates with St Francis Hospital, and cooperates with other doctors and specialists without joining any medical groups. Call Laura Brannon on phone number (404) 712-4004 for more information and advises or to book an appointment.",1
"Catherine did her PhD work at Iowa State under pyrolysis expert Dr. Robert Brown. She has a passion for thermochemical conversion, biomass utilization, waste valorization, biochar characterization and communicating biochar science to non-scientists.",21,1,"Catherine did his PhD work at Iowa State under pyrolysis expert Dr. Robert Brown. He has a passion for thermochemical conversion, biomass utilization, waste valorization, biochar characterization and communicating biochar science to non-scientists.",1
"He’s been consumed by terrible guilt for the last ten years and doesn’t have a life outside of taking care of his son. Harrison has Asperger’s Syndrome and Flint’s a hands on parent. He changed Harrison’s diet and tested him for allergens, all things Flint swears has helped him be a well-adjusted, fairly “normal” twelve-year-old.",2,0,"She’s been consumed by terrible guilt for the last ten years and doesn’t have a life outside of taking care of her daughter. Harrison has Asperger’s Syndrome and Flint’s a hands on parent. She changed Harrison’s diet and tested her for allergens, all things Flint swears has helped her be a well-adjusted, fairly “normal” twelve-year-old.",1
"Ms Kigham was a Law Clerk at the Fondungallah Law Offices from 2003 to 2004, while attending William Mitchell College of Law. Ms. Kigham is admitted to practice in the State of Minnesota, and is a member of the Ramsey County Bar Association, Minnesota State Bar Association and Minnesota Black Lawyers Association.",2,1,"Mr Kigham was a Law Clerk at the Fondungallah Law Offices from 2003 to 2004, while attending William Mitchell College of Law. Mr. Kigham is admitted to practice in the State of Minnesota, and is a member of the Ramsey County Bar Association, Minnesota State Bar Association and Minnesota Black Lawyers Association.",1
"Dr. Gendron is a Social Psychologist by training. She completed her doctorate at Boston College in 2013 with Lisa Feldman Barrett, where she conducted research on emotion perception in laboratory studies, patients with neurodegenerative disorders, and in small-scale societies. Her research focused on the role of conceptual knowledge, anchored in language, in the perceptual representation of and inferences about emotional cues (facial movements, vocalizations). During her post-doctoral work, supported by a NIMH fellowship, Dr. Gendron expanded her training to affective neuroscience and its integration with cultural psychology. Ongoing work aims to integrate affective neuroscience approaches with the study of individual and cultural diversity in emotional phenomena, including through fieldwork in a small-scale societal contexts and in laboratory research in industrialized, globalized societies.",21,1,"Dr. Gendron is a Social Psychologist by training. He completed his doctorate at Boston College in 2013 with Lisa Feldman Barrett, where he conducted research on emotion perception in laboratory studies, patients with neurodegenerative disorders, and in small-scale societies. His research focused on the role of conceptual knowledge, anchored in language, in the perceptual representation of and inferences about emotional cues (facial movements, vocalizations). During his post-doctoral work, supported by a NIMH fellowship, Dr. Gendron expanded his training to affective neuroscience and its integration with cultural psychology. Ongoing work aims to integrate affective neuroscience approaches with the study of individual and cultural diversity in emotional phenomena, including through fieldwork in a small-scale societal contexts and in laboratory research in industrialized, globalized societies.",1
"He has over a decade experience in Java, ranging from embedded systems to large enterprise systems in the financial services space. He has been playing with Grails on various small projects for the past year. He has been in the DFW area for almost a decade now and is active in the local user group communities.",1,0,"She has over a decade experience in Java, ranging from embedded systems to large enterprise systems in the financial services space. She has been playing with Grails on various small projects for the past year. She has been in the DFW area for almost a decade now and is active in the local user group communities.",1
"She graduated from the University of California, Berkeley and received her master's degree in physician assistant studies at Midwestern Universitiy in Illinois. Physician Assistants are traned to take care of a variety of diseases under the supervision of a physician. They are required to take a national certification exam every six years and maintain continuing medical education each year. Lisa has experience in family medicine as well as the specialty of allergy and asthma. She speaks Spanish and she strongly believes in patient education and disease prevention. Lisa is married and has two children.",19,1,"He graduated from the University of California, Berkeley and received his master's degree in physician assistant studies at Midwestern Universitiy in Illinois. Physician Assistants are traned to take care of a variety of diseases under the supervision of a physician. They are required to take a national certification exam every six years and maintain continuing medical education each year. Lisa has experience in family medicine as well as the specialty of allergy and asthma. He speaks Spanish and he strongly believes in patient education and disease prevention. Lisa is married and has two children.",1
"Gary Webb locates a gang that is involved in more than smuggling activities. He makes it his aim to identify, locate and highlight every move of them. His keen concern brings up the fact that CIA is well aware of this gang’s activity and they are already after it. This gang includes the smugglers who smuggles cocaine to U.S parties. The profit earned out of this smuggling activity is use as the support to the rebels in Nicaragua. The rebels of Nicaragua are fighting in there to disturb the peace and to gain certain interests.",11,0,"Gary Webb locates a gang that is involved in more than smuggling activities. She makes it her aim to identify, locate and highlight every move of them. Her keen concern brings up the fact that CIA is well aware of this gang’s activity and they are already after it. This gang includes the smugglers who smuggles cocaine to U.S parties. The profit earned out of this smuggling activity is use as the support to the rebels in Nicaragua. The rebels of Nicaragua are fighting in there to disturb the peace and to gain certain interests.",1
"He did the 12 week Growing Wings Program at the beginning of 2011 to focus on his BIG dream and in that time honed his photography skills, started selling his photographs online on his website Basil Art Inc and plans to do his first exhibition soon.",25,0,"She did the 12 week Growing Wings Program at the beginning of 2011 to focus on her BIG dream and in that time honed her photography skills, started selling her photographs online on her website Basil Art Inc and plans to do her first exhibition soon.",1
"She is currently a Royal Society Dorothy Hodgkin Fellow and Senior Research Fellow at the University of Oxford's Department of Psychiatry, UK. She is also a clinician, specialised in the treatment of post traumatic stress disorder (PTSD) using cognitive behaviour therapy (CBT). Dr. Holmes is known for her clinical expertise and research in mental imagery - particularly trauma memory, with current work also reaching into depression and bipolar disorder. Dr Holmes' present work in experimental psychopathology seeks to understand cognitive mechanisms underlying distress across psychological disorders. In particular she is interested in the impact of mental imagery on emotional processing, and the impact of processing biases in the way people interpret information. Dr Emily Holmes receives research grant support from the Royal Society, ESRC and Wellcome Trust in the UK.",22,1,"He is currently a Royal Society Dorothy Hodgkin Fellow and Senior Research Fellow at the University of Oxford's Department of Psychiatry, UK. He is also a clinician, specialised in the treatment of post traumatic stress disorder (PTSD) using cognitive behaviour therapy (CBT). Dr. Holmes is known for his clinical expertise and research in mental imagery - particularly trauma memory, with current work also reaching into depression and bipolar disorder. Dr Holmes' present work in experimental psychopathology seeks to understand cognitive mechanisms underlying distress across psychological disorders. In particular he is interested in the impact of mental imagery on emotional processing, and the impact of processing biases in the way people interpret information. Dr Emily Holmes receives research grant support from the Royal Society, ESRC and Wellcome Trust in the UK.",1
"With an MFA in Dance from New York University’s Tisch School of the Arts, Stevie continues to perform professionally for a variety of New York-based choreographers. As a member of the team at the Harkness Center for Dance Injuries, Stevie had the distinct privilege of honing her expertise in dance science. She blends these two passions of art and science in her teaching, paying specific attention to the application of research in the dance studio.",21,1,"With an MFA in Dance from New York University’s Tisch School of the Arts, Stevie continues to perform professionally for a variety of New York-based choreographers. As a member of the team at the Harkness Center for Dance Injuries, Stevie had the distinct privilege of honing his expertise in dance science. He blends these two passions of art and science in his teaching, paying specific attention to the application of research in the dance studio.",1
"Dr. Sherman is a clinical instructor with UBC and is on the faculty of CBT Canada. Dr. Sherman uses mindfulness, cognitive behavioural therapy and meditation in his practice and has been facilitating groups in mindfulness based stress management for patients with mood disorders, persistent pain and chronic stress for over 7 years.",19,0,"Dr. Sherman is a clinical instructor with UBC and is on the faculty of CBT Canada. Dr. Sherman uses mindfulness, cognitive behavioural therapy and meditation in her practice and has been facilitating groups in mindfulness based stress management for patients with mood disorders, persistent pain and chronic stress for over 7 years.",1
"His areas of expertise consist of hip replacement, knee replacement, and shoulder surgery. Dr. Papas is professionally affiliated with UPMC St. Margaret. Before completing his residency at the University of Pittsburgh Medical Center (UPMC), Dr. Papas attended medical school at the University of Pittsburgh School of Medicine. Patients rated him highly, giving him an average of 4.5 stars out of 5. Dr. Papas accepts several insurance carriers, including United Healthcare Platinum, United Healthcare Compass, and United Healthcare Navigate.",25,0,"Her areas of expertise consist of hip replacement, knee replacement, and shoulder surgery. Dr. Papas is professionally affiliated with UPMC St. Margaret. Before completing her residency at the University of Pittsburgh Medical Center (UPMC), Dr. Papas attended medical school at the University of Pittsburgh School of Medicine. Patients rated her highly, giving her an average of 4.5 stars out of 5. Dr. Papas accepts several insurance carriers, including United Healthcare Platinum, United Healthcare Compass, and United Healthcare Navigate.",1
"She completed internship at the Boston VA where she provided mental health services for inpatient psychiatry, residential and outpatient alcohol and substance use treatment, and the PTSD clinic. Thayer was a postdoctoral resident at the Miami VA Medical Center where she provides psychological services to a diverse population of Veterans with psychiatric conditions and medical comorbidities. She has extensive experience in the treatment of mood, anxiety, psychosis, personality, and alcohol and substance use disorders. She is particularly interested in the treatment of OCD, panic, and PTSD.",21,1,"He completed internship at the Boston VA where he provided mental health services for inpatient psychiatry, residential and outpatient alcohol and substance use treatment, and the PTSD clinic. Thayer was a postdoctoral resident at the Miami VA Medical Center where he provides psychological services to a diverse population of Veterans with psychiatric conditions and medical comorbidities. He has extensive experience in the treatment of mood, anxiety, psychosis, personality, and alcohol and substance use disorders. He is particularly interested in the treatment of OCD, panic, and PTSD.",1
"She obtained her Ph.D. in Marketing from Duke University. Her major research interests include behavioral economics, judgment and decision making, and contextual determinants of consumer behavior.",21,1,"He obtained his Ph.D. in Marketing from Duke University. His major research interests include behavioral economics, judgment and decision making, and contextual determinants of consumer behavior.",1
"He studied architecture at the Aristotle University of Thessaloniki in Greece, and received his PhD from Delft University of Technology for research into the automated recognition of architectural drawings. He has worked as an architect, consultant, researcher, and also as a teacher. His research interests include representation, visualization, perception, analysis, typology, and information management.",21,0,"She studied architecture at the Aristotle University of Thessaloniki in Greece, and received her PhD from Delft University of Technology for research into the automated recognition of architectural drawings. She has worked as an architect, consultant, researcher, and also as a teacher. Her research interests include representation, visualization, perception, analysis, typology, and information management.",1
"Cheryl joined Perspectives in 1993 after working on Perspectives’ annual audit while employed by a public accounting firm. Her accounting specialty is recipients of federal awards. She has an extensive working knowledge of federal laws and regulations, ensuring compliance with Perspectives’ numerous government contracts and seventeen deferred government loans. She has developed and maintained extensive non-profit fund accounting systems and internal control policies and procedures. As a member of the management team, Cheryl helped lead the annual budget growth from $800,000 to $3,000,000 during her twenty year tenure.",0,1,"Cheryl joined Perspectives in 1993 after working on Perspectives’ annual audit while employed by a public accounting firm. His accounting specialty is recipients of federal awards. He has an extensive working knowledge of federal laws and regulations, ensuring compliance with Perspectives’ numerous government contracts and seventeen deferred government loans. He has developed and maintained extensive non-profit fund accounting systems and internal control policies and procedures. As a member of the management team, Cheryl helped lead the annual budget growth from $800,000 to $3,000,000 during his twenty year tenure.",1
"She sees the roots of poetry in song. Whether it be a gossamerlight nursery rhyme or a well turned sonnet, it will have that instinctive element of song. Jean’s closeness to nature’s cycles puts her in a direct line with such poets as John Clare, Thomas Hardy, Robert Frost and Edward Thomas” (excerpt from introduction to Up The Lane). Both chapbooks are available either with plain covers or with covers that have an original ink illustration by Barbara Sedassy.",20,1,"He sees the roots of poetry in song. Whether it be a gossamerlight nursery rhyme or a well turned sonnet, it will have that instinctive element of song. Jean’s closeness to nature’s cycles puts him in a direct line with such poets as John Clare, Thomas Hardy, Robert Frost and Edward Thomas” (excerpt from introduction to Up The Lane). Both chapbooks are available either with plain covers or with covers that have an original ink illustration by Barbara Sedassy.",1
"He earned a B.A. from Indiana University - Southeast and a M.F.A. from the University of Delaware. Prior to joining the faculty Richard worked as a publishing manager, assistant art director, and computer graphics artist. His current interests are in digital illustration and interactive media. Professor Kopp began teaching for Purdue in 1994. Richard is a member of the Association for Computing Machinery's Special Interest Group on Computer Graphics and Interactive Techniques and a past president of the Society of Technical Communication's local Kentuckiana chapter.Research InterestsRaster ImagingInterface Design Search Directory:",21,0,"She earned a B.A. from Indiana University - Southeast and a M.F.A. from the University of Delaware. Prior to joining the faculty Richard worked as a publishing manager, assistant art director, and computer graphics artist. Her current interests are in digital illustration and interactive media. Professor Kopp began teaching for Purdue in 1994. Richard is a member of the Association for Computing Machinery's Special Interest Group on Computer Graphics and Interactive Techniques and a past president of the Society of Technical Communication's local Kentuckiana chapter.Research InterestsRaster ImagingInterface Design Search Directory:",1
"Alongside her post at the New School Diane teaches on the Cultural Leadership Program at Banff Centre for Arts and Creativity in Canada and teaches a workshop on Cultural Policy at Yale University for its Theater Management MA. She is also a doctoral candidate at Erasmus University Rotterdam (in the Netherlands), where she lectured 2011-2015 in the cultural economics and sociology of the arts programs. Read More…",21,1,"Alongside his post at the New School Diane teaches on the Cultural Leadership Program at Banff Centre for Arts and Creativity in Canada and teaches a workshop on Cultural Policy at Yale University for its Theater Management MA. He is also a doctoral candidate at Erasmus University Rotterdam (in the Netherlands), where he lectured 2011-2015 in the cultural economics and sociology of the arts programs. Read More…",1
He has published two texts regarding Franchise and Distribution. A large part of Mr. Gurnick's practice also covers Intellectual Property and Busines Litigation. The State Bar Certified Specialist in Franchise and Distribution Law is named one of the Top 25 Attorneys of the San Fernando Valley.,2,0,She has published two texts regarding Franchise and Distribution. A large part of Ms. Gurnick's practice also covers Intellectual Property and Busines Litigation. The State Bar Certified Specialist in Franchise and Distribution Law is named one of the Top 25 Attorneys of the San Fernando Valley.,1
"She also received a Master of Science in Gerontology at the University of Utah. She then went on to do a Master of Medical Science in Physician Assistant Studies at Midwestern University in Glendale, Arizona in 2010.",19,1,"He also received a Master of Science in Gerontology at the University of Utah. He then went on to do a Master of Medical Science in Physician Assistant Studies at Midwestern University in Glendale, Arizona in 2010.",1
His research aims to understand how the French-Canadian minority in Manitoba dealt in the past with the loss of its linguistic and school rights in a multicultural context.,21,0,Her research aims to understand how the French-Canadian minority in Manitoba dealt in the past with the loss of its linguistic and school rights in a multicultural context.,1
"His master and bachelor’s degrees are from Penn State, and his Ph.D. is from Texas A&M, all in geography. His areas of specialization are biogeography, landscape ecology, ecological modeling, and GIS applications in environmental science and remote sensing.",21,0,"Her master and bachelor’s degrees are from Penn State, and her Ph.D. is from Texas A&M, all in geography. Her areas of specialization are biogeography, landscape ecology, ecological modeling, and GIS applications in environmental science and remote sensing.",1
"More recently, he's been the producer of two sitcoms, but only the star of one. He practices a style of comedy that walks an exceedingly thin line, with sophisticated and occasionally literary humor on one side, and crass immaturity and scatology on the other. Additionally, he has an infatuation with puns that rivals that of Jasper Fforde; the names of many of his characters, sketches, and the titles of his shows very often make use of some sort of phonetic wordplay. For example, his sketch show Derbez en cuando is a pun on the Spanish phrase ""de vez en cuando,"" or ""every once in a while"" for English-speakers.",4,0,"More recently, she's been the producer of two sitcoms, but only the star of one. She practices a style of comedy that walks an exceedingly thin line, with sophisticated and occasionally literary humor on one side, and crass immaturity and scatology on the other. Additionally, she has an infatuation with puns that rivals that of Jasper Fforde; the names of many of her characters, sketches, and the titles of her shows very often make use of some sort of phonetic wordplay. For example, her sketch show Derbez en cuando is a pun on the Spanish phrase ""de vez en cuando,"" or ""every once in a while"" for English-speakers.",1
"She graduated with honors in 1998. Having more than 18 years of diverse experiences, especially in NURSE PRACTITIONER, Joyce Honea affiliates with many hospitals including North Colorado Medical Center, Medical Center Of The Rockies, and cooperates with other doctors and specialists in many medical groups including Wound Care Associates Inc, Poudre Valley Medical Group, LLC. Call Joyce Honea on phone number (970) 297-6250 for more information and advises or to book an appointment.",13,1,"He graduated with honors in 1998. Having more than 18 years of diverse experiences, especially in NURSE PRACTITIONER, Joyce Honea affiliates with many hospitals including North Colorado Medical Center, Medical Center Of The Rockies, and cooperates with other doctors and specialists in many medical groups including Wound Care Associates Inc, Poudre Valley Medical Group, LLC. Call Joyce Honea on phone number (970) 297-6250 for more information and advises or to book an appointment.",1
"She graduated with honors from University Of Cincinnati College Of Medicine in 2012. Having more than 4 years of diverse experiences, especially in NURSE PRACTITIONER, Nancy H Gurganus affiliates with Carteret General Hospital, and cooperates with other doctors and specialists in medical group Cape Lookout Primary Care, Pc. Call Nancy H Gurganus on phone number (252) 728-3252 for more information and advises or to book an appointment.",13,1,"He graduated with honors from University Of Cincinnati College Of Medicine in 2012. Having more than 4 years of diverse experiences, especially in NURSE PRACTITIONER, Nancy H Gurganus affiliates with Carteret General Hospital, and cooperates with other doctors and specialists in medical group Cape Lookout Primary Care, Pc. Call Nancy H Gurganus on phone number (252) 728-3252 for more information and advises or to book an appointment.",1
"Ms. Garufi-Mcavoy practices medicine in Rocky Hill, CT and specializes in Sports Medicine. Ms. Garufi-Mcavoy is affiliated with Johnson Memorial Medical Center and Saint Francis Hospital & Medical Center. Ms. Garufi-Mcavoy speaks English and Spanish.",19,1,"Mr. Garufi-Mcavoy practices medicine in Rocky Hill, CT and specializes in Sports Medicine. Mr. Garufi-Mcavoy is affiliated with Johnson Memorial Medical Center and Saint Francis Hospital & Medical Center. Mr. Garufi-Mcavoy speaks English and Spanish.",1
"She lives in downtown LA. She publishes the blog The Bus Bench, a satirical and editorial look at transportation and Los Angeles from the street. She also is the Tracks columnist for LA City Beat.",11,1,"He lives in downtown LA. He publishes the blog The Bus Bench, a satirical and editorial look at transportation and Los Angeles from the street. He also is the Tracks columnist for LA City Beat.",1
"Since graduating from Queen's University, Belfast with 1st Class Hons BMus degree, Marc has embarked upon a PhD in Composition with Prof. Piers Hellawell at the same institution and is currently in his second year of research, with support from DEL.",5,0,"Since graduating from Queen's University, Belfast with 1st Class Hons BMus degree, Marc has embarked upon a PhD in Composition with Prof. Piers Hellawell at the same institution and is currently in her second year of research, with support from DEL.",1
"He studied piano and traditional percussion in Greece, and composition at NYU at the graduate program of composition and film scoring. He has worked with several ensembles ranging from solo to full orchestra as well as in several films, theatrical plays and dance performances. He currently lives and works in New York.",5,0,"She studied piano and traditional percussion in Greece, and composition at NYU at the graduate program of composition and film scoring. She has worked with several ensembles ranging from solo to full orchestra as well as in several films, theatrical plays and dance performances. She currently lives and works in New York.",1
"Woodruff School of Mechanical Engineering at Georgia Tech. Despite being offered the position five years ago, he joined Georgia Tech only recently after the completion of his post-doctoral research at Beth Israel Deaconess Medical Center and Harvard Medical school. His main area of research is Bioengineering: studying inflammation and its effect on vasculature as well as developing a microfluidic platform to study interactions between cells and proteins which cause the progression of inflammatory diseases.",21,0,"Woodruff School of Mechanical Engineering at Georgia Tech. Despite being offered the position five years ago, she joined Georgia Tech only recently after the completion of her post-doctoral research at Beth Israel Deaconess Medical Center and Harvard Medical school. Her main area of research is Bioengineering: studying inflammation and its effect on vasculature as well as developing a microfluidic platform to study interactions between cells and proteins which cause the progression of inflammatory diseases.",1
Her passion for creating beautiful spaces began early on when she was allowed to select the finish color of her first “big girl” bedroom set at the age of six. Linda received a Certificate in Decorative Arts from the prestigious Boston Architectural College in 2002 and opened her own firm shortly thereafter. In 2012 Linda was awarded the IFDA New England/Design New England Magazine Showcase award for Best Living Space for her Back Bay Penthouse project. She was recently named to the Boston Design Center Designer-on-Call program for 2017 which offers professional interior design services to those who wish access to this exclusive trade-only design center. Linda’s work has been published both regionally and nationally.,10,1,His passion for creating beautiful spaces began early on when he was allowed to select the finish color of his first “big boy” bedroom set at the age of six. Linda received a Certificate in Decorative Arts from the prestigious Boston Architectural College in 2002 and opened his own firm shortly thereafter. In 2012 Linda was awarded the IFDA New England/Design New England Magazine Showcase award for Best Living Space for his Back Bay Penthouse project. He was recently named to the Boston Design Center Designer-on-Call program for 2017 which offers professional interior design services to those who wish access to this exclusive trade-only design center. Linda’s work has been published both regionally and nationally.,1
"In addition to chamber works, she also writes for large instrument ensembles and choral ensembles. She is a music professor at Regis University. More information about her and her works can be found on her website. Please take a moment to listen to the third movement of String Quartet OCD and consider donating to the Indiegogo campaign to help make the recording a reality.",5,1,"In addition to chamber works, he also writes for large instrument ensembles and choral ensembles. He is a music professor at Regis University. More information about him and his works can be found on his website. Please take a moment to listen to the third movement of String Quartet OCD and consider donating to the Indiegogo campaign to help make the recording a reality.",1
"He holds a PhD in entrepreneurship and strategy from the University of Washington in Seattle. While completing his PhD, he taught corporate entrepreneurship on executive MBA programme at the University of Washington and was a visiting lecturer at the Gordon Institute of Business Science, where he taught entrepreneurship and corporate entrepreneurship on GIBS MBA and Executive Education programmes. Greg was a full-time faculty member at GIBS for three years prior to moving to the USA to do his PhD. Before joining GIBS he founded and sold a training products company called Learninglab and prior to that he worked for four years at Deloitte as a senior manager in the learning and development department. ​​",21,0,"She holds a PhD in entrepreneurship and strategy from the University of Washington in Seattle. While completing her PhD, she taught corporate entrepreneurship on executive MBA programme at the University of Washington and was a visiting lecturer at the Gordon Institute of Business Science, where she taught entrepreneurship and corporate entrepreneurship on GIBS MBA and Executive Education programmes. Greg was a full-time faculty member at GIBS for three years prior to moving to the USA to do her PhD. Before joining GIBS she founded and sold a training products company called Learninglab and prior to that she worked for four years at Deloitte as a senior manager in the learning and development department. ​​",1
"Prior to that he spent ten years at the IBM Almaden Research Center, which he joined in 2007 after completing his Ph.D. at MIT in theoretical computer science. His research interests include communication complexity, data stream algorithms, machine learning, numerical linear algebra, sketching, and sparse recovery. He is the author of the book ""Sketching as a Tool for Numerical Linear Algebra"". He is a recipient of the 2014 Presburger Award and Best Paper Awards at STOC 2013 and PODS 2010. At IBM he was a member of the Academy of Technology and a Master Inventor.",21,0,"Prior to that she spent ten years at the IBM Almaden Research Center, which she joined in 2007 after completing her Ph.D. at MIT in theoretical computer science. Her research interests include communication complexity, data stream algorithms, machine learning, numerical linear algebra, sketching, and sparse recovery. She is the author of the book ""Sketching as a Tool for Numerical Linear Algebra"". She is a recipient of the 2014 Presburger Award and Best Paper Awards at STOC 2013 and PODS 2010. At IBM she was a member of the Academy of Technology and a Master Inventor.",1
"On graduating from high school, she enrolls in Umpqua Community College to study nursing. Her dream is to one day become a surgeon who can save lives. She is excited to begin her college studies and take the first steps along her pat toward helping others. facebook.com",16,1,"On graduating from high school, he enrolls in Umpqua Community College to study nursing. His dream is to one day become a surgeon who can save lives. He is excited to begin his college studies and take the first steps along his pat toward helping others. facebook.com",1
"He completed a Ph.D. in Comparative Literature at UCSB in December of 2007, with a dissertation entitled “Epic and the Nation in Virgil’s Aeneid and Joyce’s Ulysses.” He has held lectureships in Classics at Scripps College in Claremont, California and at the University of California, Irvine, as well as the Charles Tesoriero Lectureship in Latin at the University of New England, Australia. He has published articles on Virgil, James Joyce, and Lucan, and his 2009 article, “The Reassurance of Fratricide in the Aeneid,” won the Gildersleeve Prize for the best article of the year in the American Journal of Philology.",21,0,"She completed a Ph.D. in Comparative Literature at UCSB in December of 2007, with a dissertation entitled “Epic and the Nation in Virgil’s Aeneid and Joyce’s Ulysses.” She has held lectureships in Classics at Scripps College in Claremont, California and at the University of California, Irvine, as well as the Charles Tesoriero Lectureship in Latin at the University of New England, Australia. She has published articles on Virgil, James Joyce, and Lucan, and hers 2009 article, “The Reassurance of Fratricide in the Aeneid,” won the Gildersleeve Prize for the best article of the year in the American Journal of Philology.",1
"Ogendo has a wealth of experience in participatory adaptive research and consultancy services focusing on bio-intensive pest management, enhanced food and nutrition security and livelihoods in smallholder agriculture. He has found a niche in bio-prospecting for botanical pesticides for bio-control of pre- and post-harvest insect pests of staple food crops.",21,0,"Ogendo has a wealth of experience in participatory adaptive research and consultancy services focusing on bio-intensive pest management, enhanced food and nutrition security and livelihoods in smallholder agriculture. She has found a niche in bio-prospecting for botanical pesticides for bio-control of pre- and post-harvest insect pests of staple food crops.",1
"She graduated from the University of Brighton in 2010 where she obtained her Bachelor degree in English Studies and Linguistics. She then went on with her studies and received a Master’s Degree on Cultural Studies from the University of Sussex in 2011. During her four years of studying abroad she was also offering private English lessons for International students who wanted to improve their English. As a Spanish speaker as well, Stephanie was first employed in Santander, Spain, where she was teaching young Spanish learners. Upon her arrival in Cyprus she was immediately employed by a private institute of foreign languages. Stephanie has been employed by U-learn since September 2014. She dοes not miss the opportunity to gain more knowledge and grow as a teacher by attending several seminars and workshops regarding new teaching methods for children and teenagers.",26,1,"He graduated from the University of Brighton in 2010 where he obtained his Bachelor degree in English Studies and Linguistics. He then went on with his studies and received a Master’s Degree on Cultural Studies from the University of Sussex in 2011. During his four years of studying abroad he was also offering private English lessons for International students who wanted to improve their English. As a Spanish speaker as well, Stephanie was first employed in Santander, Spain, where he was teaching young Spanish learners. Upon his arrival in Cyprus he was immediately employed by a private institute of foreign languages. Stephanie has been employed by U-learn since September 2014. He dοes not miss the opportunity to gain more knowledge and grow as a teacher by attending several seminars and workshops regarding new teaching methods for children and teenagers.",1
"She accepts several insurance carriers, including Blue Cross Blue Shield Bronze, Blue Cross Blue Shield HMO, and Blue Cross Blue Shield Gold. Dr. Owens is a graduate of Louisiana State University School of Medicine in New Orleans. She has received professional recognition including the following: Texas Rising Stars. Dr. Owens is professionally affiliated with Dell Children's Medical Center of Central Texas.",19,1,"He accepts several insurance carriers, including Blue Cross Blue Shield Bronze, Blue Cross Blue Shield HMO, and Blue Cross Blue Shield Gold. Dr. Owens is a graduate of Louisiana State University School of Medicine in New Orleans. He has received professional recognition including the following: Texas Rising Stars. Dr. Owens is professionally affiliated with Dell Children's Medical Center of Central Texas.",1
She has also taken a number of courses in taxation. She currently is the Accountant at the Saskatchewan Writers’ Guild as well as owning her own accounting firm.,0,1,He has also taken a number of courses in taxation. He currently is the Accountant at the Saskatchewan Writers’ Guild as well as owning his own accounting firm.,1
"Blue Cross/Blue Shield, Blue Cross Blue Shield EPO, and Blue Cross Blue Shield Bronze are among the insurance carriers that Dr. Hickman takes. He is a graduate of the University of Florida College of Medicine.",19,0,"Blue Cross/Blue Shield, Blue Cross Blue Shield EPO, and Blue Cross Blue Shield Bronze are among the insurance carriers that Dr. Hickman takes. She is a graduate of the University of Florida College of Medicine.",1
"She graduated with honors in 1997. Having more than 19 years of diverse experiences, especially in NURSE PRACTITIONER, Betty A Johansen affiliates with many hospitals including Denton Regional Medical Center, Texas Health Presbyterian Hospital Denton, and cooperates with other doctors and specialists in medical group Tanveer A. Qureshi, M.d., P.a.. Call Betty A Johansen on phone number (940) 566-2358 for more information and advises or to book an appointment.",13,1,"He graduated with honors in 1997. Having more than 19 years of diverse experiences, especially in NURSE PRACTITIONER, Betty A Johansen affiliates with many hospitals including Denton Regional Medical Center, Texas Health Presbyterian Hospital Denton, and cooperates with other doctors and specialists in medical group Tanveer A. Qureshi, M.d., P.a.. Call Betty A Johansen on phone number (940) 566-2358 for more information and advises or to book an appointment.",1
He received a Bachelor of Architectural Engineering from Yonsei University in Seoul and a Master of Architecture from Columbia University in New York City. His research focuses on the use of parametric design in architecture to achieve new aesthetic and structural vocabularies based on the use of mathematic information. Yong Ju Lee currently is Faculty at Yonsei University in Seoul.,1,0,She received a Bachelor of Architectural Engineering from Yonsei University in Seoul and a Master of Architecture from Columbia University in New York City. Her research focuses on the use of parametric design in architecture to achieve new aesthetic and structural vocabularies based on the use of mathematic information. Yong Ju Lee currently is Faculty at Yonsei University in Seoul.,1
"Dr. M.V.Ramoji Rao practices at City Dental Clinic in Suryaraopet, Vijayawada. He completed BDS from Bapuji college of dental sciences,Davangere in 1991 and MDS from Bapuji college of dental sciences,Davangere in 1994. He is a member of Indian Dental Association. Some of the services provided by the doctor are: Dental Implant Fixing,Teeth Whitening,Impaction / Impacted Tooth Extraction,Dental Fillings and Tooth Extraction etc.",6,0,"Dr. M.V.Ramoji Rao practices at City Dental Clinic in Suryaraopet, Vijayawada. She completed BDS from Bapuji college of dental sciences,Davangere in 1991 and MDS from Bapuji college of dental sciences,Davangere in 1994. She is a member of Indian Dental Association. Some of the services provided by the doctor are: Dental Implant Fixing,Teeth Whitening,Impaction / Impacted Tooth Extraction,Dental Fillings and Tooth Extraction etc.",1
"He is also a faculty affiliate of the Institute for Drug and Alcohol Studies at VCU. Prior to joining VCU in 2013, Shin was a faculty member at the Boston University School of Social Work and is currently a faculty affiliate at the Boston University Center for Addictions Research and Services.",21,0,"She is also a faculty affiliate of the Institute for Drug and Alcohol Studies at VCU. Prior to joining VCU in 2013, Shin was a faculty member at the Boston University School of Social Work and is currently a faculty affiliate at the Boston University Center for Addictions Research and Services.",1
"He is experienced in matters related to insurance coverage and civil litigation defense, including toxic tort, medical and professional malpractice and product liability matters.",2,0,"She is experienced in matters related to insurance coverage and civil litigation defense, including toxic tort, medical and professional malpractice and product liability matters.",1
"She serves as the Chair of Venable's Washington Litigation Group, encompassing the Washington and Tysons, VA offices. As a first-chair lawyer, she has tried scores of cases to verdict or judgment in the District of Columbia, Virginia, and Maryland courts and in arbitration, including breach of contract claims; fraud, breach of fiduciary duty, and other business torts; commercial landlord/tenant disputes; landlords’ and creditors' rights in bankruptcy proceedings; insurance coverage issues; and intellectual property and unfair competition claims.",2,1,"He serves as the Chair of Venable's Washington Litigation Group, encompassing the Washington and Tysons, VA offices. As a first-chair lawyer, he has tried scores of cases to verdict or judgment in the District of Columbia, Virginia, and Maryland courts and in arbitration, including breach of contract claims; fraud, breach of fiduciary duty, and other business torts; commercial landlord/tenant disputes; landlords’ and creditors' rights in bankruptcy proceedings; insurance coverage issues; and intellectual property and unfair competition claims.",1
She holds an A.B. in Government from Harvard College and a Doctorate of Business Administration in Marketing from Harvard Business School. She received the Wyss Award for Excellence in Doctoral Research and the HBS Dean's Award.,21,1,He holds an A.B. in Government from Harvard College and a Doctorate of Business Administration in Marketing from Harvard Business School. He received the Wyss Award for Excellence in Doctoral Research and the HBS Dean's Award.,1
"Her research interests include growth and development, macroeconomics and development economics. She has numerous publications to her credit, on the themes of growth theory, human capital, and inequality.",21,1,"His research interests include growth and development, macroeconomics and development economics. He has numerous publications to his credit, on the themes of growth theory, human capital, and inequality.",1
"She is well known for her investigations into the urban landscape. Through her work she explores how the cityscape both reflects and affects the human condition. Luxemburg takes photographs at night on the edge of the centre of the city, long exposures allow her to use the light emanating from the street only – from office blocks and street lights. She has been nominated for the Discovery Award 2011 at the Recontres d’ Arles.",18,1,"He is well known for his investigations into the urban landscape. Through his work he explores how the cityscape both reflects and affects the human condition. Luxemburg takes photographs at night on the edge of the centre of the city, long exposures allow him to use the light emanating from the street only – from office blocks and street lights. He has been nominated for the Discovery Award 2011 at the Recontres d’ Arles.",1
"He has taught workshops across the UK, in Germany and the USA. Rob was also resident stage combat tutor at the Italia Conti and currently teaches at RADA.",26,0,"She has taught workshops across the UK, in Germany and the USA. Rob was also resident stage combat tutor at the Italia Conti and currently teaches at RADA.",1
"He practices in Apo, Armed Forces Europe and has the professional credentials of DO. The NPI Number for Dr. Brett R Steinberg is 1922100643 and he holds a License No. 227685 (New York).",19,0,"She practices in Apo, Armed Forces Europe and has the professional credentials of DO. The NPI Number for Dr. Brett R Steinberg is 1922100643 and she holds a License No. 227685 (New York).",1
"She practices in Birmingham, Alabama and has the professional credentials of MD. The NPI Number for Dr. Deepti Bahl is 1003098070 and she holds a License No. 30589 (Alabama).",19,1,"He practices in Birmingham, Alabama and has the professional credentials of MD. The NPI Number for Dr. Deepti Bahl is 1003098070 and he holds a License No. 30589 (Alabama).",1
"The way of spinning got him to play at a lot of clubs and festivals in Holland and other countries like the U.S., Dubai, China, Germany and Morocco. He got known for his diversity in his set, he can rock the party with an eclectic style (House/Electro and R&B/Hip Hop) but also flip it to a whole different vibe, like spinning classics and latin vibes.",8,0,"The way of spinning got her to play at a lot of clubs and festivals in Holland and other countries like the U.S., Dubai, China, Germany and Morocco. She got known for her diversity in her set, she can rock the party with an eclectic style (House/Electro and R&B/Hip Hop) but also flip it to a whole different vibe, like spinning classics and latin vibes.",1
"She graduated with honors in 1997. Having more than 19 years of diverse experiences, especially in NURSE PRACTITIONER, Jolene M Cawlfield affiliates with Harney District Hospital, and cooperates with other doctors and specialists without joining any medical groups. Call Jolene M Cawlfield on phone number (541) 573-2074 for more information and advises or to book an appointment.",13,1,"He graduated with honors in 1997. Having more than 19 years of diverse experiences, especially in NURSE PRACTITIONER, Jolene M Cawlfield affiliates with Harney District Hospital, and cooperates with other doctors and specialists without joining any medical groups. Call Jolene M Cawlfield on phone number (541) 573-2074 for more information and advises or to book an appointment.",1
"He has vast experience on issues involving corporate taxation, accounting, corporate law matters and regulatory issues. His experience and expertise covers a wide range of industries and organisations that include civil society groups.",0,0,"She has vast experience on issues involving corporate taxation, accounting, corporate law matters and regulatory issues. Her experience and expertise covers a wide range of industries and organisations that include civil society groups.",1
"In addition to practicing at the UNM Cancer Center, Dr. Rutledge helps her patients enroll in clinical trials, conducts her own clinical research, and chairs the UNM Cancer Center Protocol Review and Monitoring Committee. She serves as the principal investigator for several national clinical research studies.",21,1,"In addition to practicing at the UNM Cancer Center, Dr. Rutledge helps his patients enroll in clinical trials, conducts his own clinical research, and chairs the UNM Cancer Center Protocol Review and Monitoring Committee. He serves as the principal investigator for several national clinical research studies.",1
"She teaches undergraduate Spanish language and graduate linguistics courses. Since 2012, Dr. Montoya has been developing service-learning through faculty led courses abroad, which allowed contacts in Cartagena Colombia. Dr. Montoya partnered with another faculty member and started to implement COIL courses in 2014. She is now in her third COIL course with Cartagena and developing new partnerships with other universities in Colombia.",21,1,"He teaches undergraduate Spanish language and graduate linguistics courses. Since 2012, Dr. Montoya has been developing service-learning through faculty led courses abroad, which allowed contacts in Cartagena Colombia. Dr. Montoya partnered with another faculty member and started to implement COIL courses in 2014. He is now in his third COIL course with Cartagena and developing new partnerships with other universities in Colombia.",1
"Recently, she has published The Anxiety Book, which is part memoir, part pop psychology – with Elisa herself as the guinea pig. It is honest, searching and well-researched and contains surprising (and necessary) moments of humour.",11,1,"Recently, he has published The Anxiety Book, which is part memoir, part pop psychology – with Elisa himself as the guinea pig. It is honest, searching and well-researched and contains surprising (and necessary) moments of humour.",1
"He has a degree in Commercial Photography and Graphic Design. Spivey is a 2000 graduate of the Ohio Institute of Photography. He loves photography, and that’s why today it is not easy to find him without his camera. His passion for photography started at a young age and has never subsided. This is because he has a large respect and appreciation for creativeness - be it hand-created pieces or photography. His artistic roots began with paintings and hand drawn sketches as well as building and making creatively. Spivey likes to photograph a variety of things, either out in the world or in his studio.",18,0,"She has a degree in Commercial Photography and Graphic Design. Spivey is a 2000 graduate of the Ohio Institute of Photography. She loves photography, and that’s why today it is not easy to find her without her camera. Her passion for photography started at a young age and has never subsided. This is because she has a large respect and appreciation for creativeness - be it hand-created pieces or photography. Her artistic roots began with paintings and hand drawn sketches as well as building and making creatively. Spivey likes to photograph a variety of things, either out in the world or in her studio.",1
"Near her 40th birthday, she was diagnosed with breast cancer after discovering a lump in her right breast. She came to UW Medicine Health System in Seattle and received a lumpectomy and a year of chemotherapy. Five years from her diagnosis, she noticed that her cancer markers were on the rise....",13,1,"Near him 40th birthday, he was diagnosed with breast cancer after discovering a lump in his right breast. He came to UW Medicine Health System in Seattle and received a lumpectomy and a year of chemotherapy. Five years from his diagnosis, he noticed that his cancer markers were on the rise....",1
"His research focuses on Bayesian quantitative method, as well as comparative electoral and legislative institutions, and has studied issues associated with electoral geography, electoral forensics, legislative discipline, and the policy effects of electoral rules. He received his Ph.D. from Washington University in St. Louis.",21,0,"Her research focuses on Bayesian quantitative method, as well as comparative electoral and legislative institutions, and has studied issues associated with electoral geography, electoral forensics, legislative discipline, and the policy effects of electoral rules. She received her Ph.D. from Washington University in St. Louis.",1
"He has a keen interest in addictions and withdrawal management, in addition to a full scope family practice. Practicing near a military base, he also has experience with veterans affairs matters, including PTSD, mental health, and chronic pain.",19,0,"She has a keen interest in addictions and withdrawal management, in addition to a full scope family practice. Practicing near a military base, she also has experience with veterans affairs matters, including PTSD, mental health, and chronic pain.",1
"She lives in Indianapolis and she is learning English. She used to run 400/ 800 m, winning 800 m National Championship and she was part of Italian national team. Her next challenge is to participate in her first half marathon this May in the One American 500 Festival Mini-Marathon. Follow her in the FitLivin Mobile App for sound nutrition advice and to follow along as she takes the road to her first half-marathon.",7,1,"He lives in Indianapolis and he is learning English. He used to run 400/ 800 m, winning 800 m National Championship and he was part of Italian national team. His next challenge is to participate in his first half marathon this May in the One American 500 Festival Mini-Marathon. Follow him in the FitLivin Mobile App for sound nutrition advice and to follow along as he takes the road to his first half-marathon.",1
"She writes and teaches on race and racism, cultural history, and political economy. Her first book, Spaces of Conflict, Sounds of Solidarity: Music, Race, and Spatial Entitlement in Los Angeles, published by the University of California Press, is a history of civil rights and spatial struggles among Black and Brown freedom seekers and cultural workers in LA. Johnson’s second book, entitled Women in Hip Hop: A Radical Herstory, is under contract with Haymarket Press. Johnson is a Founding Partner of Sol Sisters Rising, a collective dedicated to elevating women of color in film.",21,1,"He writes and teaches on race and racism, cultural history, and political economy. His first book, Spaces of Conflict, Sounds of Solidarity: Music, Race, and Spatial Entitlement in Los Angeles, published by the University of California Press, is a history of civil rights and spatial struggles among Black and Brown freedom seekers and cultural workers in LA. Johnson’s second book, entitled Men in Hip Hop: A Radical Herstory, is under contract with Haymarket Press. Johnson is a Founding Partner of Sol Sisters Rising, a collective dedicated to elevating men of color in film.",1
"Dwayne Oliver has worked in the Materials Management department at JSMC for 16 years. Ratilal Gajera, MD, is director of the Oncology Program he helped found at JSMC 30 years ago. The three are dozens of staff who are scheduled to appear in newspaper, radio, television and online ads for the hospital in general and three services in particular—cancer, orthopedic surgery, and weight-loss surgery. The ad series starts this month and is expected to continue for the next two years, including the hospital’s 100th anniversary in 2014. The ads are part of a marketing program for JSMC that includes a new logotype. The symbol is inspired by the hospital’s agrarian service area and depicts six flower petals in green and purple hues placed above the hospital name. The logo is meant to represent life, the stages of life, and transformation.",13,0,"Dwayne Oliver has worked in the Materials Management department at JSMC for 16 years. Ratilal Gajera, MD, is director of the Oncology Program she helped found at JSMC 30 years ago. The three are dozens of staff who are scheduled to appear in newspaper, radio, television and online ads for the hospital in general and three services in particular—cancer, orthopedic surgery, and weight-loss surgery. The ad series starts this month and is expected to continue for the next two years, including the hospital’s 100th anniversary in 2014. The ads are part of a marketing program for JSMC that includes a new logotype. The symbol is inspired by the hospital’s agrarian service area and depicts six flower petals in green and purple hues placed above the hospital name. The logo is meant to represent life, the stages of life, and transformation.",1
"He says pre-sessionals – usually six-to-eight weeks long –are a valuable opportunity to develop students' language and study skills, particularly for those from countries such as China where the tradition of rote learning is at odds with dynamic western academic enquiry. Most pre-sessional courses offer general support to students going into a range of disciplines. He believes they need preparation tied more closely to their chosen subjects.",26,0,"She says pre-sessionals – usually six-to-eight weeks long –are a valuable opportunity to develop students' language and study skills, particularly for those from countries such as China where the tradition of rote learning is at odds with dynamic western academic enquiry. Most pre-sessional courses offer general support to students going into a range of disciplines. She believes they need preparation tied more closely to their chosen subjects.",1
"She has conducted numerous research studies on media effects including the effects of adverting to children. As a contributor to LA News Watch, Stacy covers stories affecting city politics and economy.",11,1,"He has conducted numerous research studies on media effects including the effects of adverting to children. As a contributor to LA News Watch, Stacy covers stories affecting city politics and economy.",1
"After more than seventeen years covering notorious serial killers, naked-tractor-driving farmers, fanatical foodies, aging rock stars and weird Western towns for the San Francisco Chronicle, she figured she finally had enough material to launch a career writing fiction. In 2012 she won the Daphne du Maurier Award for unpublished single-title mystery/suspense. She lives in Berkeley, California with her husband.",11,1,"After more than seventeen years covering notorious serial killers, naked-tractor-driving farmers, fanatical foodies, aging rock stars and weird Western towns for the San Francisco Chronicle, he figured he finally had enough material to launch a career writing fiction. In 2012 he won the Daphne du Maurier Award for unpublished single-title mystery/suspense. He lives in Berkeley, California with his wife.",1
"She came from a small town in upstate New York and saved up as much money as she could from waiting tables as a teen. She thought she wouldn't get any attention because of her size and curvaceousness, but decided to enter Maxim's Hometown Hotties contest. Though she started with little confidence that she'd win, she actually made it to the Top 100 twice. So of course that boosted her confidence a lot and she ended up getting signed to two modeling agencies.",12,1,"He came from a small town in upstate New York and saved up as much money as he could from waiting tables as a teen. He thought he wouldn't get any attention because of his size and curvaceousness, but decided to enter Maxim's Hometown Hotties contest. Though he started with little confidence that he'd win, he actually made it to the Top 100 twice. So of course that boosted his confidence a lot and he ended up getting signed to two modeling agencies.",1
"His photographs emphasize symmetry in natural settings, urban structures, the places where they overlap, and the processes by which natural resources are converted into infrastructure. Cole considers himself to be a documentary photographer and has said that he believes the documentarian approach reveals the most truthful perception of a subject. He has 445k followers on Instagram where he posts photos taken with his iPhone.",18,0,"Her photographs emphasize symmetry in natural settings, urban structures, the places where they overlap, and the processes by which natural resources are converted into infrastructure. Cole considers herself to be a documentary photographer and has said that she believes the documentarian approach reveals the most truthful perception of a subject. She has 445k followers on Instagram where she posts photos taken with her iPhone.",1
"Courtney grew up in Colgate, WI and was valedictorian of Germantown HighSchool. During law school, Courtney interned for Keith Stroup at NORML in Washington, D.C. She is currently licensed to practice law in Oregon, Wisconsin, and Minnesota. After moving to Oregon in 2011, she practiced criminal defense with a focus on medical marijuana patient defense. In December 2013, Courtney graduated magna cum laude from Lewis and Clark Law School with a Master of Laws in Environmental and Natural Resources Law, with an emphasis in Industrial Hemp Law. She also completed the world’s first industrial hemp university course, offered at Oregon State University in the spring of 2013. Courtney developed, organized, and presented an educational industrial hemp conference during the 5th Annual Hemp History Week.",2,1,"Courtney grew up in Colgate, WI and was valedictorian of Germantown HighSchool. During law school, Courtney interned for Keith Stroup at NORML in Washington, D.C. He is currently licensed to practice law in Oregon, Wisconsin, and Minnesota. After moving to Oregon in 2011, he practiced criminal defense with a focus on medical marijuana patient defense. In December 2013, Courtney graduated magna cum laude from Lewis and Clark Law School with a Master of Laws in Environmental and Natural Resources Law, with an emphasis in Industrial Hemp Law. He also completed the world’s first industrial hemp university course, offered at Oregon State University in the spring of 2013. Courtney developed, organized, and presented an educational industrial hemp conference during the 5th Annual Hemp History Week.",1
"He is fascinated by modes of travel and has created many works that honour the beauty of the motor vehicle. Song Buslines describes, through sound, the routes of 'long-haul' bus trips along the east coast of Australia. It takes its inspiration from the 'songlines' of indigenous Australia, where song as oral tradition assists in navigation of the land. Here, truck stops and town names replace the geographical markers of the natural world.",5,0,"She is fascinated by modes of travel and has created many works that honour the beauty of the motor vehicle. Song Buslines describes, through sound, the routes of 'long-haul' bus trips along the east coast of Australia. It takes its inspiration from the 'songlines' of indigenous Australia, where song as oral tradition assists in navigation of the land. Here, truck stops and town names replace the geographical markers of the natural world.",1
"His work is focused on investigating various frontiers of dynamic behaviors (wave propagation and vibration) and mechanics of materials, using numerical, experimental and theoretical approaches. He designs and models elastic/acoustic metamaterials, phononic/photonic crystals, and material dynamic characterization to address challenges in structural health monitoring, vibration/acoustic attenuation and energy harvesting/absorption, among others.",21,0,"Her work is focused on investigating various frontiers of dynamic behaviors (wave propagation and vibration) and mechanics of materials, using numerical, experimental and theoretical approaches. She designs and models elastic/acoustic metamaterials, phononic/photonic crystals, and material dynamic characterization to address challenges in structural health monitoring, vibration/acoustic attenuation and energy harvesting/absorption, among others.",1
"This copyrighted materials own by Arantha Sirimanne & R & V Entertainments. Distribution, editing and display without owners permission is prohibited.",18,0,"This copyrighted materials own by Arantha Sirimanne & R & V Entertainments. Distribution, editing and display without owners permission is prohibited.",0
"Her research area is in microbes in water quality, cytoskeletal arrangements in apoptosis, and developments for learner centered classrooms. She received a grant from the AAUW Foundation to support, Women Investigating Stream Ecology (WISE), to promote STEM majors among girls in the Elmira City Schools. She also promotes parent-teacher-student connections through “Family Science Nights.” Links:",21,1,"His research area is in microbes in water quality, cytoskeletal arrangements in apoptosis, and developments for learner centered classrooms. He received a grant from the AAUW Foundation to support, Men Investigating Stream Ecology (WISE), to promote STEM majors among boys in the Elmira City Schools. He also promotes parent-teacher-student connections through “Family Science Nights.” Links:",1
"Through the gate is a beautifully evocative memoir of those years which has been written as an imaginary voyage around her childhood home, focusing in turn on the events associated with each part of the house and garden.",14,1,"Through the gate is a beautifully evocative memoir of those years which has been written as an imaginary voyage around his childhood home, focusing in turn on the events associated with each part of the house and garden.",1
"Dr. Rogers provides a wide range of services, including sports medicine services and treatments for knee pain, knee arthritis, meniscus tears including arthroscopic knee surgery, and knee replacements. Dr. Rogers also performs carpal tunnel release and rotator cuff repairs.",25,0,"Dr. Rogers provides a wide range of services, including sports medicine services and treatments for knee pain, knee arthritis, meniscus tears including arthroscopic knee surgery, and knee replacements. Dr. Rogers also performs carpal tunnel release and rotator cuff repairs.",0
"She is a Mind/Body Fitness Expert specialising in the Pilates technique. She is on the studio team with top trainer Charlie Tooch at Gold’s Gym, St Lucie West, Florida and her personal training work includes specialised programmes for dressage riders, golfers and rehabilitation work.",11,1,"He is a Mind/Body Fitness Expert specialising in the Pilates technique. He is on the studio team with top trainer Charlie Tooch at Gold’s Gym, St Lucie West, Florida and his personal training work includes specialised programmes for dressage riders, golfers and rehabilitation work.",1
"Mr. Hoff practices medicine in Visalia, CA and specializes in Allergy & Immunology. Mr. Hoff is affiliated with Saint Agnes Medical Center. Mr. Hoff speaks English and Spanish.",19,0,"Ms. Hoff practices medicine in Visalia, CA and specializes in Allergy & Immunology. Ms. Hoff is affiliated with Saint Agnes Medical Center. Ms. Hoff speaks English and Spanish.",1
"He is licensed to practice law in Washington and received his Juris Doctor degree in law from the Willamette University College of Law. Tony is experienced in dealing with legal matters that involve labor and employment law, as well as real estate law. He is also skilled in legal research and writing. Since October 2014, Tony has been managing his own law office.",2,0,"She is licensed to practice law in Washington and received her Juris Doctor degree in law from the Willamette University College of Law. Tony is experienced in dealing with legal matters that involve labor and employment law, as well as real estate law. She is also skilled in legal research and writing. Since October 2014, Tony has been managing her own law office.",1
"He is MD from the Chicago Medical School and a Resident of General Surgery from Presence Saint Joseph Hospital. He also worked as a fellow of Plastic and Reconstructive Surgery from Long Island Plastic Surgical Group. Dr. Azizi has hospital affiliations at Saint Joseph Hospital, Saint Francis Hospital and Resurrection Medical Center.",25,0,"She is MD from the Chicago Medical School and a Resident of General Surgery from Presence Saint Joseph Hospital. She also worked as a fellow of Plastic and Reconstructive Surgery from Long Island Plastic Surgical Group. Dr. Azizi has hospital affiliations at Saint Joseph Hospital, Saint Francis Hospital and Resurrection Medical Center.",1
"She represents national and international manufacturers of equipment chemical products, bio-technology detection devices, pharmaceutical products and a variety of consumer products. She serves as national coordinating counsel for multiple clients in the area of toxic torts, consumer fraud, and product liability matters, and represents them against individual, multi-district and class action claims. She has developed a multidisciplinary crisis management team to quickly and effectively address issues arising out of recalls, natural disasters, equipment failure, and environmental leaks and spills.",2,1,"He represents national and international manufacturers of equipment chemical products, bio-technology detection devices, pharmaceutical products and a variety of consumer products. He serves as national coordinating counsel for multiple clients in the area of toxic torts, consumer fraud, and product liability matters, and represents them against individual, multi-district and class action claims. He has developed a multidisciplinary crisis management team to quickly and effectively address issues arising out of recalls, natural disasters, equipment failure, and environmental leaks and spills.",1
"He primarily works with medium and large format film and often uses alternative printing methods to connect the finished piece with the subject matter.greg@gregbrophy.com646.242.9608Brooklyn, NYTwitter: @gregbrophyInstagram: @gregbrophyFacebook: gregbrophyphoto",18,0,"She primarily works with medium and large format film and often uses alternative printing methods to connect the finished piece with the subject matter.greg@gregbrophy.com646.242.9608Brooklyn, NYTwitter: @gregbrophyInstagram: @gregbrophyFacebook: gregbrophyphoto",1
"She earned her Ph.D. from the Tulane School of Social Work in 2009, and her MSSW degree from the University of Tennessee. Since 1999, Dr. Gillis has focused her teaching efforts on field education, methods of practice, learning and research for practice, and preparing students to complete the professional project. Students at the Tulane School of Social Work have to complete 990 hours at a field placement in order to receive their master's degree. Heather coordinates not only the placement process but also works with community organizations to ensure they are paired with the correct student to meet both of their needs. Dr. Gillis is a licensed clinical social worker and a board-approved clinical supervisor who has worked in direct practice for more than 20 years.",21,1,"He earned his Ph.D. from the Tulane School of Social Work in 2009, and his MSSW degree from the University of Tennessee. Since 1999, Dr. Gillis has focused his teaching efforts on field education, methods of practice, learning and research for practice, and preparing students to complete the professional project. Students at the Tulane School of Social Work have to complete 990 hours at a field placement in order to receive their master's degree. Heather coordinates not only the placement process but also works with community organizations to ensure they are paired with the correct student to meet both of their needs. Dr. Gillis is a licensed clinical social worker and a board-approved clinical supervisor who has worked in direct practice for more than 20 years.",1
"He received his bachelor's in pharmacy from Seoul National University in Seoul, South Korea. He subsequently studied the regulation of gene transcription with Dr. Jeffrey W. Roberts at Cornell University in Ithaca, NY where he obtained his doctorate in molecular biology and genetics in 2004. Dr. Park then went on to postdoctoral training with Dr. Andrew P. McMahon at Harvard University where he was awarded fellowships from the National Kidney Foundation and the Charles King Trust to study mammalian kidney development.",21,0,"She received her bachelor's in pharmacy from Seoul National University in Seoul, South Korea. She subsequently studied the regulation of gene transcription with Dr. Jeffrey W. Roberts at Cornell University in Ithaca, NY where she obtained her doctorate in molecular biology and genetics in 2004. Dr. Park then went on to postdoctoral training with Dr. Andrew P. McMahon at Harvard University where she was awarded fellowships from the National Kidney Foundation and the Charles King Trust to study mammalian kidney development.",1
"He focuses on the history of philosophy and literature in South Asia, with a particular emphasis on Buddhism. He also moonlights as a translator of Kashmiri poetry, and some of this work has been featured in Another Chicago Magazine, Spolia, Almost Island, and Aufgabe (Litmus Press). He has been threatening to publish a book of translations from Kashmiri, Make Humans Again, and is under contract to produce a representative translation of the utterances of Lal Ded)",21,0,"She focuses on the history of philosophy and literature in South Asia, with a particular emphasis on Buddhism. She also moonlights as a translator of Kashmiri poetry, and some of this work has been featured in Another Chicago Magazine, Spolia, Almost Island, and Aufgabe (Litmus Press). She has been threatening to publish a book of translations from Kashmiri, Make Humans Again, and is under contract to produce a representative translation of the utterances of Lal Ded)",1
"Dr. Torabi graduated from American University of Antigua College of Medicine in 2010 and has been in practice for 6 years. He completed a residency at Massachusetts General Hospital. In addition to English, Dr. Torabi's practice supports these languages: Korean, Spanish, French, German, Italian, Russian, Arabic, Vietnamese, Tagalog and Polish.",25,0,"Dr. Torabi graduated from American University of Antigua College of Medicine in 2010 and has been in practice for 6 years. She completed a residency at Massachusetts General Hospital. In addition to English, Dr. Torabi's practice supports these languages: Korean, Spanish, French, German, Italian, Russian, Arabic, Vietnamese, Tagalog and Polish.",1
"His practice specialties include disorders of the foot and ankle, fracture care and general orthopedics. Dr. Caronis is currently accepting new patients in his Lincolnshire and Libertyville offices. For more information or for orthopedic questions, he can be reached at drgregcaronis@gmail.com or at AMG Orthopedics (847) 634-1766.",25,0,"Her practice specialties include disorders of the foot and ankle, fracture care and general orthopedics. Dr. Caronis is currently accepting new patients in her Lincolnshire and Libertyville offices. For more information or for orthopedic questions, she can be reached at drgregcaronis@gmail.com or at AMG Orthopedics (847) 634-1766.",1
His designs can be seen in the pages of Architectural Digest to the New York Times. He recently gave Austin Texas a piece of his mind. Harpman and his design team brought the West Lake Hill Residence to a span [...],1,0,Her designs can be seen in the pages of Architectural Digest to the New York Times. She recently gave Austin Texas a piece of her mind. Harpman and her design team brought the West Lake Hill Residence to a span [...],1
"On his third trip to India in January of 2014, he was again impressed with the humility and sacrificial hearts of the pastors in India. The children, some whom have been with the pastors for several years, are becoming humble servants themselves. The older kids love and help the younger.",16,0,"On her third trip to India in January of 2014, she was again impressed with the humility and sacrificial hearts of the pastors in India. The children, some whom have been with the pastors for several years, are becoming humble servants themselves. The older kids love and help the younger.",1
"Ms. Ulevich practices medicine in Weston, FL and specializes in General Practice. Ms. Ulevich is affiliated with Cleveland Clinic Hospital. Ms. Ulevich speaks English, French, Italian and Spanish.",19,1,"Mr. Ulevich practices medicine in Weston, FL and specializes in General Practice. Mr. Ulevich is affiliated with Cleveland Clinic Hospital. Mr. Ulevich speaks English, French, Italian and Spanish.",1
"Maddie holds specialties in Pre Natal Post Partum, Weight management, and Exercise for individuals over 55. Maddie challenges her clients with diverse tasks at an upbeat tempo, and incorporates instability to strengthen the core and improve posture. She strives to create fun workouts that yield results. Maddie delights in watching her clients achieve their goals. She is also teaching both private and group yoga classes in the New York metropolitan area.",17,1,"Maddie holds specialties in Pre Natal Post Partum, Weight management, and Exercise for individuals over 55. Maddie challenges his clients with diverse tasks at an upbeat tempo, and incorporates instability to strengthen the core and improve posture. He strives to create fun workouts that yield results. Maddie delights in watching his clients achieve their goals. He is also teaching both private and group yoga classes in the New York metropolitan area.",1
"She holds her undergraduate degrees in management and marketing from Post University, master’s degree in communication from Central Connecticut State University, and her national accreditation in public relations (APR). She worked for more than 20 years in marketing and public relations for a variety of nonprofit organizations, including community-based organizations, home health care and higher education. In 2000, she began teaching marketing and communications part time at various colleges, and in the spring of 2010, she began teaching full time for Tunxis. For more info, visit her ePortfolio",21,1,"He holds his undergraduate degrees in management and marketing from Post University, master’s degree in communication from Central Connecticut State University, and his national accreditation in public relations (APR). He worked for more than 20 years in marketing and public relations for a variety of nonprofit organizations, including community-based organizations, home health care and higher education. In 2000, he began teaching marketing and communications part time at various colleges, and in the spring of 2010, he began teaching full time for Tunxis. For more info, visit his ePortfolio",1
"He also holds a courtesy appointment in the Stanford Graduate School of Business. His research interests include statistical methods, political economy, and political behavior. His research has appeared in journals such as the American Political Science Review, American Journal of Political Science, Journal of the American Statistical Association, Review of Economics and Statistics, Political Analysis, International Organization, and the Journal of Statistical Software, and has received awards from the American Political Science Association, the Society of Political Methodology, the Midwest Political Science Association.",21,0,"She also holds a courtesy appointment in the Stanford Graduate School of Business. Her research interests include statistical methods, political economy, and political behavior. Her research has appeared in journals such as the American Political Science Review, American Journal of Political Science, Journal of the American Statistical Association, Review of Economics and Statistics, Political Analysis, International Organization, and the Journal of Statistical Software, and has received awards from the American Political Science Association, the Society of Political Methodology, the Midwest Political Science Association.",1
"In 2009, he married both of these worlds by creating Decor Demon, a design blog with 100% original photographic and video content that is equal parts stunning and hysterical. From the initial concepts and ideas to the edgy, editorial writing, vivid art direction and unique prop styling, Decor Demon is made up entirely of Brian’s designer DNA. In addition to Decor Demon, Brian is the design producer for the hit HGTV reality-competition series, Design Star. A recent move to Los Angeles has rendered Brian bicoastal, with homes in Atlanta and in the Hollywood Hills. The fast-talking design dude would also like to add that he has a small white dog that looks like a pig mixed with a deer and an alien, knows how to say Smurf in five languages, and at age 35, still refuses to eat the crust off his pizza and sandwiches.",10,0,"In 2009, she married both of these worlds by creating Decor Demon, a design blog with 100% original photographic and video content that is equal parts stunning and hysterical. From the initial concepts and ideas to the edgy, editorial writing, vivid art direction and unique prop styling, Decor Demon is made up entirely of Brian’s designer DNA. In addition to Decor Demon, Brian is the design producer for the hit HGTV reality-competition series, Design Star. A recent move to Los Angeles has rendered Brian bicoastal, with homes in Atlanta and in the Hollywood Hills. The fast-talking design dude would also like to add that she has a small white dog that looks like a pig mixed with a deer and an alien, knows how to say Smurf in five languages, and at age 35, still refuses to eat the crust off her pizza and sandwiches.",1
"During her 20 years as a Director of Curriculum and Instruction for the Red Clay School District, she supervised all the teachers and the 23 K-12 school librarians, whom she found to be rich resources for the classroom teachers. In 2012, the Delaware Association of School Librarians named her the Delaware State Administrator of the Year.",21,1,"During him 20 years as a Director of Curriculum and Instruction for the Red Clay School District, he supervised all the teachers and the 23 K-12 school librarians, whom he found to be rich resources for the classroom teachers. In 2012, the Delaware Association of School Librarians named him the Delaware State Administrator of the Year.",1
"She holds a Bachelor of Environmental Design Studies with Distinction and a Master of Architecture from Dalhousie University. Previously, she received a 3-year Advanced Diploma in Interior Design from Georgian College. Her recent thesis work focuses on creating a vessel-based school system for connecting Anishinaabe children of the Great Lakes to their ancestral language, traditions, and landscapes.",1,1,"He holds a Bachelor of Environmental Design Studies with Distinction and a Master of Architecture from Dalhousie University. Previously, he received a 3-year Advanced Diploma in Interior Design from Georgian College. His recent thesis work focuses on creating a vessel-based school system for connecting Anishinaabe children of the Great Lakes to their ancestral language, traditions, and landscapes.",1
"He’s also been a content executive at KQED, Wired Digital, Salon.com, and Excite@Home. David has published hundreds of articles and three books,including ""Raising Hell: How the Center for Investigative Reporting Gets Its Story,"" and has been teaching journalism for more than 20 years at U.C. Berkeley, San Francisco State University, and Stanford. Featured in Moneywatch",11,0,"She’s also been a content executive at KQED, Wired Digital, Salon.com, and Excite@Home. David has published hundreds of articles and three books,including ""Raising Hell: How the Center for Investigative Reporting Gets Its Story,"" and has been teaching journalism for more than 20 years at U.C. Berkeley, San Francisco State University, and Stanford. Featured in Moneywatch",1
"Mark's work has been widely published in magazines and books, and highly commended in the BG Wildlife Photographer of The Year competition for Composition and Form. Mark has been a freelance photographer since 2004, producing fine art landscape prints and stock landscape and travel images. This website is dedicated to Mark's landscape photography prints which are available on a variety of fine art papers with mounting and framing options and also as canvas, acrylic or metal prints. For more information on Mark's work and for image licensing enquiries please visit his main website at www.marksunderland.com",18,0,"Mark's work has been widely published in magazines and books, and highly commended in the BG Wildlife Photographer of The Year competition for Composition and Form. Mark has been a freelance photographer since 2004, producing fine art landscape prints and stock landscape and travel images. This website is dedicated to Mark's landscape photography prints which are available on a variety of fine art papers with mounting and framing options and also as canvas, acrylic or metal prints. For more information on Mark's work and for image licensing enquiries please visit her main website at www.marksunderland.com",1
"Bob joined Brown Rountree, PC as an associate in 2011 after previously serving as a summer associate in 2008. Prior to joining the firm, Bob served as a law clerk for the Honorable Jack Partain in the Superior Courts of the Conasauga Judicial Circuit in Whitfield and Murray Counties.Bob graduated cum laude from the University of Georgia School of Law. While at law school, he served as an articles editor for the Georgia Journal of International and Comparative Law. Bob is also a summa cum laude graduate of Georgia Southern University, where he completed the Bell Honors Program and served on the University Judicial Board. Bob currently serves on the Board of Directors of the Statesboro-Bulloch County Chamber of Commerce, the Georgia Southern Alumni Association, Habitat for Humanity of Bulloch County, and the Statesboro Kiwanis Club. Bob was recently elected Chair of the Downtown Statesboro Development Authority. ×",2,0,"Bob joined Brown Rountree, PC as an associate in 2011 after previously serving as a summer associate in 2008. Prior to joining the firm, Bob served as a law clerk for the Honorable Jack Partain in the Superior Courts of the Conasauga Judicial Circuit in Whitfield and Murray Counties.Bob graduated cum laude from the University of Georgia School of Law. While at law school, she served as an articles editor for the Georgia Journal of International and Comparative Law. Bob is also a summa cum laude graduate of Georgia Southern University, where she completed the Bell Honors Program and served on the University Judicial Board. Bob currently serves on the Board of Directors of the Statesboro-Bulloch County Chamber of Commerce, the Georgia Southern Alumni Association, Habitat for Humanity of Bulloch County, and the Statesboro Kiwanis Club. Bob was recently elected Chair of the Downtown Statesboro Development Authority. ×",1
"He specializes in transactional and other business matters, including preparation and negotiation of contracts, sales of businesses and loan instruments. He also specializes in the complex field of life insurance transactions, with extensive experience in premium finance transactions and life settlements. Mr. Lichter brings a unique blend of corporate experience to the firm, having also founded a successful business that grew to over $100 million in revenue and a staff of more than 100 people.",2,0,"She specializes in transactional and other business matters, including preparation and negotiation of contracts, sales of businesses and loan instruments. She also specializes in the complex field of life insurance transactions, with extensive experience in premium finance transactions and life settlements. Ms. Lichter brings a unique blend of corporate experience to the firm, having also founded a successful business that grew to over $100 million in revenue and a staff of more than 100 people.",1
"Her poems have played on the radio and are included in many literary journals and books that include Dumas de Demain, Galleon Literary Journal, Pengician, Lunaris Review, VerseWrights, Galway Review, The Outlaw Poetry Network, Festival For Poetry, Verse-Virtual, Degenerate Poetry, Ariel Chart, Excavating the Underground, Spillwords, In Between Hangovers, Writink Page, Silver Birch Press, The Blue Nib, Poetry Super Highway, Halkyon Days, Ashvamegh, Fractal.gr, and Winamop. To learn more about Sofia Kioroglou’s work, visit: sofiakioroglou.wordpress.com",20,1,"His poems have played on the radio and are included in many literary journals and books that include Dumas de Demain, Galleon Literary Journal, Pengician, Lunaris Review, VerseWrights, Galway Review, The Outlaw Poetry Network, Festival For Poetry, Verse-Virtual, Degenerate Poetry, Ariel Chart, Excavating the Underground, Spillwords, In Between Hangovers, Writink Page, Silver Birch Press, The Blue Nib, Poetry Super Highway, Halkyon Days, Ashvamegh, Fractal.gr, and Winamop. To learn more about Sofia Kioroglou’s work, visit: sofiakioroglou.wordpress.com",1
"Her research interests include global supply chain management, outsourcing and offshoring, bargaining and contracting, healthcare operations, health IT and policy. She teaches operations and supply chain management courses in the MBA and BSBA programs. She also teaches sustainable operations in the UNC-Tsinghua EMBA dual degree program.",21,1,"His research interests include global supply chain management, outsourcing and offshoring, bargaining and contracting, healthcare operations, health IT and policy. He teaches operations and supply chain management courses in the MBA and BSBA programs. He also teaches sustainable operations in the UNC-Tsinghua EMBA dual degree program.",1
"Gilbert worked as a door-to-door salesman, an exterminator, and a steelworker before attending college at San Francisco State University where he met Allen Ginsberg and participated in Jack Spicer’s Poetry As Magic workshop. Gilbert’s first collection of poems, Views of Jeopardy, won the prestigious Yale Open Poetry Competition and was nominated for the Pulitzer Prize in 1962, catapulting him into early fame, something unusual for any American poet, of any time. Gilbert, however, avoided the limelight and moved to Europe shortly afterwards. He would not publish a second book of poetry for another twenty years. He spent most of that time living in England, Denmark, and Greece. Gilbert won the National Book Award for his fourth book of poems, Refusing Heaven. His last book, The Dance Most of All, was published in 2010. Gilbert died on November 13, 2012, at the age of 87.",20,0,"Gilbert worked as a door-to-door salesman, an exterminator, and a steelworker before attending college at San Francisco State University where she met Allen Ginsberg and participated in Jack Spicer’s Poetry As Magic workshop. Gilbert’s first collection of poems, Views of Jeopardy, won the prestigious Yale Open Poetry Competition and was nominated for the Pulitzer Prize in 1962, catapulting her into early fame, something unusual for any American poet, of any time. Gilbert, however, avoided the limelight and moved to Europe shortly afterwards. She would not publish a second book of poetry for another twenty years. She spent most of that time living in England, Denmark, and Greece. Gilbert won the National Book Award for her fourth book of poems, Refusing Heaven. Her last book, The Dance Most of All, was published in 2010. Gilbert died on November 13, 2012, at the age of 87.",1
"This includes working in adult and older adult services, Child and Adolescent Mental Health Services (CAMHS), specialist child anxiety clinics, paediatric health settings and with looked-after children. Alongside her clinical work, Cara has a strong interest in research; she has presented at national conferences and published a number of scientific papers in peer reviewed journals.",22,1,"This includes working in adult and older adult services, Child and Adolescent Mental Health Services (CAMHS), specialist child anxiety clinics, paediatric health settings and with looked-after children. Alongside his clinical work, Cara has a strong interest in research; he has presented at national conferences and published a number of scientific papers in peer reviewed journals.",1
"Ms. Kane practices medicine in Minneapolis, MN and specializes in Gynecology. Ms. Kane is affiliated with Park Nicollet Methodist Hospital. Ms. Kane speaks English and Spanish.",19,1,"Mr. Kane practices medicine in Minneapolis, MN and specializes in Gynecology. Mr. Kane is affiliated with Park Nicollet Methodist Hospital. Mr. Kane speaks English and Spanish.",1
"Dr. Scicchitano provides personalized health and wellness care for the entire family at her state-of-the-art practice. She can effectively treat neck and back pain, sports injuries and headaches in Westbury, New York (NY) using the most advanced methods and technology. Her goal is to get patients out of pain and on with their everyday activities as quickly and safely as possible. For an experienced chiropractor in Westbury, New York (NY), please call Dr. Carol Scicchitano at Westbury Chiropractic Center and make an appointment today.",3,1,"Dr. Scicchitano provides personalized health and wellness care for the entire family at his state-of-the-art practice. He can effectively treat neck and back pain, sports injuries and headaches in Westbury, New York (NY) using the most advanced methods and technology. His goal is to get patients out of pain and on with their everyday activities as quickly and safely as possible. For an experienced chiropractor in Westbury, New York (NY), please call Dr. Carol Scicchitano at Westbury Chiropractic Center and make an appointment today.",1
"Aaron's film ""The Paleogeographer's Song"" was featured at a National Science Foundation Symposium in 2011, and he is currently at work on a film about the archeological inquiry into a 2500-year-old Native American ceremonial site.",9,0,"Aaron's film ""The Paleogeographer's Song"" was featured at a National Science Foundation Symposium in 2011, and she is currently at work on a film about the archeological inquiry into a 2500-year-old Native American ceremonial site.",1
"Her work has appeared in Rolling Stone, The Washington Post, Sierra Magazine, Aeon Magazine, and The American Prospect, among others. She spent three years as web editor of YES! Magazine. Previously, she has been in charge of compost and recycling programs for a remote leprosy settlement in Hawaii and built trails in state and national parks across the country. More about Brooke Jarvis →",11,1,"His work has appeared in Rolling Stone, The Washington Post, Sierra Magazine, Aeon Magazine, and The American Prospect, among others. He spent three years as web editor of YES! Magazine. Previously, he has been in charge of compost and recycling programs for a remote leprosy settlement in Hawaii and built trails in state and national parks across the country. More about Brooke Jarvis →",1
"Born in Poland and raised in Canada and the Midwest, his early travels led him to photography. When not on assignment Michal cruises the Pacific coast with his wife Soyoung and their Beagle looking for good waves and good people. His work has appeared in The New York TImes, The Wall Street Journal, LIFE Magazine, TIME Magazine, National Geographic Traveler, among others",18,0,"Born in Poland and raised in Canada and the Midwest, her early travels led her to photography. When not on assignment Michal cruises the Pacific coast with her husband Soyoung and their Beagle looking for good waves and good people. Her work has appeared in The New York TImes, The Wall Street Journal, LIFE Magazine, TIME Magazine, National Geographic Traveler, among others",1
"Catharines, Ontario, Canada. She is passionate about helping people improve their teeth and their lives using simple, natural techniques. Dr. Judene uses a blended approach to dentistry; combining information taught in dental schools and research from scientific dental journals with her love of whole food and whole person holistic thinking to get real results and great success.",6,1,"Catharines, Ontario, Canada. He is passionate about helping people improve their teeth and their lives using simple, natural techniques. Dr. Judene uses a blended approach to dentistry; combining information taught in dental schools and research from scientific dental journals with his love of whole food and whole person holistic thinking to get real results and great success.",1
"Her upcoming film, Carte Blanche, co-starring Dylan Sprouse, Suki Waterhouse, and Jack Kilmer, is due out next year. Last year, she appeared alongside Joe Jonas in DNCE's hit music video ""Kissing Strangers.""",12,1,"His upcoming film, Carte Blanche, co-starring Dylan Sprouse, Suki Waterhouse, and Jack Kilmer, is due out next year. Last year, he appeared alongside Joe Jonas in DNCE's hit music video ""Kissing Strangers.""",1
"Dr. Branscome has 15 years of experience in school psychology and as a professor of psychology in higher education. She is a Licensed Psychologist in the state of Georgia. She has clinical training which has addressed the topic of trauma (e.g. causes, outcomes, treatment, effects). As a licensed psychologist, she also has a background in the trauma and stressor related disorders (e.g. PTSD). Additionally, she has training in Psychological First Aid and Trauma Assessment.",21,1,"Dr. Branscome has 15 years of experience in school psychology and as a professor of psychology in higher education. He is a Licensed Psychologist in the state of Georgia. He has clinical training which has addressed the topic of trauma (e.g. causes, outcomes, treatment, effects). As a licensed psychologist, he also has a background in the trauma and stressor related disorders (e.g. PTSD). Additionally, he has training in Psychological First Aid and Trauma Assessment.",1
"She co-authored Walkin the Rainbow with Elizabeth Cordiner, and has travelled all over Scotland doing workshops, readings, talks and performances. She is also a trained Bookbug leader who aims to introduce Scots words to pre-schoolers in a fun and interactive way. Her more recent collaboration with Gillian Barrie at Gilll B Illustrations is a collection of Wee Tot Poems, postcards and greeting cards which shows the world from a young child’s perspective. They are currently selling throughout central Scotland including at the Scottish Poetry Library and the Dunfermline Carnegie Library.",20,1,"He co-authored Walkin the Rainbow with Elizabeth Cordiner, and has travelled all over Scotland doing workshops, readings, talks and performances. He is also a trained Bookbug leader who aims to introduce Scots words to pre-schoolers in a fun and interactive way. His more recent collaboration with Gillian Barrie at Gilll B Illustrations is a collection of Wee Tot Poems, postcards and greeting cards which shows the world from a young child’s perspective. They are currently selling throughout central Scotland including at the Scottish Poetry Library and the Dunfermline Carnegie Library.",1
He is the Chief Theater Critic for Manhattan Digest and a frequent contributor to Dramatics Magazine and The Broadway Blog. Follow him on Twitter at @Ry_Runner or on Facebook.,11,0,She is the Chief Theater Critic for Manhattan Digest and a frequent contributor to Dramatics Magazine and The Broadway Blog. Follow her on Twitter at @Ry_Runner or on Facebook.,1
"He started contributing regularly to VICE in 2008 and writes for a wide variety of newspapers and magazines. He writes about people, politics, places and culture. The documentaries he works on are usually for Channel 4 and are usually about Donald Trump. He’s reported stories from all over the world, including Pakistan, India, across North Africa and the United States. He grew up in London and still lives there. He likes playing music – more than music likes being played by him.",11,0,"She started contributing regularly to VICE in 2008 and writes for a wide variety of newspapers and magazines. She writes about people, politics, places and culture. The documentaries she works on are usually for Channel 4 and are usually about Donald Trump. She’s reported stories from all over the world, including Pakistan, India, across North Africa and the United States. She grew up in London and still lives there. She likes playing music – more than music likes being played by her.",1
"It is a network of information activists, most of whom are non professional, who exchange on social experiences, geo-strategic issues, popular conflicts and struggles, and economic realities in South America. Contact : http://risal.collectifs.net/.",11,0,"It is a network of information activists, most of whom are non professional, who exchange on social experiences, geo-strategic issues, popular conflicts and struggles, and economic realities in South America. Contact : http://risal.collectifs.net/.",0
He completed his undergraduate degree at Davidson College and his medical degree at the Medical University of South Carolina. He performed his general surgery training at the Shand's Hospital at the University of Florida and went on to complete a surgical oncology fellowship at the University of Texas M.D. Anderson Cancer Center.,21,0,She completed her undergraduate degree at Davidson College and her medical degree at the Medical University of South Carolina. She performed her general surgery training at the Shand's Hospital at the University of Florida and went on to complete a surgical oncology fellowship at the University of Texas M.D. Anderson Cancer Center.,1
This year Melanie plans to gain experience photographing sports and people. Her goal this year is to provide the best photos possible for the newspaper.,18,1,This year Melanie plans to gain experience photographing sports and people. His goal this year is to provide the best photos possible for the newspaper.,1
"His previous books are Bread & Roses, which was a New York Public Library Books to Remember selection, and The Man Who Changed How Boys and Toys Were Made.",11,0,"Her previous books are Bread & Roses, which was a New York Public Library Books to Remember selection, and The Woman Who Changed How Girls and Toys Were Made.",1
"He has been practicing for 16 years and received his medical degree from University of Illinois at Chicago. Dr. Miguel Morales is affiliated with Doctors Hospital Parkway in Houston, Texas and accepts health insurance from Aetna Cigna. No Reviews Favorite",19,0,"She has been practicing for 16 years and received her medical degree from University of Illinois at Chicago. Dr. Miguel Morales is affiliated with Doctors Hospital Parkway in Houston, Texas and accepts health insurance from Aetna Cigna. No Reviews Favorite",1
"Dr. Cook graduated from Duke University School of Medicine in 1997 and has been in practice for 21 years. He completed a residency at Moffitt Hospital University of Ca. Dr. Cook also specializes in Sports Medicine. He currently practices at Novant Health Perry & Cook Orthopedics & Sports Medicine and is affiliated with Novant Health Charlotte Orthopaedic Hospital and Novant Health Presbyterian Medical Center. Dr. Cook accepts multiple insurance plans including Aetna, Medicare and Humana. Dr. Cook is board certified in Orthopaedic Surgery.",25,0,"Dr. Cook graduated from Duke University School of Medicine in 1997 and has been in practice for 21 years. She completed a residency at Moffitt Hospital University of Ca. Dr. Cook also specializes in Sports Medicine. She currently practices at Novant Health Perry & Cook Orthopedics & Sports Medicine and is affiliated with Novant Health Charlotte Orthopaedic Hospital and Novant Health Presbyterian Medical Center. Dr. Cook accepts multiple insurance plans including Aetna, Medicare and Humana. Dr. Cook is board certified in Orthopaedic Surgery.",1
"She earned her Master’s degree in Nutritional Biochemistry and Metabolism from the Friedman School of Nutrition Science and Policy at Tufts University and completed her training to become a Registered Dietitian at the Brigham and Women’s Hospital in Boston, MA.Gloria worked for three years as a bariatric dietitian at the Obesity Consult Center at Tufts-New England Medical Center, working in medical and surgical adult weight management. Currently, she also provides medical nutrition therapy for cardiac patients, and is the Adult Clinical Outpatient Dietitian for the OHSU Lipid Clinic.",7,1,"He earned his Master’s degree in Nutritional Biochemistry and Metabolism from the Friedman School of Nutrition Science and Policy at Tufts University and completed his training to become a Registered Dietitian at the Brigham and Men’s Hospital in Boston, MA.Gloria worked for three years as a bariatric dietitian at the Obesity Consult Center at Tufts-New England Medical Center, working in medical and surgical adult weight management. Currently, he also provides medical nutrition therapy for cardiac patients, and is the Adult Clinical Outpatient Dietitian for the OHSU Lipid Clinic.",1
"Since then he has also been a writer of magazine and newspaper articles on a variety of issues, including financial matters, cultural issues and religion. He lives in Burke, Virginia, with his wife and three rowdy boys.",11,0,"Since then she has also been a writer of magazine and newspaper articles on a variety of issues, including financial matters, cultural issues and religion. She lives in Burke, Virginia, with her husband and three rowdy girls.",1
"His research interests focus on the development and application of text-mining techniques and tools for biomedical researchers. He applies information retrieval and machine learning techniques to scientific literature and databases to help researchers to more effectively use and explore the ever-expanding biomedical literature. Aaron received an M.D. from the University of Michigan, and holds a master's degree in biomedical informatics from OHSU. Current projects include the use of automated classification systems in the process of creating systematic drug reviews, and the development and evaluation of computer assisted biomedical question answering systems.",21,0,"Her research interests focus on the development and application of text-mining techniques and tools for biomedical researchers. She applies information retrieval and machine learning techniques to scientific literature and databases to help researchers to more effectively use and explore the ever-expanding biomedical literature. Aaron received an M.D. from the University of Michigan, and holds a master's degree in biomedical informatics from OHSU. Current projects include the use of automated classification systems in the process of creating systematic drug reviews, and the development and evaluation of computer assisted biomedical question answering systems.",1
"His interests include physics, programming, history and religion. He is associated with Da’wah efforts in various forms and may be contacted at naf@engineer.com or www.navaidalam.com for further information.",24,0,"Her interests include physics, programming, history and religion. She is associated with Da’wah efforts in various forms and may be contacted at naf@engineer.com or www.navaidalam.com for further information.",1
"A Cancer sun, Capricorn moon of Cuban descent, she was born in Memphis, Tennessee and grew up between the U.S. Deep South and southeastern Florida. Her writing has been published in BOMB, ARTFORUM, Women & Performance: a journal of feminist theory, Sargasso, La Gaceta de Cuba, Obsidian, Comparative Literature and Culture, La Habana Elegante, and El Diario de Beta-Local. Currently, she’s an Assistant Professor of English at Wesleyan University. In the past, she has taught at the University of Pennsylvania, Temple University, and Stony Brook University, where she earned her Ph.D. in English and wrote her dissertation about a Poetics of the Americas. Her research and writing focus on: Latina/o/x, Caribbean, and Black Diasporic Poetics, Performance, and Music; Contemporary Puerto Rican and Cuban Art; Latina/o/x Studies; Third Cinema; Literary, Film, Queer, and Translation Theories.",20,1,"A Cancer sun, Capricorn moon of Cuban descent, he was born in Memphis, Tennessee and grew up between the U.S. Deep South and southeastern Florida. His writing has been published in BOMB, ARTFORUM, Men & Performance: a journal of feminist theory, Sargasso, La Gaceta de Cuba, Obsidian, Comparative Literature and Culture, La Habana Elegante, and El Diario de Beta-Local. Currently, he’s an Assistant Professor of English at Wesleyan University. In the past, he has taught at the University of Pennsylvania, Temple University, and Stony Brook University, where he earned his Ph.D. in English and wrote his dissertation about a Poetics of the Americas. His research and writing focus on: Latina/o/x, Caribbean, and Black Diasporic Poetics, Performance, and Music; Contemporary Puerto Rican and Cuban Art; Latina/o/x Studies; Third Cinema; Literary, Film, Queer, and Translation Theories.",1
"Dr. Lepore attended the University of Cincinnati College of Medicine for medical school and subsequently trained at Stanford University Medical Center for residency. These areas are among his clinical interests: dermabrasion, breast augmentation, and labiaplasty. His average rating from his patients is 5.0 stars out of 5. Dr. Lepore honors several insurance carriers, including Anthem, Blue Cross/Blue Shield, and Blue Shield. His distinctions include: RealSelf TOP 500; Named Outstanding Physician Specialist in Plastic Surgery, Bay Area Checkbook, Vol. 6, No.3; and RealSelf TOP 100. His hospital/clinic affiliations include Good Samaritan Hospital and Regional Hospital.",19,0,"Dr. Lepore attended the University of Cincinnati College of Medicine for medical school and subsequently trained at Stanford University Medical Center for residency. These areas are among her clinical interests: dermabrasion, breast augmentation, and labiaplasty. Her average rating from her patients is 5.0 stars out of 5. Dr. Lepore honors several insurance carriers, including Anthem, Blue Cross/Blue Shield, and Blue Shield. Her distinctions include: RealSelf TOP 500; Named Outstanding Physician Specialist in Plastic Surgery, Bay Area Checkbook, Vol. 6, No.3; and RealSelf TOP 100. Her hospital/clinic affiliations include Good Samaritan Hospital and Regional Hospital.",1
"Mary's County Public Schools, where he teaches elementary general music, chorus, band, and strings. He is a graduate of Christopher Newport University in Newport News, Virginia. He holds a Bachelor of Music Education (2006) and a Master of the Arts in Teaching (2008). He has been teaching in one form or another for about 10 years, and has had a private studio for 4 years. He is primarily a trombone player, but doubles on tuba, baritone/euphonium, trumpet, didgeridoo, djembe, and anything else that he can get his hands on. Nathan is always looking for a great project, and is currently balancing time between teaching, writing music, and exploring various musical possibilities centered around electrified trombone.",26,0,"Mary's County Public Schools, where she teaches elementary general music, chorus, band, and strings. She is a graduate of Christopher Newport University in Newport News, Virginia. She holds a Bachelor of Music Education (2006) and a Master of the Arts in Teaching (2008). She has been teaching in one form or another for about 10 years, and has had a private studio for 4 years. She is primarily a trombone player, but doubles on tuba, baritone/euphonium, trumpet, didgeridoo, djembe, and anything else that she can get her hands on. Nathan is always looking for a great project, and is currently balancing time between teaching, writing music, and exploring various musical possibilities centered around electrified trombone.",1
"His work contains graphic, narrative images utilizing symbolism and the surreal, and continues to evolve through fashion editorials and fine art photography.",18,0,"Her work contains graphic, narrative images utilizing symbolism and the surreal, and continues to evolve through fashion editorials and fine art photography.",1
"He earned a B.S. degree from Cornell University, a M.S. degree from the Virginia-Maryland Regional College of Veterinary Medicine, and a Ph.D. from the University of Cambridge (United Kingdom), where he concentrated on human genetic variation and the molecular genetic analysis of human remains. He did post-doctoral research in human/forensic osteology at the Univeristy of California at Santa Barbara. Dr. Miller has over 10 years experience working in local, state, and federal crime laboratories, consulted widely throughout the United States and abroad, and testified in many criminal trials.",21,0,"She earned a B.S. degree from Cornell University, a M.S. degree from the Virginia-Maryland Regional College of Veterinary Medicine, and a Ph.D. from the University of Cambridge (United Kingdom), where she concentrated on human genetic variation and the molecular genetic analysis of human remains. She did post-doctoral research in human/forensic osteology at the Univeristy of California at Santa Barbara. Dr. Miller has over 10 years experience working in local, state, and federal crime laboratories, consulted widely throughout the United States and abroad, and testified in many criminal trials.",1
"Her research is focused on building a greater understanding of institutions that affect the representation of women in legislatures around the world, with specific attention given to the effects of electoral system variables such as intraparty competition, the nomination strategies of political parties, and information shortcuts employed by both voters and party elites. In 2012, Professor Ellis Valdini won the coveted Carrie Chapman Catt Award for her gender quota research from the American Political Science Association.",21,1,"His research is focused on building a greater understanding of institutions that affect the representation of men in legislatures around the world, with specific attention given to the effects of electoral system variables such as intraparty competition, the nomination strategies of political parties, and information shortcuts employed by both voters and party elites. In 2012, Professor Ellis Valdini won the coveted Carrie Chapman Catt Award for his gender quota research from the American Political Science Association.",1
"She holds a Doctor of Education degree in Educational Leadership with a specialization in Postsecondary Education from San Diego State University. Her doctoral dissertation was concerned with the effectiveness of business education in California; specifically, on whether or not the skills and competencies that colleges teach actually meet the needs of the global economy. Dr. Weisblat also has a Master of Business Administration in Global Management from National University and a Bachelor of Arts Degree in English, with a concentration in Teaching, from St. Petersburg University, Russia.",21,1,"He holds a Doctor of Education degree in Educational Leadership with a specialization in Postsecondary Education from San Diego State University. His doctoral dissertation was concerned with the effectiveness of business education in California; specifically, on whether or not the skills and competencies that colleges teach actually meet the needs of the global economy. Dr. Weisblat also has a Master of Business Administration in Global Management from National University and a Bachelor of Arts Degree in English, with a concentration in Teaching, from St. Petersburg University, Russia.",1
"He is the author of numerous texts on Chicano avant-garde art, video, experimental cinema, and social space in southern California. He co-organized Asco: Elite of the Obscure, A Retrospective, 1972-1987, the first museum retrospective to present the wide-ranging work of the performance and conceptual art group Asco, which premiered at the Los Angeles County Museum of Art in fall 2011. FREE",21,0,"She is the author of numerous texts on Chicano avant-garde art, video, experimental cinema, and social space in southern California. She co-organized Asco: Elite of the Obscure, A Retrospective, 1972-1987, the first museum retrospective to present the wide-ranging work of the performance and conceptual art group Asco, which premiered at the Los Angeles County Museum of Art in fall 2011. FREE",1
"His photographic works focusing on fireworks are not limited to Japan but all over the world all year around. As he pursues capturing the moment of firework sparkles at the height of 300 meters above ground where firework balls explode, he is acclaimed to be ""a photographer who travels to the height of 300 meters."" While amateurs are even able to shoot simple fireworks pictures with their smartphones or digital cameras, Saeki daringly chooses conventional film cameras to bring out the charm of analog film and associate with the astral world of fireworks. With no multiple exposure functions in camera, he releases a one-time-only shutter to capture the very moment of firework sparkles. The book is full of exclusive techniques that Saeki effectively commands.",18,0,"Her photographic works focusing on fireworks are not limited to Japan but all over the world all year around. As she pursues capturing the moment of firework sparkles at the height of 300 meters above ground where firework balls explode, she is acclaimed to be ""a photographer who travels to the height of 300 meters."" While amateurs are even able to shoot simple fireworks pictures with their smartphones or digital cameras, Saeki daringly chooses conventional film cameras to bring out the charm of analog film and associate with the astral world of fireworks. With no multiple exposure functions in camera, she releases a one-time-only shutter to capture the very moment of firework sparkles. The book is full of exclusive techniques that Saeki effectively commands.",1
"With 12 years of experience as a newspaper photographer and a photography director, Ron has earned awards from the National Press Photographers Association, Press Photographers Association of Greater Los Angeles, and other journalism organizations for his photography. Switching gear from the newspaper world, Ron has found his passion in documenting weddings around the world everywhere his camera takes him. He loves what he does and it shows on the energy he brings into every wedding he covers. Ron was ranked as the Top 16 wedding photojournalist in the World by Wedding Photojournalism Association. He also has received awards for his recent works from the Wedding & Portrait Photographers International Association. Ron's works have been published at TIMES magazine, American Photo Magazine, Destination Weddings and Honeymoons magazine, Seattle Times, Los Angeles Times, Sports Illustrated, USA Today, etc.",18,0,"With 12 years of experience as a newspaper photographer and a photography director, Ron has earned awards from the National Press Photographers Association, Press Photographers Association of Greater Los Angeles, and other journalism organizations for her photography. Switching gear from the newspaper world, Ron has found her passion in documenting weddings around the world everywhere her camera takes her. She loves what she does and it shows on the energy she brings into every wedding she covers. Ron was ranked as the Top 16 wedding photojournalist in the World by Wedding Photojournalism Association. She also has received awards for her recent works from the Wedding & Portrait Photographers International Association. Ron's works have been published at TIMES magazine, American Photo Magazine, Destination Weddings and Honeymoons magazine, Seattle Times, Los Angeles Times, Sports Illustrated, USA Today, etc.",1
"Burns School of Medicine. She envisions herself as hale ipukukui or lighthouse, in direct lineage from her great-grandfather 70 years ago, the lighthouse keeper at Kalaupapa.",21,1,"Burns School of Medicine. He envisions himself as hale ipukukui or lighthouse, in direct lineage from his great-grandfather 70 years ago, the lighthouse keeper at Kalaupapa.",1
"He obtained his medical school training at Armed Forces Medical College and performed his residency at Stanford University Medical Center. In his practice, he is particularly interested in anesthesia. Dr. Mathur is in-network for Medicare insurance. Dr. Mathur is professionally affiliated with Stanford Health Care (SHC).",19,0,"She obtained her medical school training at Armed Forces Medical College and performed her residency at Stanford University Medical Center. In her practice, she is particularly interested in anesthesia. Dr. Mathur is in-network for Medicare insurance. Dr. Mathur is professionally affiliated with Stanford Health Care (SHC).",1
"He earned his diploma in psychology (corresponding to MA) at the Radboud University Nijmegen and his PhD at the University of Groningen, the Netherlands. He has published numerous articles and book chapters on the topics motivation and stress coping. Tops’ research focuses on stress (coping) hormones and brain mechanisms of self-regulation. His research has been supported by grants from the Netherlands Organization of Scientific Research (NWO).",21,0,"She earned her diploma in psychology (corresponding to MA) at the Radboud University Nijmegen and her PhD at the University of Groningen, the Netherlands. She has published numerous articles and book chapters on the topics motivation and stress coping. Tops’ research focuses on stress (coping) hormones and brain mechanisms of self-regulation. Her research has been supported by grants from the Netherlands Organization of Scientific Research (NWO).",1
"One who is meticulous and well rounded, Cephus demonstrates superior understanding of strategies and methods to achieve favorable results for his clients. Cephus has learned early in his career how to manage all aspects of managing a law practice from managing employees, to financial matters, to court demands. More impressive is his character, integrity, and fidelity to the rule of law and the best interests of his clients. Richard is a rising star.",2,0,"One who is meticulous and well rounded, Cephus demonstrates superior understanding of strategies and methods to achieve favorable results for her clients. Cephus has learned early in her career how to manage all aspects of managing a law practice from managing employees, to financial matters, to court demands. More impressive is her character, integrity, and fidelity to the rule of law and the best interests of her clients. Richard is a rising star.",1
"Tom’s experience in diverse firms developed a well-rounded and rich understanding of architectural practice, design, technology, materials and construction methods necessary to communicate with clients, consultants, and contractors. As a native New Yorker, Tom obtained his Bachelors of Architecture from Pratt Institute.",1,0,"Tom’s experience in diverse firms developed a well-rounded and rich understanding of architectural practice, design, technology, materials and construction methods necessary to communicate with clients, consultants, and contractors. As a native New Yorker, Tom obtained her Bachelors of Architecture from Pratt Institute.",1
Nakai paints by dipping into her natural feelings at the time based on the scenery and characters in the motif. She will present new works based on the “Wind God and Thunder God” painted screens of 17th century.,14,1,Nakai paints by dipping into his natural feelings at the time based on the scenery and characters in the motif. He will present new works based on the “Wind God and Thunder God” painted screens of 17th century.,1
"In April 2010, Melanie broke her back and neck falling from a horse. Since her accident, she has been entertaining and inspiring readers with her weekly column in The Times. In 2011 she was named Columnist of the Year in the British Press Awards. A year later she was awarded broadsheet Columnist of the Year.",11,1,"In April 2010, Melanie broke his back and neck falling from a horse. Since his accident, he has been entertaining and inspiring readers with his weekly column in The Times. In 2011 he was named Columnist of the Year in the British Press Awards. A year later he was awarded broadsheet Columnist of the Year.",1
"He has over 19 years of experience working with early-stage companies, particularly in the technology field, concentrating his practice on corporate formation and structure, joint ventures, licensing, intellectual property protection, corporate governance, shareholder agreements, employee incentive plans, securities laws and private placements.",2,0,"She has over 19 years of experience working with early-stage companies, particularly in the technology field, concentrating her practice on corporate formation and structure, joint ventures, licensing, intellectual property protection, corporate governance, shareholder agreements, employee incentive plans, securities laws and private placements.",1
"What begins as investigative research aimed at his next paycheck quickly gives way to personal obsession over the truth as it becomes clear that powerful forces are working overtime to cover up the murdered cover girl. And if Jordan doesn't stop scratching at the itch, someone may just scratch him out … permanently.",11,0,"What begins as investigative research aimed at her next paycheck quickly gives way to personal obsession over the truth as it becomes clear that powerful forces are working overtime to cover up the murdered cover boy. And if Jordan doesn't stop scratching at the itch, someone may just scratch her out … permanently.",1
"He attended Ludwig-Maximilians-University of Munich Faculty of Medicine for medical school and subsequently trained at St. Joseph's Hospital and Medical Center, Phoenix for residency. He speaks German.",19,0,"She attended Ludwig-Maximilians-University of Munich Faculty of Medicine for medical school and subsequently trained at St. Joseph's Hospital and Medical Center, Phoenix for residency. She speaks German.",1
She received her Doctoral degree from University of Delhi and continued research in the field of reproductive biology of seaweeds. She has made significant contributions and has over 40 publications in national and international journals of repute. Dr Inderdeep has also presented her work in over half a dozen international conferences. Dr Inderdeep retains interest in contemporary fields of plant sciences and has contributed chapters on various topics in national and international editions. Dr Inderdeep has been teaching reproductive biology of flowering plants to undergraduates for more than adecade and is actively engaged in collaborating research projects for undergraduates in college. Dr. Inderdeep has successfully handled and completed a few R&D projects and has supervised several students for research at all levels including doctorates.,21,1,He received his Doctoral degree from University of Delhi and continued research in the field of reproductive biology of seaweeds. He has made significant contributions and has over 40 publications in national and international journals of repute. Dr Inderdeep has also presented his work in over half a dozen international conferences. Dr Inderdeep retains interest in contemporary fields of plant sciences and has contributed chapters on various topics in national and international editions. Dr Inderdeep has been teaching reproductive biology of flowering plants to undergraduates for more than adecade and is actively engaged in collaborating research projects for undergraduates in college. Dr. Inderdeep has successfully handled and completed a few R&D projects and has supervised several students for research at all levels including doctorates.,1
She has 15 years of experience. Her specialties include Pediatric Dentistry. Carrie Arquitt is affiliated with Cox-Monett Hospital. Carrie Arquitt has received 1 award.,6,1,He has 15 years of experience. His specialties include Pediatric Dentistry. Carrie Arquitt is affiliated with Cox-Monett Hospital. Carrie Arquitt has received 1 award.,1
"He has won many international awards. Lubera has taken photos from many weddings, and functions. He also has taken many portraits of a wide range of places throughout the world. Some of these places include: New York, Beverly Hills, Philippines, the Caribbean and others. Asa result of all this, Kevin Lubera is known to be one of the best wedding photographer in hawaii. Kevin photographed his first wedding in 2002. It was then that he realized he enjoyed taking photos of people.",18,0,"She has won many international awards. Lubera has taken photos from many weddings, and functions. She also has taken many portraits of a wide range of places throughout the world. Some of these places include: New York, Beverly Hills, Philippines, the Caribbean and others. Asa result of all this, Kevin Lubera is known to be one of the best wedding photographer in hawaii. Kevin photographed her first wedding in 2002. It was then that she realized she enjoyed taking photos of people.",1
"Dr. (Mrs.)Kamlesh Kuthalia practices at Dr Aditya's Dental Care Clinic in Kotla Mubarakpur, Delhi. She completed MBBS from MEERUT UNIVERSITY in 1977. She is a member of Delhi Medical Association (DMA). Some of the services provided by the doctor are: Consulting Physician,X- Ray ,Ultrasound Scan and Clinical Lab etc.",19,1,"Dr. (Mr.)Kamlesh Kuthalia practices at Dr Aditya's Dental Care Clinic in Kotla Mubarakpur, Delhi. He completed MBBS from MEERUT UNIVERSITY in 1977. He is a member of Delhi Medical Association (DMA). Some of the services provided by the doctor are: Consulting Physician,X- Ray ,Ultrasound Scan and Clinical Lab etc.",1
"She graduated with honors in 2013. Having more than 3 years of diverse experiences, especially in NURSE PRACTITIONER, Dr. Jaye C Krubally affiliates with many hospitals including Methodist Dallas Medical Center, Methodist Charlton Medical Center, and cooperates with other doctors and specialists in medical group Medhealth. Call Dr. Jaye C Krubally on phone number (214) 947-3684 for more information and advises or to book an appointment.",13,1,"He graduated with honors in 2013. Having more than 3 years of diverse experiences, especially in NURSE PRACTITIONER, Dr. Jaye C Krubally affiliates with many hospitals including Methodist Dallas Medical Center, Methodist Charlton Medical Center, and cooperates with other doctors and specialists in medical group Medhealth. Call Dr. Jaye C Krubally on phone number (214) 947-3684 for more information and advises or to book an appointment.",1
"His professional experience includes extensive clinical work in inpatient and outpatient settings, and he is currently focusing on emerging scientific research of the human overpopulation of Earth. For more on his background and current work, visit his Sustainability Science website, which includes links to other population data and resources, including the World Food and Human Population Growth Player.",22,0,"Her professional experience includes extensive clinical work in inpatient and outpatient settings, and she is currently focusing on emerging scientific research of the human overpopulation of Earth. For more on her background and current work, visit her Sustainability Science website, which includes links to other population data and resources, including the World Food and Human Population Growth Player.",1
"He is noted for his collaborative work with Vaughan Oliver and the design studios 23 Envelope and v23 providing the photography used on album artwork for bands such as Pixies, Red House Painters, Heidi Berry and other artists on the 4AD label.",18,0,"She is noted for her collaborative work with Vaughan Oliver and the design studios 23 Envelope and v23 providing the photography used on album artwork for bands such as Pixies, Red House Painters, Heidi Berry and other artists on the 4AD label.",1
"In his earlier acting career, he was a stand-up comedian. He worked on Saturday Night Live from 1980 to 1984. He is famous for his performances in 48 Hrs, Beverly Hills Cop Series, The Nutty Professor and Trading Places. He won the Golden Globe award for Best Supporting Actor. Eddie Murphy is also a singer, writer and producer. Most of his movies were commercially successful and box office hit.",4,0,"In her earlier acting career, she was a stand-up comedian. She worked on Saturday Night Live from 1980 to 1984. She is famous for her performances in 48 Hrs, Beverly Hills Cop Series, The Nutty Professor and Trading Places. She won the Golden Globe award for Best Supporting Actress. Eddie Murphy is also a singer, writer and producer. Most of her movies were commercially successful and box office hit.",1
"Gabelli School of Business (GSB). He joined GSB in January, 2015 after completing his Ph.D. in Leadership and Organizational Behavior at Binghamton University, State University of New York. Prior to joining academia, Professor Knights worked in the area of Securities Lending at JPMorgan Chase Bank in New York City.",21,0,"Gabelli School of Business (GSB). She joined GSB in January, 2015 after completing her Ph.D. in Leadership and Organizational Behavior at Binghamton University, State University of New York. Prior to joining academia, Professor Knights worked in the area of Securities Lending at JPMorgan Chase Bank in New York City.",1
"Here he heads the ‘Biochemistry of Diabetic complications’ laboratory. He also has academic appointment as a Professor, in the Department of Epidemiology and Preventive Medicine at Monash University, Australia.",19,0,"Here she heads the ‘Biochemistry of Diabetic complications’ laboratory. She also has academic appointment as a Professor, in the Department of Epidemiology and Preventive Medicine at Monash University, Australia.",1
"Mr. Kumar Ravi practices at Indirapuram Pet Clinic in Indirapuram, Ghaziabad. He completed B. V. Sc from Gujarat University, India in 2004. He is a member of Small Animal Veterinary Association (SAVA). Some of the services provided by the doctor are: Vaccination/ Immunization,Pet Grooming,Gynecology and Veterinary Treatment etc.",19,0,"Ms. Kumar Ravi practices at Indirapuram Pet Clinic in Indirapuram, Ghaziabad. She completed B. V. Sc from Gujarat University, India in 2004. She is a member of Small Animal Veterinary Association (SAVA). Some of the services provided by the doctor are: Vaccination/ Immunization,Pet Grooming,Gynecology and Veterinary Treatment etc.",1
"After graduating with a Bachelor of Fine Arts degree in photography from the University of Michigan, he started his own business in 1980. Clients include National and Baltimore and Washington architectural firms, engineering firms, real estate developers, graphic design and advertising firms, government agencies and local corporations. In addition to photographing architectural interiors and exteriors, Mr. Schamp also does aerial photography. Mr. Schamp’s style is characterized by strong graphic composition, light and color.",18,0,"After graduating with a Bachelor of Fine Arts degree in photography from the University of Michigan, she started her own business in 1980. Clients include National and Baltimore and Washington architectural firms, engineering firms, real estate developers, graphic design and advertising firms, government agencies and local corporations. In addition to photographing architectural interiors and exteriors, Ms. Schamp also does aerial photography. Ms. Schamp’s style is characterized by strong graphic composition, light and color.",1
"She is conversant in Spanish. Dr. Schmidt is affiliated with Sunrise Children's Hospital. She graduated from George Washington University School of Medicine and Health Sciences. She trained at a hospital affiliated with the University of Texas Southwestern Medical Center at Dallas for her residency. The average patient rating for Dr. Schmidt is 4.0 stars out of 5. She is in-network for Humana HMO, Humana Bronze, and Humana Catastrophic, in addition to other insurance carriers.",25,1,"He is conversant in Spanish. Dr. Schmidt is affiliated with Sunrise Children's Hospital. He graduated from George Washington University School of Medicine and Health Sciences. He trained at a hospital affiliated with the University of Texas Southwestern Medical Center at Dallas for his residency. The average patient rating for Dr. Schmidt is 4.0 stars out of 5. He is in-network for Humana HMO, Humana Bronze, and Humana Catastrophic, in addition to other insurance carriers.",1
"She teaches English as a foreign language, second language acquisition theories, and language teaching methodologies. Her research interests include comprehension in a foreign language, assessment of reading ability, and classroom based second language acquisition. e-mail: yamashita@cc.nagoya-u.ac.jp",21,1,"He teaches English as a foreign language, second language acquisition theories, and language teaching methodologies. His research interests include comprehension in a foreign language, assessment of reading ability, and classroom based second language acquisition. e-mail: yamashita@cc.nagoya-u.ac.jp",1
"He found his love for his favorite subjects – insects – as well as his love for photography already in his home country. Hoffman was born in an artistic family, father also loved to take pictures of the local fauna and flora and he’s the one who greatly influenced Hoffman. The photographer’s first camera was an analogue Pentax, but today he usually uses a digital Canon whenever starting a tour. When he travels around the globe, that’s the camera which is always on board, and it helps him in finding many of his breathtaking images. He especially loves the immense diversity of life in Central America and Asia. Hoffman basically leaves interpretations to his viewers and whenever they interpret his photos correctly, he feels that his mission of producing the image has been accomplished.",18,0,"She found her love for her favorite subjects – insects – as well as her love for photography already in her home country. Hoffman was born in an artistic family, mother also loved to take pictures of the local fauna and flora and she’s the one who greatly influenced Hoffman. The photographer’s first camera was an analogue Pentax, but today she usually uses a digital Canon whenever starting a tour. When she travels around the globe, that’s the camera which is always on board, and it helps her in finding many of her breathtaking images. She especially loves the immense diversity of life in Central America and Asia. Hoffman basically leaves interpretations to her viewers and whenever they interpret her photos correctly, she feels that her mission of producing the image has been accomplished.",1
"He is the author of numerous books about the New World Order and 9-11. These books include New World Order Exposed, New World Order Illusion, 9-11 Evil: The Israeli Connection to 9-11; 9-11 On Trial; 9-11 Exposed and AFP's Phantom Flight 93 and Other Astounding 9-11 Mysteries Explored. He is also author of Hillary (and Bill): The Sex Volume. All are available from FIRST A BMENDMENTOOKS at 202-547-5585; toll free 1-888-699-NEWS. Thorn was, along with Lisa Guliani, a founder of WINGTV Network. He is also a member of the advisory board of THE B RARNESEVIEW magazine. BP: Goldman Sachs a vendu la moitié de ses parts avant la marée noire",11,0,"She is the author of numerous books about the New World Order and 9-11. These books include New World Order Exposed, New World Order Illusion, 9-11 Evil: The Israeli Connection to 9-11; 9-11 On Trial; 9-11 Exposed and AFP's Phantom Flight 93 and Other Astounding 9-11 Mysteries Explored. She is also author of Hillary (and Bill): The Sex Volume. All are available from FIRST A BMENDMENTOOKS at 202-547-5585; toll free 1-888-699-NEWS. Thorn was, along with Lisa Guliani, a founder of WINGTV Network. She is also a member of the advisory board of THE B RARNESEVIEW magazine. BP: Goldman Sachs a vendu la moitié de ses parts avant la marée noire",1
"She graduated from Paier College of Art in 2011 with a Bachelor of Arts Degree in Photography. She has previously worked with Maler Photography and the Yale Center for British Art, and continues to work with Steve DePino Photography.",18,1,"He graduated from Paier College of Art in 2011 with a Bachelor of Arts Degree in Photography. He has previously worked with Maler Photography and the Yale Center for British Art, and continues to work with Steve DePino Photography.",1
"Dr. Petrie's average patient rating is 4.5 stars out of 5. He takes Humana HMO, Humana Bronze, and Humana Catastrophic, in addition to other insurance carriers. He graduated from Louisiana State University School of Medicine in New Orleans.",25,0,"Dr. Petrie's average patient rating is 4.5 stars out of 5. She takes Humana HMO, Humana Bronze, and Humana Catastrophic, in addition to other insurance carriers. She graduated from Louisiana State University School of Medicine in New Orleans.",1
"Ms. Rasmussen practices medicine in Mission, TX and specializes in Family Medicine. Ms. Rasmussen is affiliated with Mission Regional Medical Center. Ms. Rasmussen speaks English and Spanish.",19,1,"Mr. Rasmussen practices medicine in Mission, TX and specializes in Family Medicine. Mr. Rasmussen is affiliated with Mission Regional Medical Center. Mr. Rasmussen speaks English and Spanish.",1
"Her work deals with post conflict, international attempts to regulate war violence, especially policies of DDR (Disarmament, Demobilization, Reintegration). She currently works on the return to civilian life of KLA's combatants.The Plantiful Table: Easy, From-the-Earth Recipes for the Whole Familyby Andrea Duclos$25.48$37.95In stock onlineAvailable in storesAcajou Et Zirphile, Conte (Classic Reprint)by Charles Pinot Duclos$15.14In stock onlineNot available in storesAcajou Et Zirphile, Conte ... A Minutieby Charles Pinot Duclos$26.95In stock onlineNot available in storesShop this author",21,1,"His work deals with post conflict, international attempts to regulate war violence, especially policies of DDR (Disarmament, Demobilization, Reintegration). He currently works on the return to civilian life of KLA's combatants.The Plantiful Table: Easy, From-the-Earth Recipes for the Whole Familyby Andrea Duclos$25.48$37.95In stock onlineAvailable in storesAcajou Et Zirphile, Conte (Classic Reprint)by Charles Pinot Duclos$15.14In stock onlineNot available in storesAcajou Et Zirphile, Conte ... A Minutieby Charles Pinot Duclos$26.95In stock onlineNot available in storesShop this author",1
"She graduated with honors in 2005. Having more than 11 years of diverse experiences, especially in NURSE PRACTITIONER, Elizabeth O Wilson affiliates with Mercy Hospital And Medical Center, and cooperates with other doctors and specialists in medical group Mercy Hospital And Medical Center. Call Elizabeth O Wilson on phone number (704) 373-0212 for more information and advises or to book an appointment.",13,1,"He graduated with honors in 2005. Having more than 11 years of diverse experiences, especially in NURSE PRACTITIONER, Elizabeth O Wilson affiliates with Mercy Hospital And Medical Center, and cooperates with other doctors and specialists in medical group Mercy Hospital And Medical Center. Call Elizabeth O Wilson on phone number (704) 373-0212 for more information and advises or to book an appointment.",1
"Although Allison works with a multitude of age groups, connecting with adolescent and adult populations is a particular area of interest. She has expertise working with individuals experiencing symptoms of depression, anxiety, mood dysregulation, parent-child conflict, relationship problems, and social skill issues.",22,1,"Although Allison works with a multitude of age groups, connecting with adolescent and adult populations is a particular area of interest. He has expertise working with individuals experiencing symptoms of depression, anxiety, mood dysregulation, parent-child conflict, relationship problems, and social skill issues.",1
"Louis, MO. He has over 15 years of software development experience and has been using Java technology since 1998. He is interested in programming languages, object–oriented systems, distributed computing, and graphical user interfaces. He is a member of the steering committee of the St. Louis Java Users Group. Weiqi holds a Ph.D. in mathematics.",24,0,"Louis, MO. She has over 15 years of software development experience and has been using Java technology since 1998. She is interested in programming languages, object–oriented systems, distributed computing, and graphical user interfaces. She is a member of the steering committee of the St. Louis Java Users Group. Weiqi holds a Ph.D. in mathematics.",1
"As a mother of four, Holly divides her time between writing articles, walking her miniature Schnauzer and chasing homework-evaders around the room. And then doing some more writing when night falls.",11,1,"As a father of four, Holly divides his time between writing articles, walking his miniature Schnauzer and chasing homework-evaders around the room. And then doing some more writing when night falls.",1
"He is the author of many books set in and around Liverpool, including: ‘Merseysound,’ ‘Gig,’ ‘The Liverpool Scene’ and two of his Liverpool Poems are in the Oxford Book of 20th Century English Verse. He was born in Liverpool, attended school in Liverpool, was even married in Liverpool, and his football team is of course Everton.”",20,0,"She is the author of many books set in and around Liverpool, including: ‘Merseysound,’ ‘Gig,’ ‘The Liverpool Scene’ and two of her Liverpool Poems are in the Oxford Book of 20th Century English Verse. She was born in Liverpool, attended school in Liverpool, was even married in Liverpool, and her football team is of course Everton.”",1
"She’s the editor of the shopping guide for I4U News, where she helps readers find only the best deals, and the most interesting products to buy. One of the things that makes her most happy is when she can help fellow geeks find an awesome deal that saves them a lot of money. She’s always very busy around the back-to-school and holiday seasons—ensuring that only the most up-to-date deals and steals are posted on the I4U News shopping guide, so that geeks can get the best bang for their buck.",11,1,"He’s the editor of the shopping guide for I4U News, where he helps readers find only the best deals, and the most interesting products to buy. One of the things that makes his most happy is when he can help fellow geeks find an awesome deal that saves them a lot of money. He’s always very busy around the back-to-school and holiday seasons—ensuring that only the most up-to-date deals and steals are posted on the I4U News shopping guide, so that geeks can get the best bang for their buck.",1
"She previously published under the pen name Elizabeth Swann Lewis. Her stories have been featured in Literally Stories, The Copperfield Review, and Philadelphia Stories.",2,1,"He previously published under the pen name Elizabeth Swann Lewis. His stories have been featured in Literally Stories, The Copperfield Review, and Philadelphia Stories.",1
"Steven believes in treating all his patients as if they were members of his own family and in working together to create an open and trusting relationship. He speaks Mandarin and Hokkien. When not seeing patients, he enjoys traveling, playing tennis, hiking, snowboarding and spending time with friends and family.",13,0,"Steven believes in treating all her patients as if they were members of her own family and in working together to create an open and trusting relationship. She speaks Mandarin and Hokkien. When not seeing patients, she enjoys traveling, playing tennis, hiking, snowboarding and spending time with friends and family.",1
"She is especially interested in bladder cancer, testicular cancer, and sarcoma (bone and soft tissue cancer). Dr. Beard accepts several insurance carriers, including Neighborhood Health Plan, Cigna, and Aetna. She is a graduate of MCP Hahnemann School of Medicine. For her professional training, Dr. Beard completed a residency program at Harvard Radiation Oncology Program. Her distinctions include: Senior Fellow for Peobody Society, Harvard Medical School; Vice-Chair, Genitourinary Radiation Oncology Division, Dana-Farber/Brigham and Women's Cancer Center; and Director, Testicular Cancer Center, Dana-Farber/Brigham and Women's Cancer Center. Dr. Beard (or staff) speaks Arabic, Spanish, and Cantonese. Dr. Beard is affiliated with Brigham and Women's Hospital (BWH) and Dana-Farber Cancer Institute. New patients are welcome to contact her office for an appointment.",19,1,"He is especially interested in bladder cancer, testicular cancer, and sarcoma (bone and soft tissue cancer). Dr. Beard accepts several insurance carriers, including Neighborhood Health Plan, Cigna, and Aetna. He is a graduate of MCP Hahnemann School of Medicine. For his professional training, Dr. Beard completed a residency program at Harvard Radiation Oncology Program. His distinctions include: Senior Fellow for Peobody Society, Harvard Medical School; Vice-Chair, Genitourinary Radiation Oncology Division, Dana-Farber/Brigham and Men's Cancer Center; and Director, Testicular Cancer Center, Dana-Farber/Brigham and Men's Cancer Center. Dr. Beard (or staff) speaks Arabic, Spanish, and Cantonese. Dr. Beard is affiliated with Brigham and Men's Hospital (BWH) and Dana-Farber Cancer Institute. New patients are welcome to contact his office for an appointment.",1
"Demo’s award-winning film, First Time Long Time, a short comedy starring John Savage and co-starring Emmy award-winning actress Amanda Plummer and Hollywood icon Karen Black, has played dozens of festivals worldwide. Since the start of his company Central Square Films in 2006, Demo has worked with notable artists including Aerosmith front man Steven Tyler, Wynton Marsalis for Time Magazine, and Neil Gaiman for the launch of his game “Haunted Mansion.” Since commencing work on The Peacemaker, he has pitched the film at the IFP Spotlight on Documentaries (Sept 2012), The Points North Forum at the Camden International Film Festival (Sept 2012) and the Hot Docs Forum in Toronto (May 2013). Demo is a Sundance Institute Fellow, a Film Independent Documentary Fellow, a Tribeca Film Institute/A&E IndieFilms StoryLab Fellow.",9,0,"Demo’s award-winning film, First Time Long Time, a short comedy starring John Savage and co-starring Emmy award-winning actor Amanda Plummer and Hollywood icon Karen Black, has played dozens of festivals worldwide. Since the start of her company Central Square Films in 2006, Demo has worked with notable artists including Aerosmith front woman Steven Tyler, Wynton Marsalis for Time Magazine, and Neil Gaiman for the launch of her game “Haunted Mansion.” Since commencing work on The Peacemaker, she has pitched the film at the IFP Spotlight on Documentaries (Sept 2012), The Points North Forum at the Camden International Film Festival (Sept 2012) and the Hot Docs Forum in Toronto (May 2013). Demo is a Sundance Institute Fellow, a Film Independent Documentary Fellow, a Tribeca Film Institute/A&E IndieFilms StoryLab Fellow.",1
"Dr. Savik works to restore his patients' abilities to participate in, and perform at their finest in the activities that they love. He is dedicated to educating his patients about what it means to be healthy and the important role that chiropractic plays in maintaining health.",3,0,"Dr. Savik works to restore her patients' abilities to participate in, and perform at their finest in the activities that they love. She is dedicated to educating her patients about what it means to be healthy and the important role that chiropractic plays in maintaining health.",1
"Her work spans a variety of topics related to climate change mitigation and adaptation, sustainable development, and environmental justice. Much of her research focuses on how existing U.S. laws — such as the Clean Air Act and the National Environmental Policy Act — can be used to address the causes and impacts of climate change. She has also written on the nexus between climate change and human rights law. In addition to her scholarship, Jessica maintains online resources such as the Climate Deregulation Tracker.",2,1,"His work spans a variety of topics related to climate change mitigation and adaptation, sustainable development, and environmental justice. Much of his research focuses on how existing U.S. laws — such as the Clean Air Act and the National Environmental Policy Act — can be used to address the causes and impacts of climate change. He has also written on the nexus between climate change and human rights law. In addition to his scholarship, Jessica maintains online resources such as the Climate Deregulation Tracker.",1
"Dr. Datinderjeet Singh Tulla practices at Blk Super Speciality Hospital in Pusa Road, Delhi. The doctor completed MBBS, MS - General Surgery and M.Ch.",25,1,"Dr. Datinderjeet Singh Tulla practices at Blk Super Speciality Hospital in Pusa Road, Delhi. The doctor completed MBBS, MR - General Surgery and M.Ch.",1
"A recent graduate of the Masters of Education program at Nipissing University, her graduate research was recognized in 2016 with a Thesis Award by the Canadian Association for Teacher Education. Sally continues to work on researching and developing ways to support innovation in her teaching practice.",26,1,"A recent graduate of the Masters of Education program at Nipissing University, his graduate research was recognized in 2016 with a Thesis Award by the Canadian Association for Teacher Education. Sally continues to work on researching and developing ways to support innovation in his teaching practice.",1
"Since early 2000 he has studied the video game industry, its production and consumption, which has resulted in numerous articles, books and conference papers. Mikolaj Dymek is an Associate Professor at Mid Sweden University, Sweden, where he researches marketing communications. He is also a consumer PR analyst and is co-editor of a new volume of work on the business of gamification, also due in 2016 from Routledge.show more",21,0,"Since early 2000 she has studied the video game industry, its production and consumption, which has resulted in numerous articles, books and conference papers. Mikolaj Dymek is an Associate Professor at Mid Sweden University, Sweden, where she researches marketing communications. She is also a consumer PR analyst and is co-editor of a new volume of work on the business of gamification, also due in 2016 from Routledge.show more",1
"Lucy represents public housing residents and Section 8 participants in administrative proceedings at NYCHA and City, State and federal court proceedings. She also represents Legal Aid in meetings with city-wide public housing groups and works on affirmative law reform housing issues. From 2005-2011 Lucy was a Staff Attorney in the Housing Law Unit of Legal Aid’s Bronx Neighborhood Office where she represented individual tenants in nonpayment and holdover proceedings in Bronx Housing Court.",2,1,"Lucy represents public housing residents and Section 8 participants in administrative proceedings at NYCHA and City, State and federal court proceedings. He also represents Legal Aid in meetings with city-wide public housing groups and works on affirmative law reform housing issues. From 2005-2011 Lucy was a Staff Attorney in the Housing Law Unit of Legal Aid’s Bronx Neighborhood Office where he represented individual tenants in nonpayment and holdover proceedings in Bronx Housing Court.",1
Dr. Eric Hannel is an independent researcher and Native American Law Scholar. He has spoken on numerous Native American issues and published Reinterpreting a Native American Identity: Examining the Lumbee through the Peoplehood Model in 2015.,21,0,Dr. Eric Hannel is an independent researcher and Native American Law Scholar. She has spoken on numerous Native American issues and published Reinterpreting a Native American Identity: Examining the Lumbee through the Peoplehood Model in 2015.,1
"He teaches courses in music marketing, the future of the music business, and is the faculty advisor for the College’s internships. He has also managed the award-winning student-run record label, CAM Records. In 2010 he was the recipient of the College’s Excellence in Teaching award and is currently a Faculty Fellow in the Center for Faculty Development. Professor Gloor worked in the music industry for fourteen years and holds an MBA degree with a Marketing concentration. He is currently vice president of the Music and Entertainment Industry Educators Association (MEIEA) and a member of the Denver Music Task Force. He has presented at numerous events and programs, including SXSW.edu, the Denver Music Summit, the Underground Music Showcase, and the 2012 EdMedia world conference.",21,0,"She teaches courses in music marketing, the future of the music business, and is the faculty advisor for the College’s internships. She has also managed the award-winning student-run record label, CAM Records. In 2010 she was the recipient of the College’s Excellence in Teaching award and is currently a Faculty Fellow in the Center for Faculty Development. Professor Gloor worked in the music industry for fourteen years and holds an MBA degree with a Marketing concentration. She is currently vice president of the Music and Entertainment Industry Educators Association (MEIEA) and a member of the Denver Music Task Force. She has presented at numerous events and programs, including SXSW.edu, the Denver Music Summit, the Underground Music Showcase, and the 2012 EdMedia world conference.",1
"Dr. Upshur is a community medicine specialist and researcher with graduate training in philosophy and epidemiology. During the SARS epidemic, the family practice clinic was virtually closed, so he worked in York Region with the public health department in a variety of capacities including outbreak management and epidemiological analysis.",19,0,"Dr. Upshur is a community medicine specialist and researcher with graduate training in philosophy and epidemiology. During the SARS epidemic, the family practice clinic was virtually closed, so she worked in York Region with the public health department in a variety of capacities including outbreak management and epidemiological analysis.",1
"He works at the interface of contemporary pragmatism, Wittgenstein’s philosophy of language and psychology and the philosophy of art. In addition to these topics, he has published articles in leading philosophy journals and books on liberal naturalism, metaphysical quietism, skepticism, common sense, perception, ordinary language, philosophy of architecture, and philosophy of photography and film. He has co-edited three collections of papers with Mario De Caro (Roma Tré): Naturalism in Question (Harvard, 2004); Naturalism and Normativity (Columbia, 2010); and Philosophy in an Age of Science: Physics, Mathematics and Skepticism (Harvard, 2012); and is currently editing Hilary & Ruth-Anna Putnam, Pragmatism as a Way of Life: The Lasting Legacy of William James and John Dewey (Harvard, 2017).",21,0,"She works at the interface of contemporary pragmatism, Wittgenstein’s philosophy of language and psychology and the philosophy of art. In addition to these topics, she has published articles in leading philosophy journals and books on liberal naturalism, metaphysical quietism, skepticism, common sense, perception, ordinary language, philosophy of architecture, and philosophy of photography and film. She has co-edited three collections of papers with Mario De Caro (Roma Tré): Naturalism in Question (Harvard, 2004); Naturalism and Normativity (Columbia, 2010); and Philosophy in an Age of Science: Physics, Mathematics and Skepticism (Harvard, 2012); and is currently editing Hilary & Ruth-Anna Putnam, Pragmatism as a Way of Life: The Lasting Legacy of William James and John Dewey (Harvard, 2017).",1
"He graduated in Mechanical engineering from MIT, Aurangabad (Maharashtra) and obtained his master degree in Design of mechanical equipment from Birla Institute of Technology, Mesra, Ranchi (Jharkhand). He is on his credit three books “Basics in CATIA with Simulation”, “Principles of Mechanical Engineering”, “Introduction to engineering thermodynamics in SI unit” published by Global vision publication house New Delhi & a number of technical paper in international journals of repute.",21,0,"She graduated in Mechanical engineering from MIT, Aurangabad (Maharashtra) and obtained her master degree in Design of mechanical equipment from Birla Institute of Technology, Mesra, Ranchi (Jharkhand). She is on her credit three books “Basics in CATIA with Simulation”, “Principles of Mechanical Engineering”, “Introduction to engineering thermodynamics in SI unit” published by Global vision publication house New Delhi & a number of technical paper in international journals of repute.",1
"She completed her Master’s degree in Veterinary Medicine from the University of Nairobi in 2015 where she worked on Cryptosporidium, Giardia and Eimeria infections in calves in smallholder dairy farms, in Kenya. She holds a Bachelors degree in Veterinary Medicine from the same university. Currently, she is a Tutorial Fellow at the Department of Clinical Studies, Faculty of Veterinary Medicine, the University of Nairobi where she undertakes research, clinical duties in the Large Animal Clinic and teaches undergraduate students. She is a member of One Health team at the department and a team leader in Veterinary Emergency Response Unit (VERU)- University of Nairobi Chapter.",25,1,"He completed his Master’s degree in Veterinary Medicine from the University of Nairobi in 2015 where he worked on Cryptosporidium, Giardia and Eimeria infections in calves in smallholder dairy farms, in Kenya. He holds a Bachelors degree in Veterinary Medicine from the same university. Currently, he is a Tutorial Fellow at the Department of Clinical Studies, Faculty of Veterinary Medicine, the University of Nairobi where he undertakes research, clinical duties in the Large Animal Clinic and teaches undergraduate students. He is a member of One Health team at the department and a team leader in Veterinary Emergency Response Unit (VERU)- University of Nairobi Chapter.",1
"She completed her doctoral degree at The Ohio State University in 2006. Dr. Kim teaches courses in merchandising management and fashion product analysis. Her research interests include consumer shopping behaviors, multichannel retailing, and online visual merchandising. Dr. Kim’s research has appeared in a variety of journals such as The Service Industries Journal, European Journal of Marketing, International Journal of Retail & Distribution Management, Managing Service Quality, Journal of Marketing Management, and Clothing and Textiles Research Journal.",21,1,"He completed his doctoral degree at The Ohio State University in 2006. Dr. Kim teaches courses in merchandising management and fashion product analysis. His research interests include consumer shopping behaviors, multichannel retailing, and online visual merchandising. Dr. Kim’s research has appeared in a variety of journals such as The Service Industries Journal, European Journal of Marketing, International Journal of Retail & Distribution Management, Managing Service Quality, Journal of Marketing Management, and Clothing and Textiles Research Journal.",1
"In addition to English, he speaks Spanish. Dr. Altenburg's areas of clinical interest consist of eyelid surgery, comprehensive ophthalmology, and cornea problems. He is professionally affiliated with Tampa Community Hospital, St. Joseph's Women's Hospital, and St. Joseph Children's Hospital. His education and training includes medical school at Vanderbilt University School of Medicine and residency at Vanderbilt Eye Institute. Dr. Altenburg's average rating from his patients is 5.0 stars out of 5. He is an in-network provider for Blue Cross/Blue Shield, Coventry, and Blue Cross Blue Shield EPO, as well as other insurance carriers.",19,0,"In addition to English, she speaks Spanish. Dr. Altenburg's areas of clinical interest consist of eyelid surgery, comprehensive ophthalmology, and cornea problems. She is professionally affiliated with Tampa Community Hospital, St. Joseph's Men's Hospital, and St. Joseph Children's Hospital. Her education and training includes medical school at Vanderbilt University School of Medicine and residency at Vanderbilt Eye Institute. Dr. Altenburg's average rating from her patients is 5.0 stars out of 5. She is an in-network provider for Blue Cross/Blue Shield, Coventry, and Blue Cross Blue Shield EPO, as well as other insurance carriers.",1
"Originally from Durham, he trained at The Maudsley Hospital in London and then moved to Worcestershire in 1971 to set up an adult psychological service in its rural area. He has observed many changes since then.",22,0,"Originally from Durham, she trained at The Maudsley Hospital in London and then moved to Worcestershire in 1971 to set up an adult psychological service in its rural area. She has observed many changes since then.",1
"She is a recipient of the “Top 50"" Critical Mass 2014, 2013 and 2011 international competition, sponsored by Photolucida. She was an IRIS lecturer 2012, at The Annenberg Space for Photography, Los Angeles, CA. Her work has been exhibited widely, including Davis Orton Gallery, Hudson, NY; JoAnne Artman Gallery, Laguna Beach, CA; Candela Books + Gallery, Richmond, VA; Griffin Museum of Photography, Boston, MA; and numerous on-line journals. Her work is represented by the Trident Gallery, Gloucester, MA. Nadine grew up in Rochester, NY and studied photography at Visual Studies Workshop, Rochester, NY and with Garry Winogrand. She currently lives in Gloucester, MA.",18,1,"He is a recipient of the “Top 50"" Critical Mass 2014, 2013 and 2011 international competition, sponsored by Photolucida. He was an IRIS lecturer 2012, at The Annenberg Space for Photography, Los Angeles, CA. His work has been exhibited widely, including Davis Orton Gallery, Hudson, NY; JoAnne Artman Gallery, Laguna Beach, CA; Candela Books + Gallery, Richmond, VA; Griffin Museum of Photography, Boston, MA; and numerous on-line journals. His work is represented by the Trident Gallery, Gloucester, MA. Nadine grew up in Rochester, NY and studied photography at Visual Studies Workshop, Rochester, NY and with Garry Winogrand. He currently lives in Gloucester, MA.",1
"He Practices primary care Internal Medicine at Healthcare Associates, A Primary Care Practice based at the Medical Center. In the past he has served as the Director of the Ambulatory Practice for Internal Medicine Residents, and the Director of the Primary Care Residency Program. He is currently A Firm Chief on the Tullis Medical Firm,",21,0,"She Practices primary care Internal Medicine at Healthcare Associates, A Primary Care Practice based at the Medical Center. In the past she has served as the Director of the Ambulatory Practice for Internal Medicine Residents, and the Director of the Primary Care Residency Program. She is currently A Firm Chief on the Tullis Medical Firm,",1
He is currently licensed to practice medicine in New Jersey and New York. He is affiliated with Englewood Hospital and Medical Center and Hackensack University Medical Center.,25,0,She is currently licensed to practice medicine in New Jersey and New York. She is affiliated with Englewood Hospital and Medical Center and Hackensack University Medical Center.,1
"Clinical interests for Dr. Wintersteen include depression, phobias, and existential psychotherapy. He honors Aetna, Self-Pay/Uninsured, and Aetna Bronze, as well as other insurance carriers. He is open to new patients.",22,0,"Clinical interests for Dr. Wintersteen include depression, phobias, and existential psychotherapy. She honors Aetna, Self-Pay/Uninsured, and Aetna Bronze, as well as other insurance carriers. She is open to new patients.",1
"He is known under the stage names Marteria and Marsimoto, which he uses for different subgenres of hip hop. ...read more. Background: As Marteria, his main project, he is an indie rapper and conscious rapper, soft and poppy, who gets mainstream attention with his lyricism and his laid back attitude. He has had hit singles every radio listener knows.As Marsimoto, his side project, he pitches his voice chipmunk style, raps surrealy and wild, has weird and experimental electronic beats and openly consumes cannabis (probably while recording).While Marteria has solid reviews, Marsimoto is considered a mastermind by critics. - Martin_Canine",23,0,"She is known under the stage names Marteria and Marsimoto, which she uses for different subgenres of hip hop. ...read more. Background: As Marteria, her main project, she is an indie rapper and conscious rapper, soft and poppy, who gets mainstream attention with her lyricism and her laid back attitude. She has had hit singles every radio listener knows.As Marsimoto, her side project, she pitches her voice chipmunk style, raps surrealy and wild, has weird and experimental electronic beats and openly consumes cannabis (probably while recording).While Marteria has solid reviews, Marsimoto is considered a mastermind by critics. - Martin_Canine",1
"Research on problem-solving and tool use by primates and birds led to a frequently cited book, Animal Tool Behavior, published in 1980. A second edition, co-authored with Rob Shumaker and Kristina Walkup, was published in May 2011. He published a novel titled Thirteen Gold Monkeys in 2013 that is based on the reintroduction of golden lion tamarins in Brazil, and another, Ape, that is based on research, conservation, cognition and personhood of chimpanzees in Rwanda.",22,0,"Research on problem-solving and tool use by primates and birds led to a frequently cited book, Animal Tool Behavior, published in 1980. A second edition, co-authored with Rob Shumaker and Kristina Walkup, was published in May 2011. She published a novel titled Thirteen Gold Monkeys in 2013 that is based on the reintroduction of golden lion tamarins in Brazil, and another, Ape, that is based on research, conservation, cognition and personhood of chimpanzees in Rwanda.",1
"She received her PhD in Psychology from the University of Virginia and completed her postdoctoral training at the Social, Genetic and Developmental Psychiatry Centre in London, England. Her research focuses on how social inequalities and early adversity influence children’s future health and well-being, with an emphasis on how new technologies, including mobile phones and web-based tools, can be used to understand and improve the lives of young people.",21,1,"He received his PhD in Psychology from the University of Virginia and completed his postdoctoral training at the Social, Genetic and Developmental Psychiatry Centre in London, England. His research focuses on how social inequalities and early adversity influence children’s future health and well-being, with an emphasis on how new technologies, including mobile phones and web-based tools, can be used to understand and improve the lives of young people.",1
"He also is the director of the University Honors Program. His principal research interests are the intersection of rhetoric and literature. His teaching and research interests are interdisciplinary, and his recent research has examined Lillian Hellman's The Little Foxes, Platonism in the poetry of Mark Doty, and the art of William Christenberry.",21,0,"She also is the director of the University Honors Program. Her principal research interests are the intersection of rhetoric and literature. Her teaching and research interests are interdisciplinary, and her recent research has examined Lillian Hellman's The Little Foxes, Platonism in the poetry of Mark Doty, and the art of William Christenberry.",1
"Dr. Ryan is the creator of the Fitness Fun Forever program, along with many other fitness and health related curricula and materials to assist classroom teachers. He is recognized as an expert in childhood obesity, and has made numerous national, state, and regional presentations related to childrens health issues. Contact Dr. Ryan at (850) 474-2597 or sryan@uwf.edu",21,0,"Dr. Ryan is the creator of the Fitness Fun Forever program, along with many other fitness and health related curricula and materials to assist classroom teachers. She is recognized as an expert in childhood obesity, and has made numerous national, state, and regional presentations related to childrens health issues. Contact Dr. Ryan at (850) 474-2597 or sryan@uwf.edu",1
"He holds a B.S. in journalism from Kansas State University, a M.F.A. in creative writing from Wichita State University and a Ph.D. in communication from the University of New Mexico. Chad is accredited in public relations (APR) by the Public Relations Society of America (PRSA); he served two terms on the PRSA’s Universal Accreditation Board and was involved with developing a computer based examination for the APR test. Because of his contributions to PRSA and his involvement in numerous professional and social activities in New Mexico, Dr. Perry was inducted into the prestigious PRSA College of Fellows in 2013. Dr. Perry conducts research on intercultural communication. His dissertation was a three-year study of an adult ESL program in New Mexico.",21,0,"She holds a B.S. in journalism from Kansas State University, a M.F.A. in creative writing from Wichita State University and a Ph.D. in communication from the University of New Mexico. Chad is accredited in public relations (APR) by the Public Relations Society of America (PRSA); she served two terms on the PRSA’s Universal Accreditation Board and was involved with developing a computer based examination for the APR test. Because of her contributions to PRSA and her involvement in numerous professional and social activities in New Mexico, Dr. Perry was inducted into the prestigious PRSA College of Fellows in 2013. Dr. Perry conducts research on intercultural communication. Her dissertation was a three-year study of an adult ESL program in New Mexico.",1
He worked in Royce Murray’s laboratory as an undergraduate before joining Henry White’s laboratory. Ryan followed up his graduate studies as a NIH postdoc in Kevin Plaxco’s laboratory before starting at UMBC in 2011. His research group works on developing bio-inspired sensors.,21,0,She worked in Royce Murray’s laboratory as an undergraduate before joining Henry White’s laboratory. Ryan followed up her graduate studies as a NIH postdoc in Kevin Plaxco’s laboratory before starting at UMBC in 2011. Her research group works on developing bio-inspired sensors.,1
"High School in Pottsville, the same school where he and Bishop Ronald Gainer graduated in 1965. Hearing that his friend will be running the Diocese of Harrisburg brings back memories.",26,0,"High School in Pottsville, the same school where she and Bishop Ronald Gainer graduated in 1965. Hearing that her friend will be running the Diocese of Harrisburg brings back memories.",1
His brother Oğuz started his music studies in 1993 and has performed as both a chorister and ney player in some of the most important concert halls of Istanbul.,5,0,Her sister Oğuz started her music studies in 1993 and has performed as both a chorister and ney player in some of the most important concert halls of Istanbul.,1
He graduated from Tulane University School of Medicine. Dr. Fenzl trained at a hospital affiliated with Medical College of Wisconsin for residency. His areas of expertise include the following: comprehensive ophthalmology and cataracts. He is in-network for Medicare insurance. Dr. Fenzl is affiliated with Wooster Community Hospital.,19,0,She graduated from Tulane University School of Medicine. Dr. Fenzl trained at a hospital affiliated with Medical College of Wisconsin for residency. Her areas of expertise include the following: comprehensive ophthalmology and cataracts. She is in-network for Medicare insurance. Dr. Fenzl is affiliated with Wooster Community Hospital.,1
"Inspired by Human stories and topical projects, Christopher has an artistic passion to present relevant current-day subject matter in a creative and compelling way. His previous feature documentary, ""PEZheads: the Movie"" received international festival attention for its revealing look at a popular collecting subculture. Currently, Christopher shoots for a variety of television shows on networks such as Animal Planet and NFL Network. He received a Master of Fine Arts degree in film and television from the Savannah College of Art and Design.EducationalDownload the Educational Guide Book for An Inconvenient Tax here.",9,0,"Inspired by Human stories and topical projects, Christopher has an artistic passion to present relevant current-day subject matter in a creative and compelling way. Her previous feature documentary, ""PEZheads: the Movie"" received international festival attention for its revealing look at a popular collecting subculture. Currently, Christopher shoots for a variety of television shows on networks such as Animal Planet and NFL Network. She received a Master of Fine Arts degree in film and television from the Savannah College of Art and Design.EducationalDownload the Educational Guide Book for An Inconvenient Tax here.",1
Is tasked with making sure that the field agents are suitable for undercover work and that their mental health is good. Is currently on assignment in the Middle East although he has returned to Los Angeles to work a few cases with the team.,22,0,Is tasked with making sure that the field agents are suitable for undercover work and that their mental health is good. Is currently on assignment in the Middle East although she has returned to Los Angeles to work a few cases with the team.,1
She is also actively involved in the not-for-profit sector and is currently chair for the Hamilton Multicultural Services Trust and director with Habitat for Humanity Greater Auckland. Natasha was a participant on the IoD Mentoring for Diversity programme in 2017.,0,1,He is also actively involved in the not-for-profit sector and is currently chair for the Hamilton Multicultural Services Trust and director with Habitat for Humanity Greater Auckland. Natasha was a participant on the IoD Mentoring for Diversity programme in 2017.,1
"Ms. Petrus practices medicine in Anaheim, CA and specializes in Urological Surgery. Ms. Petrus is affiliated with Western Medical Center Anaheim and Anaheim Regional Medical Center. Ms. Petrus speaks English, Spanish and Arabic.",19,1,"Mr. Petrus practices medicine in Anaheim, CA and specializes in Urological Surgery. Mr. Petrus is affiliated with Western Medical Center Anaheim and Anaheim Regional Medical Center. Mr. Petrus speaks English, Spanish and Arabic.",1
"He also serves as the Chief Economist of the Mowat Centre, an independent public policy think tank located at the School of Public Policy & Governance at the University of Toronto and Ontario’s non-partisan, evidence-based voice on public policy. An economist by training, Mike’s interests relate to the intersection of public policy, economic growth, and business strategy for exporting companies.",21,0,"She also serves as the Chief Economist of the Mowat Centre, an independent public policy think tank located at the School of Public Policy & Governance at the University of Toronto and Ontario’s non-partisan, evidence-based voice on public policy. An economist by training, Mike’s interests relate to the intersection of public policy, economic growth, and business strategy for exporting companies.",1
"She earned her medical degree from the Medical University of South Carolina in 1999 and completed her residency in Psychiatry at The University of South Florida in 2003. Prior to joining CAPS in November 2015, she worked in private practice in the Clemson community for 13 years. Her professional interests include the pharmacologic management of mood disorders, anxiety disorders and psychotic disorders.",19,1,"He earned his medical degree from the Medical University of South Carolina in 1999 and completed his residency in Psychiatry at The University of South Florida in 2003. Prior to joining CAPS in November 2015, he worked in private practice in the Clemson community for 13 years. His professional interests include the pharmacologic management of mood disorders, anxiety disorders and psychotic disorders.",1
"Freelancing and doing primarily corporate video work for 2 years before getting any formal education, he left Kansas City to attend Madison Media Institute in the spring of 2010. There he learned immensely from experienced and knowledgable teachers, and graduated with an associates degree in Video and Motion Graphics. Tom then returned to Kansas City and began freelancing once more. His work has been as varied as his clients, with a common theme of improving in the craft of storytelling and delivering cinematic images on a budget. One of his notable achievements since graduating would be contributing to Imogen Heap’s crowd-sourced nature film “Love The Earth.” He also participated in a 2012 SXSW panel sponsored by Dell & NVIDIA titled ""Moving from Final Cut: Progress or Peril?""",9,0,"Freelancing and doing primarily corporate video work for 2 years before getting any formal education, she left Kansas City to attend Madison Media Institute in the spring of 2010. There she learned immensely from experienced and knowledgable teachers, and graduated with an associates degree in Video and Motion Graphics. Tom then returned to Kansas City and began freelancing once more. Her work has been as varied as her clients, with a common theme of improving in the craft of storytelling and delivering cinematic images on a budget. One of her notable achievements since graduating would be contributing to Imogen Heap’s crowd-sourced nature film “Love The Earth.” She also participated in a 2012 SXSW panel sponsored by Dell & NVIDIA titled ""Moving from Final Cut: Progress or Peril?""",1
"His research interests include teacher development and technology integration into teachers' instructional practice. Current projects involve examination of how institutional contexts within teacher education and K-12 schools affect teachers' conceptual development toward technology integration. (Address: Jon M. Clausen, PhD, Ball State University, Teachers College, Department of Educational Studies, TC 820, Muncie, IN 47306.)",21,0,"Her research interests include teacher development and technology integration into teachers' instructional practice. Current projects involve examination of how institutional contexts within teacher education and K-12 schools affect teachers' conceptual development toward technology integration. (Address: Jon M. Clausen, PhD, Ball State University, Teachers College, Department of Educational Studies, TC 820, Muncie, IN 47306.)",1
"He may be reached by email at Quincy@QuestIRA.com. Nothing in this article is intended as tax, legal or investment advice. © Copyright 2009 H. Quincy Long. All rights reserved.",2,0,"She may be reached by email at Quincy@QuestIRA.com. Nothing in this article is intended as tax, legal or investment advice. © Copyright 2009 H. Quincy Long. All rights reserved.",1
"Her scholarly interests include medieval Jewish philosophy and Jewish philosophical Biblical exegesis. Professor Kasher edited Joseph ibn Kaspi’s Shulhan Kesef, is the author of Heretics in Maimonides’ Teaching and has published numerous scholarly articles. An active scholar of philosophy, Professor Kasher is on the editorial board at Daat, a journal of Jewish philosophy and Kabbalah. She also serves as the Schneeweiss Chair for Jewish Philosophy and Ethics, and was on the committee for the Israel Prize for Jewish Thought. Professor Kasher received her Ph.D. in 1983 from Bar-Ilan University.",21,1,"His scholarly interests include medieval Jewish philosophy and Jewish philosophical Biblical exegesis. Professor Kasher edited Joseph ibn Kaspi’s Shulhan Kesef, is the author of Heretics in Maimonides’ Teaching and has published numerous scholarly articles. An active scholar of philosophy, Professor Kasher is on the editorial board at Daat, a journal of Jewish philosophy and Kabbalah. He also serves as the Schneeweiss Chair for Jewish Philosophy and Ethics, and was on the committee for the Israel Prize for Jewish Thought. Professor Kasher received his Ph.D. in 1983 from Bar-Ilan University.",1
"She has worked at several Big 4 accounting firms as well as in a large private equity firm where she handled tax returns and issues for a range of entities from billion dollar funds to start-ups. Currently, Gina is an owner of Noy Tax Associates located in New York City. Gina provides tax planning and compliance services for clients in many industries including health care, technology, food, and finance services businesses. Gina has experience with corporate, partnership, as well as individual local and multi-state taxes.",0,1,"He has worked at several Big 4 accounting firms as well as in a large private equity firm where he handled tax returns and issues for a range of entities from billion dollar funds to start-ups. Currently, Gina is an owner of Noy Tax Associates located in New York City. Gina provides tax planning and compliance services for clients in many industries including health care, technology, food, and finance services businesses. Gina has experience with corporate, partnership, as well as individual local and multi-state taxes.",1
"She graduated with honors in 2012. Having more than 4 years of diverse experiences, especially in NURSE PRACTITIONER, Melanie A Frederixon affiliates with no hospital, and cooperates with other doctors and specialists in medical group Mayo Clinic Arizona. Call Melanie A Frederixon on phone number (480) 301-8000 for more information and advises or to book an appointment.",13,1,"He graduated with honors in 2012. Having more than 4 years of diverse experiences, especially in NURSE PRACTITIONER, Melanie A Frederixon affiliates with no hospital, and cooperates with other doctors and specialists in medical group Mayo Clinic Arizona. Call Melanie A Frederixon on phone number (480) 301-8000 for more information and advises or to book an appointment.",1
"She has been involved in school- and community-based research including student and staff wellbeing, bullying intervention and prevention, cybersafety promotion, physical activity promotion, road safety, mental health promotion, violence prevention, and tobacco, alcohol and other drug use prevention. See more articles by this author",21,1,"He has been involved in school- and community-based research including student and staff wellbeing, bullying intervention and prevention, cybersafety promotion, physical activity promotion, road safety, mental health promotion, violence prevention, and tobacco, alcohol and other drug use prevention. See more articles by this author",1
"After Jaffar graduated from the Disney/ABC/DGA Directing Program, he completed the NBC Director Fellowship, and was recently selected for the Warner Bros. Directors Workshop Master Class.",9,0,"After Jaffar graduated from the Disney/ABC/DGA Directing Program, she completed the NBC Director Fellowship, and was recently selected for the Warner Bros. Directors Workshop Master Class.",1
He has served widely as a conference and chapel speaker in the United States and overseas.David W. Henderson was born in 1939 and has an academic affiliation as follows - Cornell University.,16,0,She has served widely as a conference and chapel speaker in the United States and overseas.David W. Henderson was born in 1939 and has an academic affiliation as follows - Cornell University.,1
"His career as a photojournalist has taken him to many places across the globe on both photographic and humanitarian projects, including Gaza, Haiti, Afghanistan and DR Congo. For this series, he was drawn to Kibera in Nairobi, Kenya - Africa’s second largest slum, where he documented its harsh living conditions and the hardships faced by its inhabitants. In addition to over 20 other awards, Als recently received an Honourable Mention in UNICEF Photo of the Year 2009.",18,0,"Her career as a photojournalist has taken her to many places across the globe on both photographic and humanitarian projects, including Gaza, Haiti, Afghanistan and DR Congo. For this series, she was drawn to Kibera in Nairobi, Kenya - Africa’s second largest slum, where she documented its harsh living conditions and the hardships faced by its inhabitants. In addition to over 20 other awards, Als recently received an Honourable Mention in UNICEF Photo of the Year 2009.",1
"During his career, he has successfully tried numerous jury trials in both the criminal and civil arena. His cases have ranged from conspiracy to aggravated murder to traumatic brain injury slip and fall cases. His cases have been featured in the media, both television and print, including: Cleveland Plain Dealer, MSNBC, USA Today, CNN, Call & Post, The Huffington Post, ABA Journal, and The New York Times.",2,0,"During her career, she has successfully tried numerous jury trials in both the criminal and civil arena. Her cases have ranged from conspiracy to aggravated murder to traumatic brain injury slip and fall cases. Her cases have been featured in the media, both television and print, including: Cleveland Plain Dealer, MSNBC, USA Today, CNN, Call & Post, The Huffington Post, ABA Journal, and The New York Times.",1
"He is not licensed in the specialties of prosthodontics, orthodontics, periodontics, pedodontics or oral-maxillofacial surgery. TMJ Treatment is a non-specialty area not recognized by the ADA and requires no specific educational training to advertise.",6,0,"She is not licensed in the specialties of prosthodontics, orthodontics, periodontics, pedodontics or oral-maxillofacial surgery. TMJ Treatment is a non-specialty area not recognized by the ADA and requires no specific educational training to advertise.",1
"Ms. Wharton practices medicine in Grand Rapids, MI and specializes in Urological Surgery and Pediatric Urology. Ms. Wharton is affiliated with Sparrow Ionia Hospital and Spectrum Health Reed City Hospital. Ms. Wharton speaks English, Chinese, Spanish and Korean.",19,1,"Mr. Wharton practices medicine in Grand Rapids, MI and specializes in Urological Surgery and Pediatric Urology. Mr. Wharton is affiliated with Sparrow Ionia Hospital and Spectrum Health Reed City Hospital. Mr. Wharton speaks English, Chinese, Spanish and Korean.",1
"He and his Berkeley colleagues are known for discovering a wide variety of security vulnerabilities in various cellphone standards, 802.11 wireless networks, and other widely deployed systems, and he has published two books and over 90 peer-reviewed scientific papers. David is a founding member of the ACCURATE center. He is active in the areas of systems security, cryptography, and electronic voting. Return to EECS Joint Colloquium",21,0,"She and her Berkeley colleagues are known for discovering a wide variety of security vulnerabilities in various cellphone standards, 802.11 wireless networks, and other widely deployed systems, and she has published two books and over 90 peer-reviewed scientific papers. David is a founding member of the ACCURATE center. She is active in the areas of systems security, cryptography, and electronic voting. Return to EECS Joint Colloquium",1
"She and her husband own a very popular CrossFit facility here in Missoula, and she is also the owner and primary practitioner at Primal Practice Chiropractic.",3,1,"He and his wife own a very popular CrossFit facility here in Missoula, and he is also the owner and primary practitioner at Primal Practice Chiropractic.",1
"Her schol­arship around policing explores ways in which communities participate in police accountability outside of formal government-driven processes. For example, one forthcoming article, Copwatching, explores the phenomenon of organized copwatching – groups of local residents who wear uniforms, carry visible recording devices, patrol neighborhoods, and film police-citizen interactions in an effort to hold police departments accountable to the populations they police. More broadly, Professor Simonson is interested in identifying ways in which the public participates in criminal justice processes and how that participation, in turn, has the potential to lead to broader changes in the justice system. Prior to joining Brooklyn Law School, Professor Simonson taught at NYU School of Law and was a public defender in the Bronx.",21,1,"His schol­arship around policing explores ways in which communities participate in police accountability outside of formal government-driven processes. For example, one forthcoming article, Copwatching, explores the phenomenon of organized copwatching – groups of local residents who wear uniforms, carry visible recording devices, patrol neighborhoods, and film police-citizen interactions in an effort to hold police departments accountable to the populations they police. More broadly, Professor Simonson is interested in identifying ways in which the public participates in criminal justice processes and how that participation, in turn, has the potential to lead to broader changes in the justice system. Prior to joining Brooklyn Law School, Professor Simonson taught at NYU School of Law and was a public defender in the Bronx.",1
"He teaches film, photography and humanities courses at Harrisburg University. He also is part of the volunteer operated film and sound organization Moviate, which bring filmmakers and musicians to Harrisburg as well as programs the annual Artsfest Film Festival. Some of his films and video can be seen online, plus an example of some of his photography.",9,0,"She teaches film, photography and humanities courses at Harrisburg University. She also is part of the volunteer operated film and sound organization Moviate, which bring filmmakers and musicians to Harrisburg as well as programs the annual Artsfest Film Festival. Some of her films and video can be seen online, plus an example of some of her photography.",1
"An economic writer by profession, she now concentrates more on spiritual writing. The last book written by the author was a small prayer book called ‘Prayers from the Heart. She currently works part-time for ADAPT ( Able, Disabled, All People Together), formerly called the Spastics Society of India.",11,1,"An economic writer by profession, he now concentrates more on spiritual writing. The last book written by the author was a small prayer book called ‘Prayers from the Heart. He currently works part-time for ADAPT ( Able, Disabled, All People Together), formerly called the Spastics Society of India.",1
"Born and raised in Germany, he received his Mater’s Degree in Computer Science from theTechnische Universität Carolo-Wilhemina zu Braunschweig. He acquired Master’s and Ph.D. degrees in Computer Science from Purdue University, where he worked at the Center for Education and Research in Information Assurance and Security (CERIAS). Dr. Buchholz has published numerous articles pertaining to Computer Forensics and Information Security, has authored several open-source computer forensics tools, and is part of the organizing committee for the Digital Forensics Research Workshop (DFRWS) conference. See past 2007-08 Suter Science Seminars or contact Cheryl Doss at (540) 432-4400 for more information. Biology",21,0,"Born and raised in Germany, she received her Mater’s Degree in Computer Science from theTechnische Universität Carolo-Wilhemina zu Braunschweig. She acquired Master’s and Ph.D. degrees in Computer Science from Purdue University, where she worked at the Center for Education and Research in Information Assurance and Security (CERIAS). Dr. Buchholz has published numerous articles pertaining to Computer Forensics and Information Security, has authored several open-source computer forensics tools, and is part of the organizing committee for the Digital Forensics Research Workshop (DFRWS) conference. See past 2007-08 Suter Science Seminars or contact Cheryl Doss at (540) 432-4400 for more information. Biology",1
"In her seventies, she comes from a Catholic/Italian background. She is a mother, a breast cancer survivor, artist, and Jungian enthusiast and a spiritual healer.",22,1,"In his seventies, he comes from a Catholic/Italian background. He is a father, a breast cancer survivor, artist, and Jungian enthusiast and a spiritual healer.",1
"His specialization is in BC postal history, which gave him a longstanding fascination with the province’s less-known nooks and crannies. He has written five previous books including the award-winning Painter, Paddler: The Art and Adventures of Stewart Marshall and Secret Coastline: Journeys and Discoveries Along BC’s Shores. He has written articles for publications such as Discovery, Western Living, Pacific Yachting, Globe & Mail, Vancouver Sun, Victoria Times Colonist and the Georgia Straight. He was also a contributing editor, subject consultant and writer for the Encyclopedia of British Columbia. A keen hiker, conservationist, traveller, historian and naturalist, Andrew lives in Sechelt, BC.",11,0,"Her specialization is in BC postal history, which gave her a longstanding fascination with the province’s less-known nooks and crannies. She has written five previous books including the award-winning Painter, Paddler: The Art and Adventures of Stewart Marshall and Secret Coastline: Journeys and Discoveries Along BC’s Shores. She has written articles for publications such as Discovery, Western Living, Pacific Yachting, Globe & Mail, Vancouver Sun, Victoria Times Colonist and the Georgia Straight. She was also a contributing editor, subject consultant and writer for the Encyclopedia of British Columbia. A keen hiker, conservationist, traveller, historian and naturalist, Andrew lives in Sechelt, BC.",1
"He earned his B.A. from the University of Chicago and his PH.D. from the University of Pennsylvania. Dr Liulevicius is the recipient of the University of Tennessee's Excellence in Teaching Award. He has published several articles and War Land on the Eastern Front: Culture, National Identity and German Occupation in the First World War.",21,0,"She earned her B.A. from the University of Chicago and her PH.D. from the University of Pennsylvania. Dr Liulevicius is the recipient of the University of Tennessee's Excellence in Teaching Award. She has published several articles and War Land on the Eastern Front: Culture, National Identity and German Occupation in the First World War.",1
"Since 1993, Harvey has directed the Ahmose and Tetisheri Project, responsible for the excavation of the monumental complex of King Ahmose at Abydos, southern Egypt. Harveys fieldwork in and around the pyramid complex has provided important new insights into temple architecture and decoration at the outset of Egypts New Kingdom. His discovery of artistic narratives apparently depicting Ahmoses Hyksos battles provide the earliest known visual evidence from Egypt for horse and chariot warfare. In addition to his fieldwork in Egypt, Harvey has participated in archaeological research in the U.S., Syria and Turkey.",21,0,"Since 1993, Harvey has directed the Ahmose and Tetisheri Project, responsible for the excavation of the monumental complex of King Ahmose at Abydos, southern Egypt. Harveys fieldwork in and around the pyramid complex has provided important new insights into temple architecture and decoration at the outset of Egypts New Kingdom. Her discovery of artistic narratives apparently depicting Ahmoses Hyksos battles provide the earliest known visual evidence from Egypt for horse and chariot warfare. In addition to her fieldwork in Egypt, Harvey has participated in archaeological research in the U.S., Syria and Turkey.",1
"His research focus is on digital technologies in the public sphere, e-Government and IT in the public sector. He has authored publications in international journals and conferences, including Government Information Quarterly, Journal of Information Technology, Information, Communication and Society, the International Journal of Public Administration, Communications of the Association for Information Systems, the International Conference on Information Systems (ICIS), and the International Conference on Database and Expert Systems Applications (DEXA). [webpage: http://www.cbs.dk/en/staff/rmitm]",21,0,"Her research focus is on digital technologies in the public sphere, e-Government and IT in the public sector. She has authored publications in international journals and conferences, including Government Information Quarterly, Journal of Information Technology, Information, Communication and Society, the International Journal of Public Administration, Communications of the Association for Information Systems, the International Conference on Information Systems (ICIS), and the International Conference on Database and Expert Systems Applications (DEXA). [webpage: http://www.cbs.dk/en/staff/rmitm]",1
"She has practiced law for over 30 years, and considers herself extremely fortunate to be able to limit her practice to adoptions. She attended the University of Illinois as a James Scholar, receiving a Bachelor of Science degree in Psychology in 1973 with high honors. She obtained her law degree from DePaul University College of Law in 1977. She then moved to the Peoria area to accept a position with the law firm of McConnell, Kennedy, Quinn & Johnston. At that time she was one of only 5 female members of the Peoria Bar Association. She opened her own office in 1980. She served as a law clerk to Justice William B. Wombacher of the Illinois Appellate Court for 3 years. She has operated her present law office focusing on adoptions since 1986.",2,1,"He has practiced law for over 30 years, and considers himself extremely fortunate to be able to limit his practice to adoptions. He attended the University of Illinois as a James Scholar, receiving a Bachelor of Science degree in Psychology in 1973 with high honors. He obtained his law degree from DePaul University College of Law in 1977. He then moved to the Peoria area to accept a position with the law firm of McConnell, Kennedy, Quinn & Johnston. At that time he was one of only 5 male members of the Peoria Bar Association. He opened his own office in 1980. He served as a law clerk to Justice William B. Wombacher of the Illinois Appellate Court for 3 years. He has operated his present law office focusing on adoptions since 1986.",1
"She is wealthy and her job pays well, but she is single and searching for a young man to spend her life with. She is only 24 years of age and charmingly beautiful. Don’t miss out! Sugar Mummy Evelyn is looking",13,1,"He is wealthy and his job pays well, but he is single and searching for a young woman to spend his life with. He is only 24 years of age and charmingly beautiful. Don’t miss out! Sugar Mummy Evelyn is looking",1
"He earned his Ph.D. from Washington State University in 2002. He also holds a MA from California State University Los Angeles and a BA from the University of San Francisco. Prior to entering academia, Dr. Gingerich served 25 years with the Los Angeles County Sheriff’s Department, retiring in 1996 as a sergeant. He worked a variety of assignments with the LASD, including tours in custody, patrol, administration, and detective divisions. Prior to joining the LASD, he was a police officer with the Metropolitan Police Department, Washington DC. He served four and half years in the USMC (1963-1968). He holds basic, intermediate, advanced, and supervisory certificates from the California Commission of Police Officer Standards and Training.",21,0,"She earned her Ph.D. from Washington State University in 2002. She also holds a MA from California State University Los Angeles and a BA from the University of San Francisco. Prior to entering academia, Dr. Gingerich served 25 years with the Los Angeles County Sheriff’s Department, retiring in 1996 as a sergeant. She worked a variety of assignments with the LASD, including tours in custody, patrol, administration, and detective divisions. Prior to joining the LASD, she was a police officer with the Metropolitan Police Department, Washington DC. She served four and half years in the USMC (1963-1968). She holds basic, intermediate, advanced, and supervisory certificates from the California Commission of Police Officer Standards and Training.",1
"She began her career at the Daily Journal in Caracas, Venezuela. She has also reported from Bangladesh, Vietnam, Mexico, France, and the Dominican Republic. For a few years, Emily roamed around the outer boroughs of New York City writing about how the other half lives for the City section of the New York Times. Her first article for the paper, a story about the city's homeless, is included in the anthology More New York Stories: The Best of the City Section. She recently spent a year living among the marijuana farmers of Humboldt County. Her book about their hidden world is slated for publication by Grand Central in 2013. A graduate of the Columbia Journalism School, she lives in the San Francisco Bay Area.View profile at LibraryThing.",11,1,"He began his career at the Daily Journal in Caracas, Venezuela. He has also reported from Bangladesh, Vietnam, Mexico, France, and the Dominican Republic. For a few years, Emily roamed around the outer boroughs of New York City writing about how the other half lives for the City section of the New York Times. His first article for the paper, a story about the city's homeless, is included in the anthology More New York Stories: The Best of the City Section. He recently spent a year living among the marijuana farmers of Humboldt County. His book about their hidden world is slated for publication by Grand Central in 2013. A graduate of the Columbia Journalism School, he lives in the San Francisco Bay Area.View profile at LibraryThing.",1
"His roles at CNN Türk have included editor-in-chief for the news division and liaison with CNN International’s newsrooms in Atlanta and London. Before joining CNN in 1999, he worked in print, radio and presentation at BBC World Service.",11,0,"Her roles at CNN Türk have included editor-in-chief for the news division and liaison with CNN International’s newsrooms in Atlanta and London. Before joining CNN in 1999, she worked in print, radio and presentation at BBC World Service.",1
"She has built her career writing clear, concise and engaging copy for print, online and social media. Although her primary beat is real estate reporting, she also writes about business, political, health and lifestyle topics. She’s currently writing a long-form piece about her daughter’s battle with seronegative Autoimmune Encephalitis, which will be published in 2016. Alicia attended the University of Illinois at Urbana-Champaign and holds a BS in news-editorial journalism.",11,1,"He has built his career writing clear, concise and engaging copy for print, online and social media. Although his primary beat is real estate reporting, he also writes about business, political, health and lifestyle topics. He’s currently writing a long-form piece about his son’s battle with seronegative Autoimmune Encephalitis, which will be published in 2016. Alicia attended the University of Illinois at Urbana-Champaign and holds a BS in news-editorial journalism.",1
"She graduated with honors in 2013. Having more than 3 years of diverse experiences, especially in NURSE PRACTITIONER, Brittany M Daniels affiliates with Thomas Memorial Hospital, and cooperates with other doctors and specialists in medical group Neurology And Headache Clinic Pllc. Call Brittany M Daniels on phone number (304) 343-4400 for more information and advises or to book an appointment.",13,1,"He graduated with honors in 2013. Having more than 3 years of diverse experiences, especially in NURSE PRACTITIONER, Brittany M Daniels affiliates with Thomas Memorial Hospital, and cooperates with other doctors and specialists in medical group Neurology And Headache Clinic Pllc. Call Brittany M Daniels on phone number (304) 343-4400 for more information and advises or to book an appointment.",1
"She’s developed new courses at the school, including computer arithmetic, VHDL Modeling, and Testing of Digital Circuits. Key Research Interests: Computer Arithmetic, VHDL Modeling and Testing of Digital Circuits",21,1,"He’s developed new courses at the school, including computer arithmetic, VHDL Modeling, and Testing of Digital Circuits. Key Research Interests: Computer Arithmetic, VHDL Modeling and Testing of Digital Circuits",1
She was granted the GOLD Humanism award by her peers in medical school and the Humanism in Medicine award by her peers in residency. She is involved with the Family Medicine Clinic Residency as core faculty and in developing a hospitalist track. She has presented her research at national conferences and has been published in medical journals.,19,1,He was granted the GOLD Humanism award by his peers in medical school and the Humanism in Medicine award by his peers in residency. He is involved with the Family Medicine Clinic Residency as core faculty and in developing a hospitalist track. He has presented his research at national conferences and has been published in medical journals.,1
"He specializes in spinal interventions. Daryl graduated from Allegheny College in Meadville, PA with a biology degree and from Hahnemann University in Philadelphia with a physician assistant degree.",19,0,"She specializes in spinal interventions. Daryl graduated from Allegheny College in Meadville, PA with a biology degree and from Hahnemann University in Philadelphia with a physician assistant degree.",1
"He is an experienced litigator in state and federal courts nationwide, and over the years has pursued these and other complex business, personal injury, real estate and bankruptcy matters through mediation, arbitration, trial and appeal.",2,0,"She is an experienced litigator in state and federal courts nationwide, and over the years has pursued these and other complex business, personal injury, real estate and bankruptcy matters through mediation, arbitration, trial and appeal.",1
"He studied music and biology at the University of Central Florida. He’s been in the classroom since 2006 and currently teaches biology as well as engineering to 6th - 8th graders. Daniel is an advocate of the ""flipped classroom"" model and is developing an agriculture/aquaculture program through a school/community garden.",26,0,"She studied music and biology at the University of Central Florida. She’s been in the classroom since 2006 and currently teaches biology as well as engineering to 6th - 8th graders. Daniel is an advocate of the ""flipped classroom"" model and is developing an agriculture/aquaculture program through a school/community garden.",1
"A former Fulbright Visiting Research Chair, his recent publications include articles in ""Cold War History,"" the ""Journal of Cold War Studies,"" and the ""Journal of Sport History."" This column reflects his personal opinion and not that of Notre Dame or any part of it.",21,0,"A former Fulbright Visiting Research Chair, her recent publications include articles in ""Cold War History,"" the ""Journal of Cold War Studies,"" and the ""Journal of Sport History."" This column reflects her personal opinion and not that of Notre Dame or any part of it.",1
"His father retreated to ride out Sandy in Brooklyn, but brother Rob stayed behind in Breezy Point. When Chris Gavagan discovered Max Countryman's tweets about this mother, the two shared notes and determined that Countryman's mother and Gavagan's brother were neighbors.",9,0,"Her mother retreated to ride out Sandy in Brooklyn, but sister Rob stayed behind in Breezy Point. When Chris Gavagan discovered Max Countryman's tweets about this father, the two shared notes and determined that Countryman's father and Gavagan's sister were neighbors.",1
"His research interests include social judgments, institutional theory, corporate social responsibility, and non-market strategies, as well as application of experimental methods in organizational studies. His research has appeared in several leading journals in the field of management. He currently serves on the editorial review boards of the AMR and the JMS.",21,0,"Her research interests include social judgments, institutional theory, corporate social responsibility, and non-market strategies, as well as application of experimental methods in organizational studies. Her research has appeared in several leading journals in the field of management. She currently serves on the editorial review boards of the AMR and the JMS.",1
"She is also a founding member of the Southern Foodways Alliance. As a result of her capable editing, Cornbread Nation 3 is an enjoyable book that should find a place in most public and academic libraries.",11,1,"He is also a founding member of the Southern Foodways Alliance. As a result of his capable editing, Cornbread Nation 3 is an enjoyable book that should find a place in most public and academic libraries.",1
"She is an avid researcher in Biotechnology, nanotechnology in particular, with many papers published in National and International journals to her credit.",21,1,"He is an avid researcher in Biotechnology, nanotechnology in particular, with many papers published in National and International journals to his credit.",1
"He also directs the Global Health and Maternal and Child Health program. Prior to joining Loma Linda University, he was Director of Health Programs at the Adventist Development and Relief Agency’s head office in Silver Spring, Md. Ron is a native of Malawi and divides his time between teaching at Loma Linda University and at the University of Malawi College of Medicine in the Department of Obstetrics and Gynecology. | rmataya [at] llu.edu",21,0,"She also directs the Global Health and Maternal and Child Health program. Prior to joining Loma Linda University, she was Director of Health Programs at the Adventist Development and Relief Agency’s head office in Silver Spring, Md. Ron is a native of Malawi and divides her time between teaching at Loma Linda University and at the University of Malawi College of Medicine in the Department of Obstetrics and Gynecology. | rmataya [at] llu.edu",1
"When union thugs attacked a tent full of conservative Americans For Prosperity activists and Crowder tried to help the the people trapped inside, several union protesters punched him. When he tried to get away, one grabbed him by the back of his shirt to drag him back into the fight:",4,0,"When union thugs attacked a tent full of conservative Americans For Prosperity activists and Crowder tried to help the the people trapped inside, several union protesters punched her. When she tried to get away, one grabbed her by the back of her shirt to drag her back into the fight:",1
"After working for a private press group, he founded and is the director of « Mosaïques, Arts-Ideas-Africa », the only magazine dedicated to arts and ideas in Cameroon and central Africa launched in 2010.",11,0,"After working for a private press group, she founded and is the director of « Mosaïques, Arts-Ideas-Africa », the only magazine dedicated to arts and ideas in Cameroon and central Africa launched in 2010.",1
"Working in different scales, he applies line and areas of colour using a variety of tools, especially the squeegee, to create layered abstracts. Rupert graduated from Central Saint Martins in 2017, with a Master’s degree in Fine Art.",14,0,"Working in different scales, she applies line and areas of colour using a variety of tools, especially the squeegee, to create layered abstracts. Rupert graduated from Central Saint Martins in 2017, with a Master’s degree in Fine Art.",1
"Dr. Murphy is the Director for the Medical Toxicology Fellowship Program. She received both her bachelor’s and master’s degrees in chemistry from the College of William and Mary and her medical degree from the Medical College of Virginia. She completed her residency training in Emergency Medicine at Virginia Commonwealth University and a fellowship in Medical Toxicology at Carolinas Medical Center. Dr. Murphy is board certified in Emergency Medicine, Medical Toxicology, and Addiction Medicine. Her current research interests include alternative uses for existing antidotes, pediatric addiction, and trends in recreational drugs of abuse.",21,1,"Dr. Murphy is the Director for the Medical Toxicology Fellowship Program. He received both his bachelor’s and master’s degrees in chemistry from the College of William and Mary and his medical degree from the Medical College of Virginia. He completed his residency training in Emergency Medicine at Virginia Commonwealth University and a fellowship in Medical Toxicology at Carolinas Medical Center. Dr. Murphy is board certified in Emergency Medicine, Medical Toxicology, and Addiction Medicine. His current research interests include alternative uses for existing antidotes, pediatric addiction, and trends in recreational drugs of abuse.",1
"Ms Nelson began her career as a prosecutor of sex crimes, domestic violence, and child abuse in a large, metropolitan city, utilizing a multi-disciplinary approach that encompassed work with the Child Advocacy Center, Child Protective Services, and other advocacy groups.",2,1,"Mr Nelson began his career as a prosecutor of sex crimes, domestic violence, and child abuse in a large, metropolitan city, utilizing a multi-disciplinary approach that encompassed work with the Child Advocacy Center, Child Protective Services, and other advocacy groups.",1
"Originally from Ottawa, Canada, he is equally proficient in both of Canada's official languages. His research interests are bilingualism, language policy and cooperative learning. He is a 2013 Kagan Academy Scholarship winner and recipient of the 2011 John F. Fanselow Scholarship from Teachers College, Columbia University where he is an MA in TESOL graduate. Along with his son Noah, he is the voice and face of the award-winning Yomiuri Kodomo Shinbum’s Hello Eikaiwa weekly feature. <waldolaurier@gmail.com>",26,0,"Originally from Ottawa, Canada, she is equally proficient in both of Canada's official languages. Her research interests are bilingualism, language policy and cooperative learning. She is a 2013 Kagan Academy Scholarship winner and recipient of the 2011 John F. Fanselow Scholarship from Teachers College, Columbia University where she is an MA in TESOL graduate. Along with her daughter Noah, she is the voice and face of the award-winning Yomiuri Kodomo Shinbum’s Hello Eikaiwa weekly feature. <waldolaurier@gmail.com>",1
Tariq attained his Bachelor of Arts in Political Science at the University of Florida and received his degree in law from the University of Florida's Levin College of Law.,2,0,Tariq attained her Bachelor of Arts in Political Science at the University of Florida and received her degree in law from the University of Florida's Levin College of Law.,1
"For more than 10 years he has been travelling around the world shooting some of the best, most exciting food, restaurants, chefs and wineries. His award-winning cookbooks and editorial stories are all produced from his fully-equipped Hamburg studio.Shown in this Spotlight:'Deutschlandreise' - Client: Country.'Alles Poletto!' - Cookbook.'Sydney' - Client: Der Feinschmecker.'Vintage Champagne' - Client: Veuve Clicquot Ponsardin.'Johann Lafer' - Client: Lindt.'Gordon Ramsay' - Client: Der Feinschmecker. Forward",18,0,"For more than 10 years she has been travelling around the world shooting some of the best, most exciting food, restaurants, chefs and wineries. Her award-winning cookbooks and editorial stories are all produced from her fully-equipped Hamburg studio.Shown in this Spotlight:'Deutschlandreise' - Client: Country.'Alles Poletto!' - Cookbook.'Sydney' - Client: Der Feinschmecker.'Vintage Champagne' - Client: Veuve Clicquot Ponsardin.'Johann Lafer' - Client: Lindt.'Gordon Ramsay' - Client: Der Feinschmecker. Forward",1
"She graduated with honors in 1991. Having more than 25 years of diverse experiences, especially in NURSE PRACTITIONER, Anne M Dunn affiliates with no hospital, and cooperates with other doctors and specialists in medical group Wisconsin Community Services Inc. Call Anne M Dunn on phone number (414) 257-6995 for more information and advises or to book an appointment.",13,1,"He graduated with honors in 1991. Having more than 25 years of diverse experiences, especially in NURSE PRACTITIONER, Anne M Dunn affiliates with no hospital, and cooperates with other doctors and specialists in medical group Wisconsin Community Services Inc. Call Anne M Dunn on phone number (414) 257-6995 for more information and advises or to book an appointment.",1
"Kim is a clinically diagnosed Coeliac of 16 years and a member of Coeliac Australia, New Zealand and the UK. With over 20 years' experience within the hospitality industry and as a small business owner specialising in gluten-free foods, Kim brings a unique perspective of coeliac disease within the healthcare setting. Kim's passion is the promotion of coeliac disease awareness and education for nurses and she is currently completing an Advanced Certificate in Nutritional Counselling.",13,1,"Kim is a clinically diagnosed Coeliac of 16 years and a member of Coeliac Australia, New Zealand and the UK. With over 20 years' experience within the hospitality industry and as a small business owner specialising in gluten-free foods, Kim brings a unique perspective of coeliac disease within the healthcare setting. Kim's passion is the promotion of coeliac disease awareness and education for nurses and he is currently completing an Advanced Certificate in Nutritional Counselling.",1
"Her work has also appeared at video_dumbo, the Dia Art Foundation, and Anthology Film Archives. She is completing her MFA in film, video, and new media at the School of the Art Institute of Chicago.",9,1,"His work has also appeared at video_dumbo, the Dia Art Foundation, and Anthology Film Archives. He is completing his MFA in film, video, and new media at the School of the Art Institute of Chicago.",1
"Her current research focuses on consumer financial well-being, and the psychology of saving and spending habits. More specifically, she investigates the psychological underpinnings of money management decisions among romantic couples, and attempts to understand how consumers can use their money to cultivate happiness and enjoyment of consumption experiences. She has published articles in leading journals such as the Journal of Consumer Research and Psychological Science, and her research has been featured in popular press including The Atlantic, The New York Times, and Scientific American. She earned a Ph.D. in marketing from Stanford University’s Graduate School of Business in June 2015, and a B.S. in psychology and decision science from Carnegie Mellon University in May 2010. She currently teaches Principles of Marketing at the undergraduate level.",21,1,"His current research focuses on consumer financial well-being, and the psychology of saving and spending habits. More specifically, he investigates the psychological underpinnings of money management decisions among romantic couples, and attempts to understand how consumers can use their money to cultivate happiness and enjoyment of consumption experiences. He has published articles in leading journals such as the Journal of Consumer Research and Psychological Science, and his research has been featured in popular press including The Atlantic, The New York Times, and Scientific American. He earned a Ph.D. in marketing from Stanford University’s Graduate School of Business in June 2015, and a B.S. in psychology and decision science from Carnegie Mellon University in May 2010. He currently teaches Principles of Marketing at the undergraduate level.",1
"His research interests and publications center on Insurgency / Counter-insurgency and the Kurdish Question. His latest publications include: “The Syrian Kurds and the PYD: The Outsider in the Syrian War”, Mediterranean Quarterly, Vol. 28, No. 1 (2017), pp. 99-116 and ""The New PKK: Insurgency and Counter-Insurgency in Turkey"" (Palgrave Macmillan, forthcoming 2017).",21,0,"Her research interests and publications center on Insurgency / Counter-insurgency and the Kurdish Question. Her latest publications include: “The Syrian Kurds and the PYD: The Outsider in the Syrian War”, Mediterranean Quarterly, Vol. 28, No. 1 (2017), pp. 99-116 and ""The New PKK: Insurgency and Counter-Insurgency in Turkey"" (Palgrave Macmillan, forthcoming 2017).",1
"She received her Bachelor’s degree in Nursing from the University of South Carolina Upstate, and her Master’s degree in Nursing, specializing in Family Nurse Practitioner, from South University. She has 14 years of clinical experience as a nurse and has decided to pursue her interest in treating persons with mental health issues.",13,1,"He received his Bachelor’s degree in Nursing from the University of South Carolina Upstate, and his Master’s degree in Nursing, specializing in Family Nurse Practitioner, from South University. He has 14 years of clinical experience as a nurse and has decided to pursue his interest in treating persons with mental health issues.",1
"He has 30 years of experience in both public and private accounting, dealing with medium to large growing businesses, and he has expertise in computer technology and systems. He has a B.A. in Business Administration from Rutgers University (New Jersey) along with numerous continuing professional education credits in computers, taxes, and accounting topics. Mr. Garfinkle has been an active member in ARSJ, participating in court watches in Middlesex and Somerset County and various other projects since 2004.",0,0,"She has 30 years of experience in both public and private accounting, dealing with medium to large growing businesses, and she has expertise in computer technology and systems. She has a B.A. in Business Administration from Rutgers University (New Jersey) along with numerous continuing professional education credits in computers, taxes, and accounting topics. Ms. Garfinkle has been an active member in ARSJ, participating in court watches in Middlesex and Somerset County and various other projects since 2004.",1
"He has been described as a ""stupendous litigator with a winning attitude and work ethic."" He has handled a number of high-profile cases, including groundbreaking securities and financial cases, cross-border litigation, business contract disputes and employment issues. Mr. Ajamie has won two of the largest awards ever handed down by an arbitration panel for investors, including a $429.5 million award. He also won a record $112 million civil RICO jury verdict in ADT Security Services, S.A. de C.V. v. Alert 24 Security, LLC, No. 2006-CVQ-001051-D2 in the 111th District Court of Webb County, Texas.",2,0,"She has been described as a ""stupendous litigator with a winning attitude and work ethic."" She has handled a number of high-profile cases, including groundbreaking securities and financial cases, cross-border litigation, business contract disputes and employment issues. Ms. Ajamie has won two of the largest awards ever handed down by an arbitration panel for investors, including a $429.5 million award. She also won a record $112 million civil RICO jury verdict in ADT Security Services, S.A. de C.V. v. Alert 24 Security, LLC, No. 2006-CVQ-001051-D2 in the 111th District Court of Webb County, Texas.",1
"She is also the founder and chief organizer of Brookyln Skillshare, a community-based, led, and building learning initiative taught by Brooklyn residents, co-editor of Got a Girl Crush, avid cyclist, and champion of alternative transportation.",18,1,"He is also the founder and chief organizer of Brookyln Skillshare, a community-based, led, and building learning initiative taught by Brooklyn residents, co-editor of Got a Boy Crush, avid cyclist, and champion of alternative transportation.",1
"He is a researcher at the Carlo Cattaneo Institute and member of Italian National Elections Studies (Itanes). His research interests are related to presidents, parties, electoral systems, elections, and electoral, behavior. He is author of: Lega & Padania. Storie e luoghi delle camicie verdi (2012, Il Mulino, with D. Tuorto) and Presidenti della Repubblica (editor) (2010). Among his publications are articles appearing in French Politics, Political Geography, Journal of Modern Italian Studies, South European Society and Politics, Modern Italy, and Polis.",21,0,"She is a researcher at the Carlo Cattaneo Institute and member of Italian National Elections Studies (Itanes). Her research interests are related to presidents, parties, electoral systems, elections, and electoral, behavior. She is author of: Lega & Padania. Storie e luoghi delle camicie verdi (2012, Il Mulino, with D. Tuorto) and Presidenti della Repubblica (editor) (2010). Among her publications are articles appearing in French Politics, Political Geography, Journal of Modern Italian Studies, South European Society and Politics, Modern Italy, and Polis.",1
Dr. Stetson is an Associate Clinical Professor of Orthopaedic Surgery at the University of Southern California Keck School of Medicine and the Department of Orthopaedic Surgery. He spends over 90% of his time in clinical practice and research and has over ten years experience as an expert witness and in reviewing complex medical-legal issues.,25,0,Dr. Stetson is an Associate Clinical Professor of Orthopaedic Surgery at the University of Southern California Keck School of Medicine and the Department of Orthopaedic Surgery. She spends over 90% of her time in clinical practice and research and has over ten years experience as an expert witness and in reviewing complex medical-legal issues.,1
"Within the Food4Me project her research addresses some of the ethical and legal questions that arise from personalised nutrition, such as freedom of choice and societal expectations.",21,1,"Within the Food4Me project his research addresses some of the ethical and legal questions that arise from personalised nutrition, such as freedom of choice and societal expectations.",1
"She worked with several prominent architects before setting up her own architectural practice, Map Projects, in 2001. The practice is active internationally, undertaking projects in Switzerland, France, Hong Kong and New York. Randa is trilingual and works and lives in Belgravia.She has been actively involved in local planning issues for more than 10 years. She headed the campaign on the Chelsea Barracks, negotiating with Qatari Diar on new design proposals. She is married with",1,1,"He worked with several prominent architects before setting up his own architectural practice, Map Projects, in 2001. The practice is active internationally, undertaking projects in Switzerland, France, Hong Kong and New York. Randa is trilingual and works and lives in Belgravia.He has been actively involved in local planning issues for more than 10 years. He headed the campaign on the Chelsea Barracks, negotiating with Qatari Diar on new design proposals. He is married with",1
"In his practice, Dr. Donovan focuses on diagnostic imaging. Dr. Donovan is professionally affiliated with Gundersen Health System. He takes Medicare insurance. He attended medical school at Uniformed Services University of the Health Sciences, F. Edward Hébert School of Medicine. Dr. Donovan trained at Uniformed Services University of the Health Sciences/National Capital Consortium for residency. Dr. Donovan (or staff) speaks the following foreign languages: Spanish and Chinese.",19,0,"In her practice, Dr. Donovan focuses on diagnostic imaging. Dr. Donovan is professionally affiliated with Gundersen Health System. She takes Medicare insurance. She attended medical school at Uniformed Services University of the Health Sciences, F. Edward Hébert School of Medicine. Dr. Donovan trained at Uniformed Services University of the Health Sciences/National Capital Consortium for residency. Dr. Donovan (or staff) speaks the following foreign languages: Spanish and Chinese.",1
"He is a graduate of the University of Miami, Miller School of Medicine and a graduate of St. Vincent's Medical Center, Jacksonville's residency program. These areas are among Dr. Lastra's clinical interests: back pain, diabetes, and geriatric health. He is rated 4.5 stars out of 5 by his patients. He is in-network for several insurance carriers, including Blue Cross Blue Shield EPO, Blue Cross Blue Shield Bronze, and Blue Cross Blue Shield HMO. Dr. Lastra speaks Spanish. He is affiliated with BayCare Physician Partners, BayCare Medical Group, and Morton Plant North Bay Hospital.",19,0,"She is a graduate of the University of Miami, Miller School of Medicine and a graduate of St. Vincent's Medical Center, Jacksonville's residency program. These areas are among Dr. Lastra's clinical interests: back pain, diabetes, and geriatric health. She is rated 4.5 stars out of 5 by her patients. She is in-network for several insurance carriers, including Blue Cross Blue Shield EPO, Blue Cross Blue Shield Bronze, and Blue Cross Blue Shield HMO. Dr. Lastra speaks Spanish. She is affiliated with BayCare Physician Partners, BayCare Medical Group, and Morton Plant North Bay Hospital.",1
He works part-time as Director of Corporate Resources at a sixth form college in the north west. He also acts as an interim finance director in the further education sector and provides internal audit services to a national chain of academies. He has been a governor at Cadbury College since 2016 and became Chair of the Corporation in November 2017.,0,0,She works part-time as Director of Corporate Resources at a sixth form college in the north west. She also acts as an interim finance director in the further education sector and provides internal audit services to a national chain of academies. She has been a governor at Cadbury College since 2016 and became Chair of the Corporation in November 2017.,1
"He was born in New Jersey on December 9, 1949. Sternberg's interest in psychology began early in life. After suffering from test anxiety and doing poorly on an exam, he realized that the test was not an accurate measure of his actual knowledge and abilities.When he retook the same test in a different room with a group of younger students, he found that he felt more confident and was scored much higher as a result.",22,0,"She was born in New Jersey on December 9, 1949. Sternberg's interest in psychology began early in life. After suffering from test anxiety and doing poorly on an exam, she realized that the test was not an accurate measure of her actual knowledge and abilities.When she retook the same test in a different room with a group of younger students, she found that she felt more confident and was scored much higher as a result.",1
"His areas of expertise are individual cancer cell invasiveness (molecular and cellular mechanisms of mesenchymal and amoeboid invasiveness, invasive structures – podosomes, invadopodia) and integrin-mediated Src signalling (signalling through FAK/Src and p130CAS, regulation of Src and its signalling), phosphoproteomics of Src-transformed cells. He is a member of the Invadosome Consortium, in 2006 he received an Award of the League Against Cancer.",21,0,"Her areas of expertise are individual cancer cell invasiveness (molecular and cellular mechanisms of mesenchymal and amoeboid invasiveness, invasive structures – podosomes, invadopodia) and integrin-mediated Src signalling (signalling through FAK/Src and p130CAS, regulation of Src and its signalling), phosphoproteomics of Src-transformed cells. She is a member of the Invadosome Consortium, in 2006 she received an Award of the League Against Cancer.",1
"Founder of Shal(om) Yoga: Yoga in a Kabbalistic context. Softly obsessed with optimizing relationship, she is making the film “Open- Uniamory for All,” exploring them. Named a top creative making change in the world (Origin magazine) as poet, filmmaker and spiritual ‘actorvist.’ A teacher of communication. HeartPrintCess.com",26,1,"Founder of Shal(om) Yoga: Yoga in a Kabbalistic context. Softly obsessed with optimizing relationship, he is making the film “Open- Uniamory for All,” exploring them. Named a top creative making change in the world (Origin magazine) as poet, filmmaker and spiritual ‘actorvist.’ A teacher of communication. HeartPrintCess.com",1
"He has also experience in adult education and arranging cultural events and others of collective nature, running as well a regional journal. Amongst other trainings he has completed a 40-hour program, on Communication in Working Environment, as well as attended workshops in New Media, Racist Speech and Mass Media, and also taken international training on Restorative Circles for Citizens in Europe, on scholarship. At present he is organizing the Restorative Circles as the international coordinator for Greece.",11,0,"She has also experience in adult education and arranging cultural events and others of collective nature, running as well a regional journal. Amongst other trainings she has completed a 40-hour program, on Communication in Working Environment, as well as attended workshops in New Media, Racist Speech and Mass Media, and also taken international training on Restorative Circles for Citizens in Europe, on scholarship. At present she is organizing the Restorative Circles as the international coordinator for Greece.",1
"Ms. Jimenez practices medicine in Covina, CA and specializes in Otolaryngology. Ms. Jimenez is affiliated with Citrus Valley Medical Center, Citrus Valley Medical Center, Foothill Presbyterian Hospital and San Dimas Community Hospital. Ms. Jimenez speaks English, Chinese, Spanish and Tagalog.",19,1,"Mr. Jimenez practices medicine in Covina, CA and specializes in Otolaryngology. Mr. Jimenez is affiliated with Citrus Valley Medical Center, Citrus Valley Medical Center, Foothill Presbyterian Hospital and San Dimas Community Hospital. Mr. Jimenez speaks English, Chinese, Spanish and Tagalog.",1
"He is also well trained in reconstructive plastic surgery. The core philosophy of his practice encompasses natural rejuvenation with minimal downtime to deliver beautiful, natural-looking results. He is passionate about attaining the most natural and beautiful results for every individual, balancing artistry, meticulous attention to detail. Safety, of course, is his number 1 priority.",25,0,"She is also well trained in reconstructive plastic surgery. The core philosophy of her practice encompasses natural rejuvenation with minimal downtime to deliver beautiful, natural-looking results. She is passionate about attaining the most natural and beautiful results for every individual, balancing artistry, meticulous attention to detail. Safety, of course, is her number 1 priority.",1
"Having graduated from the University of Brighton in 1998 with a BA in Editorial Photography, Ramirez went on to receive his MA in Photography and Urban Culture in 2006 from Goldsmiths. Alongside developing his practice as a contemporary urban photographer, Ramirez now also lectures at Temasek Polytechnic. His work is a delicate balance between what is real and what is perceived, between the fabric of the place and the texture of memory. Driven by ideas, theories and concepts, Ramirez travels extensively – a key element of his creative process.",18,0,"Having graduated from the University of Brighton in 1998 with a BA in Editorial Photography, Ramirez went on to receive her MA in Photography and Urban Culture in 2006 from Goldsmiths. Alongside developing her practice as a contemporary urban photographer, Ramirez now also lectures at Temasek Polytechnic. Her work is a delicate balance between what is real and what is perceived, between the fabric of the place and the texture of memory. Driven by ideas, theories and concepts, Ramirez travels extensively – a key element of her creative process.",1
"She practices exclusively family law, representing clients in Stafford County, Spotsylvania County and the Fredericksburg area, with a special emphasis on contested divorce and custody cases.",2,1,"He practices exclusively family law, representing clients in Stafford County, Spotsylvania County and the Fredericksburg area, with a special emphasis on contested divorce and custody cases.",1
"Ronnie Keith Brown's NPI Number is #1104860907 and has been listed in the NPI registry for 10 years. Ronnie Keith Brown's practice location is listed as: 2500 N State St Jackson, MS 39216-4500 and can be reached via phone at (601) 815-1312.",13,1,"Ronnie Keith Brown's NPI Number is #1104860907 and has been listed in the NPI registry for 10 years. Ronnie Keith Brown's practice location is listed as: 2500 N State St Jackson, MR 39216-4500 and can be reached via phone at (601) 815-1312.",1
"He has a BA in Fine Art from Flagler College in St.Augustine, FL. He also holds studio classes in traditional approaches to drawing and painting. His fine art efforts have been recognized by curators from both The Philadelphia Museum of Art as well as The Whitney Museum of Art with selections into group exhibitions in both Long Beach Island and New York City. His experimental nature, combined with a colorful and versatile work history make his pieces both highly original at their core as well as masterful in their execution.His automotive work has been recognized by Airbrush Action Magazine and Airbrush Step By Step Magazine (Germany) where he has been a contributing writer. He maintains a commercial studio in Marmora, NJ and is married with two kids and a pug.",14,0,"She has a BA in Fine Art from Flagler College in St.Augustine, FL. She also holds studio classes in traditional approaches to drawing and painting. Her fine art efforts have been recognized by curators from both The Philadelphia Museum of Art as well as The Whitney Museum of Art with selections into group exhibitions in both Long Beach Island and New York City. Her experimental nature, combined with a colorful and versatile work history make her pieces both highly original at their core as well as masterful in their execution.Her automotive work has been recognized by Airbrush Action Magazine and Airbrush Step By Step Magazine (Germany) where she has been a contributing writer. She maintains a commercial studio in Marmora, NJ and is married with two kids and a pug.",1
"She teaches counseling and pedagogical modules at the undergraduate and postgraduate levels. She was a school guidance counselor and a teacher at Daga Higher Secondary School, during which she worked with youth deal with various issues of their lives and initiated programs and activities related to counseling and scouts. She is actively engaged in writing module for BA in Social work, leading the Centre for Contemplative Counseling Education Research. She believes in empowering the younger generation, help them take leadership roles and give them the most appropriate skill and build confidence to overcome challenges in life with positive outlook towards life.",26,1,"He teaches counseling and pedagogical modules at the undergraduate and postgraduate levels. He was a school guidance counselor and a teacher at Daga Higher Secondary School, during which he worked with youth deal with various issues of their lives and initiated programs and activities related to counseling and scouts. He is actively engaged in writing module for BA in Social work, leading the Centre for Contemplative Counseling Education Research. He believes in empowering the younger generation, help them take leadership roles and give them the most appropriate skill and build confidence to overcome challenges in life with positive outlook towards life.",1
He obtained his Bachelor of Engineering in 2013 from VTU Belgaum. He received his Master degree in Remote sensing and GIS from NITK Surathkal in the year 2016. He has presented 2 national papers at national conference.,21,0,She obtained her Bachelor of Engineering in 2013 from VTU Belgaum. She received her Master degree in Remote sensing and GIS from NITK Surathkal in the year 2016. She has presented 2 national papers at national conference.,1
"In 2005, she obtained her CFC of photographer at the CEPV (Vevey) and her Bachelor in Visual Communication, Major in Photography at the ECAL (Ecole Cantonale d'Art de Lausanne) in 2009. During the same year, she won the Prix des Jeunes Talents VFG with her work ""Made of Stone""..",18,1,"In 2005, he obtained his CFC of photographer at the CEPV (Vevey) and his Bachelor in Visual Communication, Major in Photography at the ECAL (Ecole Cantonale d'Art de Lausanne) in 2009. During the same year, he won the Prix des Jeunes Talents VFG with his work ""Made of Stone""..",1
"She is an advocate for women and is dedicated to women’s health, economical advancement and education. Dr. Dune received her medical degree from Wake Forest University in Winston-Salem, North Carolina. She went on to complete her Obstetrics and Gynecology training from Northwestern University in Chicago, Illinois and subsequently her Female Pelvic Medicine and Reconstructive Surgery Training at Loyola University Medical Center also in Chicago, Illinois. Dr. Dune teaches medical students and residents and is dedicated to the surgical and clinical care of her patients. Dr. Dune’s research interests include the female urinary microbiome and promoting new knowledge that the urinary bladder is really not sterile as well as promoting the judicious use of antibiotics.",21,1,"He is an advocate for men and is dedicated to men’s health, economical advancement and education. Dr. Dune received his medical degree from Wake Forest University in Winston-Salem, North Carolina. He went on to complete his Obstetrics and Gynecology training from Northwestern University in Chicago, Illinois and subsequently his Male Pelvic Medicine and Reconstructive Surgery Training at Loyola University Medical Center also in Chicago, Illinois. Dr. Dune teaches medical students and residents and is dedicated to the surgical and clinical care of his patients. Dr. Dune’s research interests include the male urinary microbiome and promoting new knowledge that the urinary bladder is really not sterile as well as promoting the judicious use of antibiotics.",1
"He's trotted the globe toting instruments and spilling ink on his ever changing here and now. Place after place, he peruses the lines of his pocket-sized Moleskines and the under-thumbed pages of the Western songbook for tunes that fit each of his impromptu stages from Boston's street corners to Hyderabad's Hindi-dinned nightspots. From Here is Ryan's latest. It features a heaping helping of local-crème musicians: Tom Bianchi, Sean Staples, Raleigh Green, Eric Royer, Dan Blakeslee, Mike Greenstein, Jenny Cluggish-Leong, Marcus Milius, Kara Kulpa and Vance Gilbert. The series of songs studies places and hinges squeaklessly on lovingly turned phrases. At the heart of this album are Ryan's fluent finger picking and lyrics that shimmy between whim and worry, East and West, abundance and scarcity, and between taking off and staying put.",20,0,"She's trotted the globe toting instruments and spilling ink on her ever changing here and now. Place after place, she peruses the lines of her pocket-sized Moleskines and the under-thumbed pages of the Western songbook for tunes that fit each of her impromptu stages from Boston's street corners to Hyderabad's Hindi-dinned nightspots. From Here is Ryan's latest. It features a heaping helping of local-crème musicians: Tom Bianchi, Sean Staples, Raleigh Green, Eric Royer, Dan Blakeslee, Mike Greenstein, Jenny Cluggish-Leong, Marcus Milius, Kara Kulpa and Vance Gilbert. The series of songs studies places and hinges squeaklessly on lovingly turned phrases. At the heart of this album are Ryan's fluent finger picking and lyrics that shimmy between whim and worry, East and West, abundance and scarcity, and between taking off and staying put.",1
"Timothy Parker accepts insurances from Cigna, Humana, HumanaOne, Guardian, UnitedHealthcare, USA Plus, underwritten by Ameritas, Delta Dental, Nationwide, DentalSave, Encore Dental, Patriot Health. He speakes English.",6,0,"Timothy Parker accepts insurances from Cigna, Humana, HumanaOne, Guardian, UnitedHealthcare, USA Plus, underwritten by Ameritas, Delta Dental, Nationwide, DentalSave, Encore Dental, Patriot Health. She speakes English.",1
"She also captures authentic moments and emphasizes the importance of those fleeting instances in her photography by using a unique style. Ms. Bell specializes in lifestyle photography and usually creates beautiful portraits for a diverse clientele, including couples, families, children, babies, and individuals who would like timeless photographs they can share with their families. Ms. Bell operates a company which serves people in Palm Beach and Broward County. Interested parties can choose from several pre-made packages that are designed to be affordable for people with most budgets. The packages each explain the length of the photo session and the number of hand-edited images that each client receives at the end.",18,1,"He also captures authentic moments and emphasizes the importance of those fleeting instances in his photography by using a unique style. Mr. Bell specializes in lifestyle photography and usually creates beautiful portraits for a diverse clientele, including couples, families, children, babies, and individuals who would like timeless photographs they can share with their families. Mr. Bell operates a company which serves people in Palm Beach and Broward County. Interested parties can choose from several pre-made packages that are designed to be affordable for people with most budgets. The packages each explain the length of the photo session and the number of hand-edited images that each client receives at the end.",1
"Prior to joining INCC he served as Vice President of Finance and Human Resources for Pendo Systems, Inc., where he drove finance, human resources and corporate administration for domestic and international operations. From 2003 to 2008 Mr. Swinehart served as Chief Administration Officer for Upstream (which in 2003 acquired Rosenbluth International, where Mr. Swinehart worked as Director of Finance and Controller since 1999) managing all global corporate finance, human resources and administrative functions.",0,0,"Prior to joining INCC she served as Vice President of Finance and Human Resources for Pendo Systems, Inc., where she drove finance, human resources and corporate administration for domestic and international operations. From 2003 to 2008 Ms. Swinehart served as Chief Administration Officer for Upstream (which in 2003 acquired Rosenbluth International, where Ms. Swinehart worked as Director of Finance and Controller since 1999) managing all global corporate finance, human resources and administrative functions.",1
Her research focuses on parenting musically and the interplay of enjoyment and agency in children’s music making. Koops teaches early childhood music classes at The Music Settlement in Cleveland. Koops has published widely in music education journals and edited books and is the recipient of a Grammy Foundation Grant for her research on musical parenting (2017). Koops maintains the website musicplayzone.com as a means to applying research on early childhood music teaching and learning for parents and early childhood teachers.,21,1,His research focuses on parenting musically and the interplay of enjoyment and agency in children’s music making. Koops teaches early childhood music classes at The Music Settlement in Cleveland. Koops has published widely in music education journals and edited books and is the recipient of a Grammy Foundation Grant for his research on musical parenting (2017). Koops maintains the website musicplayzone.com as a means to applying research on early childhood music teaching and learning for parents and early childhood teachers.,1
"She is the author of The International Self: Psychoanalysis and the Search for Israeli-Palestinian Peace, and has published articles in International Studies Perspectives, the Journal of International Relations and Development, Armed Forces & Society, the International Journal, and the Journal of Political Science Education. She is a frequent columnist at Haaretz, The Jewish Daily Forward and the Canadian Jewish News, and has also written for the Globe and Mail and the Daily Beast. She served as a Middle East and North Africa analyst for Freedom in the World.",21,1,"He is the author of The International Self: Psychoanalysis and the Search for Israeli-Palestinian Peace, and has published articles in International Studies Perspectives, the Journal of International Relations and Development, Armed Forces & Society, the International Journal, and the Journal of Political Science Education. He is a frequent columnist at Haaretz, The Jewish Daily Forward and the Canadian Jewish News, and has also written for the Globe and Mail and the Daily Beast. He served as a Middle East and North Africa analyst for Freedom in the World.",1
"Ms. Amy Gregory Barrett's NPI Number is #1629141171 and has been listed in the NPI registry for 10 years. Ms. Amy Gregory Barrett's practice location is listed as: 701 W Oak St Frackville, PA 17931 and can be reached via phone at (570) 874-4100.",19,1,"Mr. Amy Gregory Barrett's NPI Number is #1629141171 and has been listed in the NPI registry for 10 years. Mr. Amy Gregory Barrett's practice location is listed as: 701 W Oak St Frackville, PA 17931 and can be reached via phone at (570) 874-4100.",1
"After attending UCSC, Brown received her doctorate in geography from UC Berkeley, where her research focused on food systems and farm labor politics. Brown, a longtime labor organizer, currently serves on the board of the California Institute for Rural Studies and the Agricultural Justice Project Advisory Board. Brown wants to focus on topics like sustainable development and economic development policies.",21,1,"After attending UCSC, Brown received his doctorate in geography from UC Berkeley, where his research focused on food systems and farm labor politics. Brown, a longtime labor organizer, currently serves on the board of the California Institute for Rural Studies and the Agricultural Justice Project Advisory Board. Brown wants to focus on topics like sustainable development and economic development policies.",1
"Her research and teaching interests include the British empire, Atlantic history, interest politics, political economy, institutions and expertise, and Loyalism.)",21,1,"His research and teaching interests include the British empire, Atlantic history, interest politics, political economy, institutions and expertise, and Loyalism.)",1
"He is a USC Trojan and AngelHack San Francisco 2016 Grand Winner. He has been four times MVP, speaker at conferences and author, with one of his books having over 1 million downloads. When he is not cranking code at work, he can be seen at a tech meetup, a Hackathon or at Twitter @vasujain.",24,0,"She is a USC Trojan and AngelHack San Francisco 2016 Grand Winner. She has been four times MVP, speaker at conferences and author, with one of her books having over 1 million downloads. When she is not cranking code at work, she can be seen at a tech meetup, a Hackathon or at Twitter @vasujain.",1
"Ms. Combs practices medicine in Charleston, WV and specializes in Internal Medicine. Ms. Combs is affiliated with Charleston Area Medical Center Memorial Hospital and Charleston Area Medical Center.",19,1,"Mr. Combs practices medicine in Charleston, WV and specializes in Internal Medicine. Mr. Combs is affiliated with Charleston Area Medical Center Memorial Hospital and Charleston Area Medical Center.",1
"He also taught at St. Bonaventure University from 2003-2015. His research interests are primarily in ethics, waiting lines studies, production systems comparisons, and lot size determinations. The research has been performed both individually and with other researchers. His objective is to utilize his research to enrich the students learning experience.",21,0,"She also taught at St. Bonaventure University from 2003-2015. Her research interests are primarily in ethics, waiting lines studies, production systems comparisons, and lot size determinations. The research has been performed both individually and with other researchers. Her objective is to utilize her research to enrich the students learning experience.",1
"He started the photography with Olympus e-system camera and various professional lenses. After that he switched to the new micro 4/3 system. The gear contains from the wide angle lens to professional telephoto lens, for example, M.zuiko 12mm F2, 12-40mm F2.8 PRO, 45mm F1.8, 60mm F2.8 macro, 40-150 F2.8 PRO w/1,4x and panasonic 100-300.",18,0,"She started the photography with Olympus e-system camera and various professional lenses. After that she switched to the new micro 4/3 system. The gear contains from the wide angle lens to professional telephoto lens, for example, M.zuiko 12mm F2, 12-40mm F2.8 PRO, 45mm F1.8, 60mm F2.8 macro, 40-150 F2.8 PRO w/1,4x and panasonic 100-300.",1
"He takes United Healthcare Compass, United Healthcare Choice, and United Healthcare HSA, as well as other insurance carriers. Dr. Thornburg graduated from the University of North Texas Health Science Center, Texas College of Osteopathic Medicine.",19,0,"She takes United Healthcare Compass, United Healthcare Choice, and United Healthcare HSA, as well as other insurance carriers. Dr. Thornburg graduated from the University of North Texas Health Science Center, Texas College of Osteopathic Medicine.",1
"He has published extensively on the history of gender and sexuality in Africa including Hungochani: The history of a dissident sexuality in southern Africa (2004) and Unspoken Facts: A history of homosexualities in Africa (2007). His latest book, Heterosexual Africa?: The History of an Idea from the Age of Exploration to the Age of AIDS (Ohio University Press, 2008), traces the development of received wisdom about African sexuality back through time in a range of professional discourses including anthropology, psychology, HIV/AIDS epidemiology, and African literature.",21,0,"She has published extensively on the history of gender and sexuality in Africa including Hungochani: The history of a dissident sexuality in southern Africa (2004) and Unspoken Facts: A history of homosexualities in Africa (2007). Her latest book, Heterosexual Africa?: The History of an Idea from the Age of Exploration to the Age of AIDS (Ohio University Press, 2008), traces the development of received wisdom about African sexuality back through time in a range of professional discourses including anthropology, psychology, HIV/AIDS epidemiology, and African literature.",1
"Her medical negligence and health law practice is devoted to defending a variety of clients, including hospitals, clinics, nursing homes, physicians, nurses, and other healthcare professionals in complex claims in state and federal court. She also handles professional administrative board matters.",2,1,"His medical negligence and health law practice is devoted to defending a variety of clients, including hospitals, clinics, nursing homes, physicians, nurses, and other healthcare professionals in complex claims in state and federal court. He also handles professional administrative board matters.",1
"As a family medicine physician with a hearing impairment, he has focused his clinical and research energy to address health care access, health literacy, and health communication for people who are Deaf and hard of hearing. This research includes a study on the attitudes, knowledge, and skills related to health information in this population, in addition to four other projects that aim to address address health care issues for Deaf and hard of hearing people, as well as other people with disabilities.",21,0,"As a family medicine physician with a hearing impairment, she has focused her clinical and research energy to address health care access, health literacy, and health communication for people who are Deaf and hard of hearing. This research includes a study on the attitudes, knowledge, and skills related to health information in this population, in addition to four other projects that aim to address address health care issues for Deaf and hard of hearing people, as well as other people with disabilities.",1
"Dr. Seetha Lakshmi practices at Clove Dental in T Nagar, Chennai. She completed BDS from Sri Ramachandra Medical College and Research Institute (SRMC) Madras, India in 2009. She is a member of Indian Dental Association. Some of the services provided by the doctor are: Panoramic radiology,Dental Fillings,Acrylic Partial Denture,Occlusual Therapy and Partial Denture (Metal Based) etc.",6,1,"Dr. Seetha Lakshmi practices at Clove Dental in T Nagar, Chennai. He completed BDS from Sri Ramachandra Medical College and Research Institute (SRMC) Madras, India in 2009. He is a member of Indian Dental Association. Some of the services provided by the doctor are: Panoramic radiology,Dental Fillings,Acrylic Partial Denture,Occlusual Therapy and Partial Denture (Metal Based) etc.",1
"An exhibition currently on display at MOCA in downtown Tucson, titled ""Peter Young: Capitalist Masterpieces,"" shows the distinct phases of the artist's trajectory.",14,0,"An exhibition currently on display at MOCA in downtown Tucson, titled ""Peter Young: Capitalist Masterpieces,"" shows the distinct phases of the artist's trajectory.",0
His poetry Anthology “Netturodutunna Pada ChitraM” ( నెత్తురోడుతున్న పదచిత్రం) was released way back in October 1994. He is a Senior Stenographer in the Department of Posts. He lives in Hyderabad.,20,0,Her poetry Anthology “Netturodutunna Pada ChitraM” ( నెత్తురోడుతున్న పదచిత్రం) was released way back in October 1994. She is a Senior Stenographer in the Department of Posts. She lives in Hyderabad.,1
"Her responsibilities with the ITRC include implementation, support and customization of ISU's Learning Management System. Ann received a B.S. in Computer Science from Sonoma State University in California. She spent several years with Sun Microsystems developing desktop applications and contributing to the Mozilla Open Source project before relocating to Idaho and establishing a freelance business, IndigoPear Web Development. Ann is a champion for both the Open Source software model and Standards-driven web development. Contact",24,1,"His responsibilities with the ITRC include implementation, support and customization of ISU's Learning Management System. Ann received a B.S. in Computer Science from Sonoma State University in California. He spent several years with Sun Microsystems developing desktop applications and contributing to the Mozilla Open Source project before relocating to Idaho and establishing a freelance business, IndigoPear Web Development. Ann is a champion for both the Open Source software model and Standards-driven web development. Contact",1
"Most recently Mike has performed at Upright Citizens Brigade in New York City and at the Rio Hotel and Casino in Las Vegas. Toronto will be Mike’s 5th stop on his 23 city North American tour. Along with God Is A Scottish Drag Queen he is now touring his new stand up comedy show “Im An Adult!” across North America. His very first comedy special “Husky Panda” which has played to sold out crowds and is currently available on DVD, is set to air in Canada this fall.",4,0,"Most recently Mike has performed at Upright Citizens Brigade in New York City and at the Rio Hotel and Casino in Las Vegas. Toronto will be Mike’s 5th stop on hers 23 city North American tour. Along with God Is A Scottish Drag Queen she is now touring her new stand up comedy show “Im An Adult!” across North America. Her very first comedy special “Husky Panda” which has played to sold out crowds and is currently available on DVD, is set to air in Canada this fall.",1
"Richard is a global influencer is the fields of photography, travel, and wildlife conservation with more than 1.2 million followers across social media platforms. He leads photography tours and workshops all over the world and is a high-demand keynote speaker. For more great information on new images, book projects, public appearances, photography workshops and tours, Sign Up For Richard's Email Newsletter.",18,0,"Richard is a global influencer is the fields of photography, travel, and wildlife conservation with more than 1.2 million followers across social media platforms. She leads photography tours and workshops all over the world and is a high-demand keynote speaker. For more great information on new images, book projects, public appearances, photography workshops and tours, Sign Up For Richard's Email Newsletter.",1
"Her broad research interests are in the fields of development and labor economics. In recent work, she examines the impact of local road infrastructure on agricultural production.",21,1,"His broad research interests are in the fields of development and labor economics. In recent work, he examines the impact of local road infrastructure on agricultural production.",1
"She previously taught at the Universities of Manchester and Reading. Her books include Schumann’s Late Style (Cambridge, 2007) and The Song Cycle (Cambridge, 2010), the co-edited collection Rethinking Schumann (Oxford, 2011), and a forthcoming monograph on lieder singers in New York and London between the World Wars. Laura is a TORCH (The Oxford Research Centre in the Humanities) Knowledge Exchan... Read Full Biography",21,1,"He previously taught at the Universities of Manchester and Reading. His books include Schumann’s Late Style (Cambridge, 2007) and The Song Cycle (Cambridge, 2010), the co-edited collection Rethinking Schumann (Oxford, 2011), and a forthcoming monograph on lieder singers in New York and London between the World Wars. Laura is a TORCH (The Oxford Research Centre in the Humanities) Knowledge Exchan... Read Full Biography",1
"She received her Ph.D. in educational administration from Texas A&M University, her master’s degree in educational administration from Texas State and her bachelor’s degree in English from Lamar University. Previously, Hayes served in public education as a high school English teacher, an assistant principal, and a principal for 23 years. She held a faculty position at LSU in Baton Rouge prior to joining the ELPS department at UT.",21,1,"He received his Ph.D. in educational administration from Texas A&M University, his master’s degree in educational administration from Texas State and his bachelor’s degree in English from Lamar University. Previously, Hayes served in public education as a high school English teacher, an assistant principal, and a principal for 23 years. He held a faculty position at LSU in Baton Rouge prior to joining the ELPS department at UT.",1
"She is also an affiliated faculty member with the Women’s and Gender Studies program at Mary Washington. Her book, Bishops in Flight: Exile and Displacement in Late Antiquity, is under contract with the University of California Press and will be available open source in 2019. Her next research project focuses on gender violence in the early Christian tradition. Prof. Barry is particularly interested in learning more about how faculty deal with, teach, and respond to rape culture in the classroom and works closely with the Shiloh project http://shiloh-project.group.shef.ac.uk/",21,1,"He is also an affiliated faculty member with the Men’s and Gender Studies program at Mary Washington. His book, Bishops in Flight: Exile and Displacement in Late Antiquity, is under contract with the University of California Press and will be available open source in 2019. His next research project focuses on gender violence in the early Christian tradition. Prof. Barry is particularly interested in learning more about how faculty deal with, teach, and respond to rape culture in the classroom and works closely with the Shiloh project http://shiloh-project.group.shef.ac.uk/",1
"Dr. Asim Ghouse Basha practices at Nu-Face Dental Dr. Asim Ghouse Basha is a Dentist in Rajajinagar, Bangalore and has an experience of 24 years in this field. Dr. Asim Ghouse Basha practices at Nu-Face Dental & Maxillofacial Center in Rajajinagar, Bangalore. He completed BDS from Govt. Dental College and Research Institute, Bangalore in 1995 and MDS from JSS Dental College Hospital in 2009.",6,0,"Dr. Asim Ghouse Basha practices at Nu-Face Dental Dr. Asim Ghouse Basha is a Dentist in Rajajinagar, Bangalore and has an experience of 24 years in this field. Dr. Asim Ghouse Basha practices at Nu-Face Dental & Maxillofacial Center in Rajajinagar, Bangalore. She completed BDS from Govt. Dental College and Research Institute, Bangalore in 1995 and MDS from JSS Dental College Hospital in 2009.",1
"Ms. Moos practices medicine in Overland Park, KS and specializes in Cardiovascular Disease. Ms. Moos is affiliated with Menorah Medical Center and Overland Park Regional Medical Center. Ms. Moos speaks English and Korean.",19,1,"Mr. Moos practices medicine in Overland Park, KS and specializes in Cardiovascular Disease. Mr. Moos is affiliated with Menorah Medical Center and Overland Park Regional Medical Center. Mr. Moos speaks English and Korean.",1
"He graduated with a Bachelor of Architecture from the Université Saint-Esprit de Kaslik (USEK) in Jounieh, Lebanon in 2015. He has varied experience in architecture at firms including NMG Architects and Gebara CAD.",1,0,"She graduated with a Bachelor of Architecture from the Université Saint-Esprit de Kaslik (USEK) in Jounieh, Lebanon in 2015. She has varied experience in architecture at firms including NMG Architects and Gebara CAD.",1
"Her research focuses on the intersection of humanism and colonialism, and the ways that those ideologies shaped contemporary poetics and philosophies of reading.",21,1,"His research focuses on the intersection of humanism and colonialism, and the ways that those ideologies shaped contemporary poetics and philosophies of reading.",1
"Besides being the Athens based correspondent for The Independent, France 24 and Monocle, she has also been freelancing as a producer for The Associated Press since 2007. Fluent in four languages and an LLM in International Law.",11,1,"Besides being the Athens based correspondent for The Independent, France 24 and Monocle, he has also been freelancing as a producer for The Associated Press since 2007. Fluent in four languages and an LLM in International Law.",1
"He is the author of Electric Meters: Victorian Physiological Poetics (Ohio, 2009), and co-editor of a special issue of Victorian Literature and Culture on “Victorian Cosmopolitanisms” (Fall 2010). His current project, Nostalgia at Sea, concerns the poetry of nineteenth-century British emigrants to Australia, South Africa, and Canada.",21,0,"She is the author of Electric Meters: Victorian Physiological Poetics (Ohio, 2009), and co-editor of a special issue of Victorian Literature and Culture on “Victorian Cosmopolitanisms” (Fall 2010). Her current project, Nostalgia at Sea, concerns the poetry of nineteenth-century British emigrants to Australia, South Africa, and Canada.",1
"She feels privileged to be contributing to the development of 21st century educators. Sherry’s courses address applications of research findings on instructional design, as well as teaching and learning with media. In her classroom, she utilizes basic media tools such as still images and cutting-edge technology such as web-based instruction. She is constantly redesigning her courses to incorporate student feedback and emerging trends. Her classes are spirited and vibrant. Sherry paces her lessons and uses various teaching methodologies so that students are always engaged.",21,1,"He feels privileged to be contributing to the development of 21st century educators. Sherry’s courses address applications of research findings on instructional design, as well as teaching and learning with media. In his classroom, he utilizes basic media tools such as still images and cutting-edge technology such as web-based instruction. He is constantly redesigning his courses to incorporate student feedback and emerging trends. His classes are spirited and vibrant. Sherry paces his lessons and uses various teaching methodologies so that students are always engaged.",1
"PETER'S B-LIST: CONTEMPORARY POEMS INSPIRED BY SAINTS, that features Jim Daniels, Daniel Gioia, Kate Daniels and others. He is a graduate of John Carroll University and the University of Pittsburgh Law School. He currently serves as the Judicial Law Clerk at the Washington County's Court of Common Pleas.",20,0,"PETER'S B-LIST: CONTEMPORARY POEMS INSPIRED BY SAINTS, that features Jim Daniels, Daniel Gioia, Kate Daniels and others. She is a graduate of John Carroll University and the University of Pittsburgh Law School. She currently serves as the Judicial Law Clerk at the Washington County's Court of Common Pleas.",1
"She received her Ph.D from the University of Washington (Seattle). Her research interests intersect demography, data science, housing policy and social welfare. Currently, she has three active areas of research - (1) identifying the impacts of the U.S. foreclosure crisis on Latinos; (2) exploring how supervised machine learning can be used to scale up theoretically driven qualitative coding, and (3) using Twitter to understand the lived experience of marginalized communities in the United States.",21,1,"He received his Ph.D from the University of Washington (Seattle). His research interests intersect demography, data science, housing policy and social welfare. Currently, he has three active areas of research - (1) identifying the impacts of the U.S. foreclosure crisis on Latinos; (2) exploring how supervised machine learning can be used to scale up theoretically driven qualitative coding, and (3) using Twitter to understand the lived experience of marginalized communities in the United States.",1
"Her research interests include youth health, adolescent romantic and sexual relationships, and family influences on the health and wellbeing of youth.email: rachel.goldberg@uci.edu",21,1,"His research interests include youth health, adolescent romantic and sexual relationships, and family influences on the health and wellbeing of youth.email: rachel.goldberg@uci.edu",1
"She said several of her clients considered going without hurricane insurance, typically the most expensive coverage. She told them not to do it, even if all unit owners approved.",2,1,"He said several of his clients considered going without hurricane insurance, typically the most expensive coverage. He told them not to do it, even if all unit owners approved.",1
"She is currently an MFA candidate in poetry at The New School. She wrote The Life and Times of Susie Knuckles, published by Well&Often Press and is a Cave Canem fellow. Elhillo has performed at The Kennedy Center, The New Amsterdam Theater on Broadway, and has shared the stage with Sonia Sanchez, Faith Evans, The Last Poets, and other artists. She is the founding member of Slam NYU, the 2012 and 2013 national championship team. She appears on season three of TV One’s Verses and Flow.",20,1,"He is currently an MFA candidate in poetry at The New School. He wrote The Life and Times of Susie Knuckles, published by Well&Often Press and is a Cave Canem fellow. Elhillo has performed at The Kennedy Center, The New Amsterdam Theater on Broadway, and has shared the stage with Sonia Sanchez, Faith Evans, The Last Poets, and other artists. He is the founding member of Slam NYU, the 2012 and 2013 national championship team. He appears on season three of TV One’s Verses and Flow.",1
"Since serving as a law clerk for Judge Alan N. Bloch of the United States District Court for the Western District of Pennsylvania, Hartman has been a visiting scholar at Georgetown University; a visiting professor at the University of Pittsburgh’s School of Law; a visiting professor at Duquesne University School of Law; a visiting professor at the University of Pittsburgh’s School of Medicine; and a research associate professor in the Department of General Medicine and interim associate director of the Consortium Ethics Program at the University of Pittsburgh. Hartman received her Juris Doctor degree from the University of Pittsburgh School of Law.",21,1,"Since serving as a law clerk for Judge Alan N. Bloch of the United States District Court for the Western District of Pennsylvania, Hartman has been a visiting scholar at Georgetown University; a visiting professor at the University of Pittsburgh’s School of Law; a visiting professor at Duquesne University School of Law; a visiting professor at the University of Pittsburgh’s School of Medicine; and a research associate professor in the Department of General Medicine and interim associate director of the Consortium Ethics Program at the University of Pittsburgh. Hartman received his Juris Doctor degree from the University of Pittsburgh School of Law.",1
"She earned her Ph.D. in Communication with a minor in Psychology from the University of Arizona. Her research lies in the realm of media psychology, namely how individuals choose, process and can ultimately be influenced by media. In 2014 Dr. Tukachinsky launched a media literacy program for parents and caregivers. Working together with her students, she strives to assist caregivers in making informed media choices and facilitating family discourse that promotes savvy media consumption and healthy media habits. Guest Dr. Riva Tukachinsky",21,1,"He earned his Ph.D. in Communication with a minor in Psychology from the University of Arizona. His research lies in the realm of media psychology, namely how individuals choose, process and can ultimately be influenced by media. In 2014 Dr. Tukachinsky launched a media literacy program for parents and caregivers. Working together with his students, he strives to assist caregivers in making informed media choices and facilitating family discourse that promotes savvy media consumption and healthy media habits. Guest Dr. Riva Tukachinsky",1
He earned his medical degree from Albany Medical College in 1982. Dr. Malek went on to become chief resident during his residency at SUNY Health Science Center in 1987.,19,0,She earned her medical degree from Albany Medical College in 1982. Dr. Malek went on to become chief resident during her residency at SUNY Health Science Center in 1987.,1
"She says her group has been working around problems with the website by using paper applications or the federal call center. Besides the website’s technical problems, many people are struggling to understand the “very different insurance landscape…people still have a lot to learn about it,” Hanken says.",2,1,"He says his group has been working around problems with the website by using paper applications or the federal call center. Besides the website’s technical problems, many people are struggling to understand the “very different insurance landscape…people still have a lot to learn about it,” Hanken says.",1
"He graduated from Miami Ad School in 2008 with a fashion and commercial photography portfolio, later pursuing more personal work on which he now concentrates. After having lived there for ten years, he considers South Florida his second home, and travels there whenever possible. He has had work shown in group shows and events in Miami, New York City, and other locations. Photography, for him, is an exercise in self-understanding. This need for introspection and self-analysis brings with it more work, some answers, and (mostly) more questions.",18,0,"She graduated from Miami Ad School in 2008 with a fashion and commercial photography portfolio, later pursuing more personal work on which she now concentrates. After having lived there for ten years, she considers South Florida her second home, and travels there whenever possible. She has had work shown in group shows and events in Miami, New York City, and other locations. Photography, for her, is an exercise in self-understanding. This need for introspection and self-analysis brings with it more work, some answers, and (mostly) more questions.",1
"Public Health Service who has worked with the Navajo Indian population in the Indian Health Service providing full spectrum care to this underserved reservation for 12 years, including initiating outreach services to teens, women's health programs and Indian patients in nursing homes, as well as developing educational programs for physicians assigned to isolated reservation facilities. She has now returned to USU as a PHS Senior Advisor and as a teacher and mentor to the medical students.",19,1,"Public Health Service who has worked with the Navajo Indian population in the Indian Health Service providing full spectrum care to this underserved reservation for 12 years, including initiating outreach services to teens, men's health programs and Indian patients in nursing homes, as well as developing educational programs for physicians assigned to isolated reservation facilities. He has now returned to USU as a PHS Senior Advisor and as a teacher and mentor to the medical students.",1
"His research interests are in the areas of Operating Systems and Distributed Systems, with current focus on performance and resource management in Cloud computing, Data-intensive computing, and Mobile computing platforms. He received his B.Tech. in Computer Science and Engineering from IIT Kanpur, India, and M.S. and PhD in Computer Science from the University of Massachusetts Amherst. He currently serves on the Editorial Boards of IEEE TCC and Springer Cluster Computing journals. He is a recipient of the NSF CAREER Award and IBM Faculty Award, an ACM Dissertation Award nominee, and a co-author on multiple Best Paper/Poster Awards.",21,0,"Her research interests are in the areas of Operating Systems and Distributed Systems, with current focus on performance and resource management in Cloud computing, Data-intensive computing, and Mobile computing platforms. She received her B.Tech. in Computer Science and Engineering from IIT Kanpur, India, and M.S. and PhD in Computer Science from the University of Massachusetts Amherst. She currently serves on the Editorial Boards of IEEE TCC and Springer Cluster Computing journals. She is a recipient of the NSF CAREER Award and IBM Faculty Award, an ACM Dissertation Award nominee, and a co-author on multiple Best Paper/Poster Awards.",1
"His first film, “Inside Buffalo” (2010) was a documentary about the 92nd Infantry Division, known as the “Buffalo Soldiers,” an all-black combat unit that fought in Italy during World War II.",9,0,"Her first film, “Inside Buffalo” (2010) was a documentary about the 92nd Infantry Division, known as the “Buffalo Soldiers,” an all-black combat unit that fought in Italy during World War II.",1
"He is a partner in the firm HaroldMorrison+RobertWoodstock Associates Limited, a design-oriented architectural, planning and interior design firm operating from Jamaica and Barbados.",1,0,"She is a partner in the firm HaroldMorrison+RobertWoodstock Associates Limited, a design-oriented architectural, planning and interior design firm operating from Jamaica and Barbados.",1
"Andy routinely serves as outside corporate counsel to hospitals, health systems, and group practices regarding complex hospital-physician integration models, clinical integration, fraud and abuse compliance, shifting from a fee for service to value based purchasing model and complying with the myriad of regulatory requirements healthcare providers are faced with on a daily basis. In 2013 and again in 2015, he served as lead counsel in the largest private hospital acquisitions in the Kansas City metropolitan area working with a team of healthcare specialist to secure all regulatory approvals from state and federal agencies.",2,0,"Andy routinely serves as outside corporate counsel to hospitals, health systems, and group practices regarding complex hospital-physician integration models, clinical integration, fraud and abuse compliance, shifting from a fee for service to value based purchasing model and complying with the myriad of regulatory requirements healthcare providers are faced with on a daily basis. In 2013 and again in 2015, she served as lead counsel in the largest private hospital acquisitions in the Kansas City metropolitan area working with a team of healthcare specialist to secure all regulatory approvals from state and federal agencies.",1
He travels across the Middle East and often see women wearing the niqab. He “decided to begin shooting images through a full niqab to offer a glimpse of what it must be like to look through them.” Read Behind The Niqab: A View From Underneath The Veil Worn By Some Muslim Women and check out the images.,18,0,She travels across the Middle East and often see men wearing the niqab. She “decided to begin shooting images through a full niqab to offer a glimpse of what it must be like to look through them.” Read Behind The Niqab: A View From Underneath The Veil Worn By Some Muslim Men and check out the images.,1
"While she greatly admires the work of many photographers, her inspiration comes from her family and ambient experiences. The inner city of Paterson, NJ, and poor, deeply religious parents, shaped her childhood and gave birth to her vision. In her late teens, she left the inner city, and moved to Europe, where she continued to grow and expand her own way of seeing things. She is currently living in Beijing, China, with her husband and son.more",18,1,"While he greatly admires the work of many photographers, his inspiration comes from his family and ambient experiences. The inner city of Paterson, NJ, and poor, deeply religious parents, shaped his childhood and gave birth to his vision. In his late teens, he left the inner city, and moved to Europe, where he continued to grow and expand his own way of seeing things. He is currently living in Beijing, China, with his wife and daughter.more",1
"Clinical interests for Dr. Tibone include arthroscopic surgery, sports health, and shoulder problems. Dr. Tibone has a 5.0 out of 5 star average patient rating. He is in-network for Anthem, Blue Cross/Blue Shield, and Blue Shield, in addition to other insurance carriers. Dr. Tibone graduated from Thomas Jefferson University, Jefferson Medical College and then he performed his residency at Harbor-UCLA Medical Center. His distinctions include: Southern California Super Doctors; Southern California Super Doctors 2008; and Recipient- Charles S. Neer Award, Shoulder. His hospital/clinic affiliations include Keck Medicine of USC and Cedars-Sinai.",19,0,"Clinical interests for Dr. Tibone include arthroscopic surgery, sports health, and shoulder problems. Dr. Tibone has a 5.0 out of 5 star average patient rating. She is in-network for Anthem, Blue Cross/Blue Shield, and Blue Shield, in addition to other insurance carriers. Dr. Tibone graduated from Thomas Jefferson University, Jefferson Medical College and then she performed her residency at Harbor-UCLA Medical Center. Her distinctions include: Southern California Super Doctors; Southern California Super Doctors 2008; and Recipient- Charles S. Neer Award, Shoulder. Her hospital/clinic affiliations include Keck Medicine of USC and Cedars-Sinai.",1
"She received her Ph.D. in Sociology from Stanford University in 2007. Her research employs experimental, survey-based, and qualitative research methods to examine the micro-level processes that create barriers for reducing gender and racial inequality. Dr. Tinkler’s past research has examined resistance to the enforcement of sexual...",21,1,"He received his Ph.D. in Sociology from Stanford University in 2007. His research employs experimental, survey-based, and qualitative research methods to examine the micro-level processes that create barriers for reducing gender and racial inequality. Dr. Tinkler’s past research has examined resistance to the enforcement of sexual...",1
"A National Board Certified Teacher in middle childhood, Orr has taught 4th, 5th, and 1st grades since 1998. In 2012 she received the International Society for Technology in Education's Kay L. Bitter Vision Award for being a K–2 educator bringing technology into the classroom effectively and with innovation. She is also an ASCD Emerging Leader and member of its 2013 class.",26,1,"A National Board Certified Teacher in middle childhood, Orr has taught 4th, 5th, and 1st grades since 1998. In 2012 he received the International Society for Technology in Education's Kay L. Bitter Vision Award for being a K–2 educator bringing technology into the classroom effectively and with innovation. He is also an ASCD Emerging Leader and member of its 2013 class.",1
"She is believed to be the youngest certified female yoga instructor in the U.S.Scroll down for video Hold it there! Twelve-year-old certified yoga instructor Jaysea DeVoe teaches her yoga class at the Bergamot Spa in Encinitas, California",27,1,"He is believed to be the youngest certified male yoga instructor in the U.S.Scroll down for video Hold it there! Twelve-year-old certified yoga instructor Jaysea DeVoe teaches his yoga class at the Bergamot Spa in Encinitas, California",1
"He has extensive clinical experience working in specialty areas ranging from cardiology, cardiothoracic surgery and primary health care. He is based in Canberra and is currently completing his PhD while working part-time in private clinical practice. His primary research and professional interests revolve around the language of specialisation, standards for clinical practice, and the nurse practitioner role within primary health care.",13,0,"She has extensive clinical experience working in specialty areas ranging from cardiology, cardiothoracic surgery and primary health care. She is based in Canberra and is currently completing her PhD while working part-time in private clinical practice. Her primary research and professional interests revolve around the language of specialisation, standards for clinical practice, and the nurse practitioner role within primary health care.",1
"He holds a PhD from the Welsh School of Architecture, Cardiff, UK, a post-graduate degree in conservation studies from the University of York, UK, and a professional degree in architecture from Dalhousie University, Canada. He is a member of the Royal Architectural Institute of Canada. Wayde Brown's research has been focused on the history of the historic preservation/heritage conservation movement, and especially the motivation to 'make historic sites.' He is currently exploring the use of 'place' in the United States to memorialize the AIDS epidemic.",21,0,"She holds a PhD from the Welsh School of Architecture, Cardiff, UK, a post-graduate degree in conservation studies from the University of York, UK, and a professional degree in architecture from Dalhousie University, Canada. She is a member of the Royal Architectural Institute of Canada. Wayde Brown's research has been focused on the history of the historic preservation/heritage conservation movement, and especially the motivation to 'make historic sites.' She is currently exploring the use of 'place' in the United States to memorialize the AIDS epidemic.",1
"As a police photographer, Biederman captured Pope Francis’s papal visit and President Barack Obama’s visit to New York City in 2015. He is an active member of the Long Island Photographic Federation and the Patchogue Arts Council’s Photographer’s Group. His artwork focuses on the landscapes of New York City and Long Island as well as portraiture. The photos of Kai: On the Water, from Manhattan to Montauk were all taken while on a boat or within 500 feet of the water and are an ongoing exploration of local waterfronts.",18,0,"As a police photographer, Biederman captured Pope Francis’s papal visit and President Barack Obama’s visit to New York City in 2015. She is an active member of the Long Island Photographic Federation and the Patchogue Arts Council’s Photographer’s Group. Her artwork focuses on the landscapes of New York City and Long Island as well as portraiture. The photos of Kai: On the Water, from Manhattan to Montauk were all taken while on a boat or within 500 feet of the water and are an ongoing exploration of local waterfronts.",1
"He represents many young creative people, artists, songwriters, producers, record labels, managers and authors — all different types of people in the entertainment industry. He is also an Adjunct Professor at Belmont University. Prior to his law practice, he worked in A&R for a major record label for a decade. Overall, he has been involved in the music entertainment industry for 30 years.",2,0,"She represents many young creative people, artists, songwriters, producers, record labels, managers and authors — all different types of people in the entertainment industry. She is also an Adjunct Professor at Belmont University. Prior to her law practice, she worked in A&R for a major record label for a decade. Overall, she has been involved in the music entertainment industry for 30 years.",1
"Previously, he was a Dicke Fellow at Princeton and a research scientist at Stanford. He did his thesis work at Stanford and at the University of California, Berkeley, and his undergraduate work at Brown University. Recently, he has been working on physical applications of holographic duality.",21,0,"Previously, she was a Dicke Fellow at Princeton and a research scientist at Stanford. She did her thesis work at Stanford and at the University of California, Berkeley, and her undergraduate work at Brown University. Recently, she has been working on physical applications of holographic duality.",1
"Dr. Cameron graduated from University of Mississippi School of Medicine in 1977 and has been in practice for 41 years. He completed a residency at University of Virginia Health System. He currently practices at Winchester Orthopaedic Associates Ltd and is affiliated with Winchester Medical Center. Dr. Cameron accepts multiple insurance plans including Aetna, Medicare and Cigna. Dr. Cameron is board certified in Orthopaedic Surgery. In addition to English, Dr. Cameron's practice supports this language: Spanish.",25,0,"Dr. Cameron graduated from University of Mississippi School of Medicine in 1977 and has been in practice for 41 years. She completed a residency at University of Virginia Health System. She currently practices at Winchester Orthopaedic Associates Ltd and is affiliated with Winchester Medical Center. Dr. Cameron accepts multiple insurance plans including Aetna, Medicare and Cigna. Dr. Cameron is board certified in Orthopaedic Surgery. In addition to English, Dr. Cameron's practice supports this language: Spanish.",1
"She also covers energy markets, foreign exchange, technology market data and regulatory issues. In addition to OpenMarkets, Melanie is a regular contributor to Financial News, Institutional Investor, Inside Market Data and Profit & Loss. Melanie provides regular market commentary at www.thewoldreport.blogspot.com. News & Articles",11,1,"He also covers energy markets, foreign exchange, technology market data and regulatory issues. In addition to OpenMarkets, Melanie is a regular contributor to Financial News, Institutional Investor, Inside Market Data and Profit & Loss. Melanie provides regular market commentary at www.thewoldreport.blogspot.com. News & Articles",1
"She is licensed to practice law in the state of Illinois. Elena represents clients in a wide variety of family law matters, including, divorce, child custody, child support, guardianship and other domestic relation matters.",2,1,"He is licensed to practice law in the state of Illinois. Elena represents clients in a wide variety of family law matters, including, divorce, child custody, child support, guardianship and other domestic relation matters.",1
"Her degrees are in Ecology (BSc, UManitoba), Forest Ecology (MSc UBC) and Biogeography (PhD UColorado-Boulder). Her research, published in the journals Science, Climatic Change, Ecology and International Journal of Wildland Fire, applies tree-ring analyses to investigate disturbance regimes and the impacts of climate and humans on forest dynamics. Given her interests in conservation and sustainable resource management, much of her research has practical application and is collaborative with NGOs, government agencies and private companies. She serves as a member of BC’s Prescribed Fire Council. With her graduate students, Lori has on-going research on fire regimes and forest resilience to climate change in the interior of British Columbia, Rocky Mountain National Parks and foothills of Alberta.",21,1,"His degrees are in Ecology (BSc, UManitoba), Forest Ecology (MSc UBC) and Biogeography (PhD UColorado-Boulder). His research, published in the journals Science, Climatic Change, Ecology and International Journal of Wildland Fire, applies tree-ring analyses to investigate disturbance regimes and the impacts of climate and humans on forest dynamics. Given his interests in conservation and sustainable resource management, much of his research has practical application and is collaborative with NGOs, government agencies and private companies. He serves as a member of BC’s Prescribed Fire Council. With his graduate students, Lori has on-going research on fire regimes and forest resilience to climate change in the interior of British Columbia, Rocky Mountain National Parks and foothills of Alberta.",1
"Board certified in Family Practice, he is a leading authority on complementary medicine and has served as director of the complementary medicine program at Cedars-Sinai Medical Center.",19,0,"Board certified in Family Practice, she is a leading authority on complementary medicine and has served as director of the complementary medicine program at Cedars-Sinai Medical Center.",1
"In this work Chavigny continues her investigation of the subtle undercurrents of connection. Using imagery from the enormous cosmos combined with minute internal human anatomy, she creates images in which the mandala's radial symmetry reflects an integrated unity of disparate parts.",14,1,"In this work Chavigny continues his investigation of the subtle undercurrents of connection. Using imagery from the enormous cosmos combined with minute internal human anatomy, he creates images in which the mandala's radial symmetry reflects an integrated unity of disparate parts.",1
"His paintings are full of natural objects like still life, flowers, birds, animals, fruits. His paintings show a great balance between light and shade. His paintings are very delicate and are fine work of arts.",14,0,"Her paintings are full of natural objects like still life, flowers, birds, animals, fruits. Her paintings show a great balance between light and shade. Her paintings are very delicate and are fine work of arts.",1
"His office is located in Bingham Farms, Michigan. Appointments with Dr. Nosanchuk can be made by calling: (248) 644-7200 and speaking to Caroline Monday through Friday from 10AM to 6PM",19,0,"Her office is located in Bingham Farms, Michigan. Appointments with Dr. Nosanchuk can be made by calling: (248) 644-7200 and speaking to Caroline Monday through Friday from 10AM to 6PM",1
"Dr. Varsha Neekhra practices at RxCura Dental Clinic in Brookefield, Bangalore and RxCura Dental Clinics Koramngala Branch in Koramangala, Bangalore. She completed BDS from Government Dental College, Raipur in 2014.",6,1,"Dr. Varsha Neekhra practices at RxCura Dental Clinic in Brookefield, Bangalore and RxCura Dental Clinics Koramngala Branch in Koramangala, Bangalore. He completed BDS from Government Dental College, Raipur in 2014.",1
"Graduating in 2005 from the University of Oregon School of Law, Jeremy represented indigent criminal defendants in Colorado and Oregon while still a law student. He received the University of Oregon law school’s annual pro bono award in 2005 for his service to the community. After law school, Jeremy spent over a decade representing small businesses and individuals before the IRS, handling tax matters, including settlements and penalty abatements.",2,0,"Graduating in 2005 from the University of Oregon School of Law, Jeremy represented indigent criminal defendants in Colorado and Oregon while still a law student. She received the University of Oregon law school’s annual pro bono award in 2005 for her service to the community. After law school, Jeremy spent over a decade representing small businesses and individuals before the IRS, handling tax matters, including settlements and penalty abatements.",1
"Scott advises new and established companies and their investors on issues affecting the energy, infrastructure, and clean tech industries, including project development, energy regulatory counseling, debt and tax equity project finance, joint ventures, and start-up counseling. Having previously supported the design and construction of international oil and gas projects, Scott brings over 20 years of experience working in the energy industry to his practice. His clients include Stem, Vivint Solar, Sunrun, Carbon Lighthouse and Redaptive.",2,0,"Scott advises new and established companies and their investors on issues affecting the energy, infrastructure, and clean tech industries, including project development, energy regulatory counseling, debt and tax equity project finance, joint ventures, and start-up counseling. Having previously supported the design and construction of international oil and gas projects, Scott brings over 20 years of experience working in the energy industry to her practice. Her clients include Stem, Vivint Solar, Sunrun, Carbon Lighthouse and Redaptive.",1
"She is a graduate of Pratt Art Institute in New York City and worked as a commercial illustrator for over 15 yrs. She later returned to school to earn an advanced degree in Art Therapy from New York University. Her award winning photography has been show at a number of venues around the United States, including the Salmagundi Club in New York City, the Pleiades Gallery in Chelsea, NY, and Paris in Plantsville Gallery in Plantsville, Ct.",18,1,"He is a graduate of Pratt Art Institute in New York City and worked as a commercial illustrator for over 15 yrs. He later returned to school to earn an advanced degree in Art Therapy from New York University. His award winning photography has been show at a number of venues around the United States, including the Salmagundi Club in New York City, the Pleiades Gallery in Chelsea, NY, and Paris in Plantsville Gallery in Plantsville, Ct.",1
"He is also the Graduate Advisor (Director of the PhD program for the Management Department) and Co-Director of the Center of Leadership Excellence for the McCombs School. He earned his PhD in Management from Cornell University. He teaches and consults on topics relating to leadership, managing power and politics, leading groups and teams, and negotiations. The recipient of numerous teaching awards, Dr. Burris was named to the ""Faculty Honor Roll"" in 2008, 2010, 2011, and 2013, received the Hank & Mary Harkins Foundation Award for Effective Teaching in Undergraduate Classes in 2012, the Regents’ Outstanding Teaching Award in 2011, the ING Professor of Excellence award in 2011, and the 2009 Trammell/CBA Foundation Teaching Award for Assistant Professors.",21,0,"She is also the Graduate Advisor (Director of the PhD program for the Management Department) and Co-Director of the Center of Leadership Excellence for the McCombs School. She earned her PhD in Management from Cornell University. She teaches and consults on topics relating to leadership, managing power and politics, leading groups and teams, and negotiations. The recipient of numerous teaching awards, Dr. Burris was named to the ""Faculty Honor Roll"" in 2008, 2010, 2011, and 2013, received the Hank & Mary Harkins Foundation Award for Effective Teaching in Undergraduate Classes in 2012, the Regents’ Outstanding Teaching Award in 2011, the ING Professor of Excellence award in 2011, and the 2009 Trammell/CBA Foundation Teaching Award for Assistant Professors.",1
"Through speaking and seminars, wellness consulting, writing, and private coaching she aims to educate and inspire people of all ages and abilities to passionately pursue their highest potential, experience vibrant health and wellbeing, and freedom in body and mind. For more please visit KellyGonzalez.com",26,1,"Through speaking and seminars, wellness consulting, writing, and private coaching he aims to educate and inspire people of all ages and abilities to passionately pursue their highest potential, experience vibrant health and wellbeing, and freedom in body and mind. For more please visit KellyGonzalez.com",1
"Prior to joining the NESA Center he served and lived in South Asia with assignments at U.S. Embassies in India, Nepal and Bangladesh as well as the NATO Training Mission in Afghanistan. Mike is an active-duty foreign area officer with over 20 years of joint military and interagency experience.",21,0,"Prior to joining the NESA Center she served and lived in South Asia with assignments at U.S. Embassies in India, Nepal and Bangladesh as well as the NATO Training Mission in Afghanistan. Mike is an active-duty foreign area officer with over 20 years of joint military and interagency experience.",1
"He holds the degree of Bachelor of Physiotherapy with First Class Honours (2003) and a PhD in Physiotherapy (2009), both from The University of Queensland. Since graduation, he has held various academic and research appointments at The University of Queensland, The University of Melbourne and Queensland Health, Australia. He has also worked as a consulting physiotherapist and partner at various private clinics in Brisbane and Melbourne, Australia. After his relocation to Taiwan in 2012, he was appointed as a Post-doctoral Research Fellow in the Institute of Biomedical Engineering at the National Taiwan University prior to joining the faculty in 2015.",21,0,"She holds the degree of Bachelor of Physiotherapy with First Class Honours (2003) and a PhD in Physiotherapy (2009), both from The University of Queensland. Since graduation, she has held various academic and research appointments at The University of Queensland, The University of Melbourne and Queensland Health, Australia. She has also worked as a consulting physiotherapist and partner at various private clinics in Brisbane and Melbourne, Australia. After her relocation to Taiwan in 2012, she was appointed as a Post-doctoral Research Fellow in the Institute of Biomedical Engineering at the National Taiwan University prior to joining the faculty in 2015.",1
"She graduated with honors from University Of South Florida College Of Medicine in 1992. Having more than 24 years of diverse experiences, especially in NURSE PRACTITIONER, Paula Ann Bedo affiliates with many hospitals including Sarasota Memorial Hospital, Sarasota Doctors Hospital Inc, Lakewood Ranch Medical Center, and cooperates with other doctors and specialists without joining any medical groups. Call Paula Ann Bedo on phone number (941) 359-3337 for more information and advises or to book an appointment.",13,1,"He graduated with honors from University Of South Florida College Of Medicine in 1992. Having more than 24 years of diverse experiences, especially in NURSE PRACTITIONER, Paula Ann Bedo affiliates with many hospitals including Sarasota Memorial Hospital, Sarasota Doctors Hospital Inc, Lakewood Ranch Medical Center, and cooperates with other doctors and specialists without joining any medical groups. Call Paula Ann Bedo on phone number (941) 359-3337 for more information and advises or to book an appointment.",1
"She has previously worked and published on African American literature in the twentieth century and William Faulkner's short stories. Her research and teaching focus on Hawthorne and the American Renaissance, literary theory and narratology and contemporary American fiction.",21,1,"He has previously worked and published on African American literature in the twentieth century and William Faulkner's short stories. His research and teaching focus on Hawthorne and the American Renaissance, literary theory and narratology and contemporary American fiction.",1
She also served the court as a Domestic Violence Court Case Manager. Darlene has served on public service committees of the Dade County Bar Association; she was a Female e-mentor of the Year Awardee for her service as a mentor to a local high school student; and she is a cofounder of the Middle Eastern American Professionals Association (MEAPA) where she continues to promote community service and involvement.,2,1,He also served the court as a Domestic Violence Court Case Manager. Darlene has served on public service committees of the Dade County Bar Association; he was a Male e-mentor of the Year Awardee for his service as a mentor to a local high school student; and he is a cofounder of the Middle Eastern American Professionals Association (MEAPA) where he continues to promote community service and involvement.,1
"He graduated from Goucher College and went on to earn a certificate in Documentary Arts from the Center for Documentary Studies at Duke University. Since then, he has shot and edited multiple films, including the documentary feature Truth Underground (2016), which played at Cucalorus, RiverRun International Film Festival, Sebastopol Documentary Film Festival, and others. Ned was the director of photography for G Yamazawa's award-winning music video ""North Cack"" (2017), which aired on BET and has more than four million views on Facebook. Ned's directorial debut, ""The Maestro"" (2018), is an official selection to the RiverRun International Film Festival and will be playing at festivals throughout the year. Ned is currently collaborating with Victoria Bouloubasis on the documentary The Last Partera.",9,0,"She graduated from Goucher College and went on to earn a certificate in Documentary Arts from the Center for Documentary Studies at Duke University. Since then, she has shot and edited multiple films, including the documentary feature Truth Underground (2016), which played at Cucalorus, RiverRun International Film Festival, Sebastopol Documentary Film Festival, and others. Ned was the director of photography for G Yamazawa's award-winning music video ""North Cack"" (2017), which aired on BET and has more than four million views on Facebook. Ned's directorial debut, ""The Maestro"" (2018), is an official selection to the RiverRun International Film Festival and will be playing at festivals throughout the year. Ned is currently collaborating with Victoria Bouloubasis on the documentary The Last Partera.",1
"Tommy Thompson on pardons. Although he is a “big supporter” of Walker, Bach believes the governor is making a mistake in declining to consider pardons.",2,0,"Tommy Thompson on pardons. Although she is a “big supporter” of Walker, Bach believes the governor is making a mistake in declining to consider pardons.",1
"He received the Ph.D. degree in Electrical Engineering at Bologna University in 2003. Since 2008 he is with the Department of Computer Engineering and Automation at Politecnico di Torino (Italy). He was research intern at HP Labs Palo Alto, CA, USA and EPFL, CH. Research interests of Prof. Andrea Acquaviva focus mainly on smart and distributed embedded systems for IoT applications, with special emphasis on smart energy, smart cities and smart manufacturing. He is co-coordinator of various European and Italian projects in smart energy and smart city domain. Researches by Prof. Andrea Acquaviva (between 2000 and 2017) yielded more than 180 papers in international journals and peer-reviewed international conference proceedings.",21,0,"She received the Ph.D. degree in Electrical Engineering at Bologna University in 2003. Since 2008 she is with the Department of Computer Engineering and Automation at Politecnico di Torino (Italy). She was research intern at HP Labs Palo Alto, CA, USA and EPFL, CH. Research interests of Prof. Andrea Acquaviva focus mainly on smart and distributed embedded systems for IoT applications, with special emphasis on smart energy, smart cities and smart manufacturing. She is co-coordinator of various European and Italian projects in smart energy and smart city domain. Researches by Prof. Andrea Acquaviva (between 2000 and 2017) yielded more than 180 papers in international journals and peer-reviewed international conference proceedings.",1
"Now in her fifth year teaching at Trinity, Ellie started as a substitute teacher, which ignited a spark and a quest to study early childhood education. Ellie is a former TCNS parent and a graduate of Miami University in Ohio. She lives in Wilmette with her husband and three Trinity alum daughters.",26,1,"Now in his fifth year teaching at Trinity, Ellie started as a substitute teacher, which ignited a spark and a quest to study early childhood education. Ellie is a former TCNS parent and a graduate of Miami University in Ohio. He lives in Wilmette with his wife and three Trinity alum daughters.",1
"He has since served as San Francisco Bureau Chief for TIME magazine, West Coast editor for Fortune Small Business, West Coast editor for Fast Company, and is now deputy editor at Mashable. He is also the author of How Star Wars Conquered the Universe, the first complete history of the Star Wars franchise, published by Basic Books on September 30. Chris is a graduate of the Columbia University School of Journalism and Merton College, Oxford.",11,0,"She has since served as San Francisco Bureau Chief for TIME magazine, West Coast editor for Fortune Small Business, West Coast editor for Fast Company, and is now deputy editor at Mashable. She is also the author of How Star Wars Conquered the Universe, the first complete history of the Star Wars franchise, published by Basic Books on September 30. Chris is a graduate of the Columbia University School of Journalism and Merton College, Oxford.",1
"Ms. Akahori practices medicine in Lodi, CA and specializes in Pediatrics. Ms. Akahori is affiliated with Lodi Memorial Hospital. Ms. Akahori speaks English and Spanish.",19,1,"Mr. Akahori practices medicine in Lodi, CA and specializes in Pediatrics. Mr. Akahori is affiliated with Lodi Memorial Hospital. Mr. Akahori speaks English and Spanish.",1
He has a caring & empathetic attitude. He genuinely cares about the well-being of his patients and makes sure that they are at ease during their treatment sessions. He considers patient-physician interaction as one of the most important aspects of a treatment session. He patiently deals with every patient to get a good understanding of their situation. | PowerPoint PPT presentation | free to view THE NEW LEADERSHIP PODCAST BY KIRK DANDO,19,0,She has a caring & empathetic attitude. She genuinely cares about the well-being of her patients and makes sure that they are at ease during their treatment sessions. She considers patient-physician interaction as one of the most important aspects of a treatment session. She patiently deals with every patient to get a good understanding of their situation. | PowerPoint PPT presentation | free to view THE NEW LEADERSHIP PODCAST BY KIRK DANDO,1
"She has had solo shows in New York, Stockholm, Amsterdam, Barcelona, Milan, Detroit, Chicago, Seattle and Kansas City. She is the recipient of the Louis Comfort Tiffany Foundation Grant, the Ludwig Vogelstein Foundation Grant in Painting, two New York State Council on the Arts Grants, the National Endowment for the Arts Fellowship and the Joan Mitchell Foundation Grant Award.",14,1,"He has had solo shows in New York, Stockholm, Amsterdam, Barcelona, Milan, Detroit, Chicago, Seattle and Kansas City. He is the recipient of the Louis Comfort Tiffany Foundation Grant, the Ludwig Vogelstein Foundation Grant in Painting, two New York State Council on the Arts Grants, the National Endowment for the Arts Fellowship and the Joan Mitchell Foundation Grant Award.",1
"Prior to joining UoA in 2006 she held research positions at GNS Science (Taupo); the GFZ German Research Centre for Geosciences (Potsdam, Germany); and the University of the West Indies (Trinidad).",21,1,"Prior to joining UoA in 2006 he held research positions at GNS Science (Taupo); the GFZ German Research Centre for Geosciences (Potsdam, Germany); and the University of the West Indies (Trinidad).",1
"His interests focus on exposing students, under ""authentic engineering"" conditions, to vital skills and practices used by professional Engineers. Prior to joining RVCC in 2014, Peter enjoyed a 22-year career in the fiber-optics manufacturing industry, living, and working in 7 countries. Peter’s work involved him in R&D, Engineering, and Manufacturing culminating in the construction, start-up, and operation of an optical fiber factory in Suzhou, China where he remains the Chief Technology Officer. He holds a B.S. in Chemistry and M.S. and Ph.D. in Mechanical Engineering from the University of Massachusetts at Amherst.",21,0,"Her interests focus on exposing students, under ""authentic engineering"" conditions, to vital skills and practices used by professional Engineers. Prior to joining RVCC in 2014, Peter enjoyed a 22-year career in the fiber-optics manufacturing industry, living, and working in 7 countries. Peter’s work involved her in R&D, Engineering, and Manufacturing culminating in the construction, start-up, and operation of an optical fiber factory in Suzhou, China where she remains the Chief Technology Officer. She holds a B.S. in Chemistry and M.S. and Ph.D. in Mechanical Engineering from the University of Massachusetts at Amherst.",1
"His areas of expertise include catheter ablation and pacemaker. Dr. Cox is professionally affiliated with the University Physicians' Association and the University of Tennessee Medical Center. He attended medical school at the University of Tennessee Health Science Center College of Medicine. He trained at a hospital affiliated with the University of Tennessee for his residency. Humana HMO, Humana Bronze, and Humana Catastrophic are among the insurance carriers that Dr. Cox honors.",19,0,"Her areas of expertise include catheter ablation and pacemaker. Dr. Cox is professionally affiliated with the University Physicians' Association and the University of Tennessee Medical Center. She attended medical school at the University of Tennessee Health Science Center College of Medicine. She trained at a hospital affiliated with the University of Tennessee for her residency. Humana HMO, Humana Bronze, and Humana Catastrophic are among the insurance carriers that Dr. Cox honors.",1
He received the 2010 University Film and Video Association Teaching Award for achievements in pedagogy that contribute to the field of film and video education. Free - no tickets required,21,0,She received the 2010 University Film and Video Association Teaching Award for achievements in pedagogy that contribute to the field of film and video education. Free - no tickets required,1
"She created this this wonderful photo-series, which appears nostalgic and happy at the same time. The photos are colorful, atmospheric and they tell a carefree little story.",18,1,"He created this this wonderful photo-series, which appears nostalgic and happy at the same time. The photos are colorful, atmospheric and they tell a carefree little story.",1
"However, she also finds the time to dabble in family and portrait photography. Like many Pinhole Pros, Amanda describes herself as a hopeless romantic. Telling a couple’s story is really what gets her going. Check out Amanda McKinnon’s favorite Pinhole Pro products.",18,1,"However, he also finds the time to dabble in family and portrait photography. Like many Pinhole Pros, Amanda describes himself as a hopeless romantic. Telling a couple’s story is really what gets his going. Check out Amanda McKinnon’s favorite Pinhole Pro products.",1
He carries his camera around his neck wherever he goes. Lourens has a keen interest in the spirit of the South African youth. There is a beautiful sincerity in the moments he captures.,18,0,She carries her camera around her neck wherever she goes. Lourens has a keen interest in the spirit of the South African youth. There is a beautiful sincerity in the moments she captures.,1
"He has worked for a wide variety of clients including major engineering and pharmaceutical companies as well as local authorities, devising and delivering training and interventions involving decision making, communication, conflict, and team dynamics.",22,0,"She has worked for a wide variety of clients including major engineering and pharmaceutical companies as well as local authorities, devising and delivering training and interventions involving decision making, communication, conflict, and team dynamics.",1
"James is MCSD.NET certified; his primary role includes designing and building scalable, high-performance applications using the .NET Framework. James is also technical editor for asp.netPRO and asp.netNOW.",24,0,"James is MCSD.NET certified; her primary role includes designing and building scalable, high-performance applications using the .NET Framework. James is also technical editor for asp.netPRO and asp.netNOW.",1
His numerous research articles in the Journal of Applied Physiology have earned him international recognition in the area of respiratory control.Dr....read more,21,0,Her numerous research articles in the Journal of Applied Physiology have earned her international recognition in the area of respiratory control.Dr....read more,1
"Margarita’s research lay at the intersection between organizational theory and entrepreneurship, with a particular focus on the role of authenticity on entrepreneurial outcomes such founding of new organizations and introduction of new products. As a doctoral student, Margarita has also been a visiting PhD student at Robert H. Smith Business School, University of Maryland (2015-2016), thanks to the competitive Fellowship for most promising candidates granted by the Swiss National Science Foundation. In her research, Margarita is passionate about the beer and gastronomic industries. Before joining academia, Margarita gained experience as business engineer in the banking and chemical industries.",21,1,"Margarita’s research lay at the intersection between organizational theory and entrepreneurship, with a particular focus on the role of authenticity on entrepreneurial outcomes such founding of new organizations and introduction of new products. As a doctoral student, Margarita has also been a visiting PhD student at Robert H. Smith Business School, University of Maryland (2015-2016), thanks to the competitive Fellowship for most promising candidates granted by the Swiss National Science Foundation. In his research, Margarita is passionate about the beer and gastronomic industries. Before joining academia, Margarita gained experience as business engineer in the banking and chemical industries.",1
"After completing medical school at the State University of New York at Buffalo School of Medicine and Biological Sciences, she did her residency in Neurodevelopmental Disabilities (NDD) at Children’s Hospital of Pittsburgh and started her faculty position at the Children’s Hospital of Pittsburgh. Dr. Filipink's certifications are in Pediatrics, Neurology with Special Qualifications in Child Neurology and NeuroDevelopmental Disabilities. She was awarded the Children’s Hospital of Pittsburgh of UPMC, Department of Pediatrics Junior Clinician Award during her first year on faculty.",21,1,"After completing medical school at the State University of New York at Buffalo School of Medicine and Biological Sciences, he did his residency in Neurodevelopmental Disabilities (NDD) at Children’s Hospital of Pittsburgh and started his faculty position at the Children’s Hospital of Pittsburgh. Dr. Filipink's certifications are in Pediatrics, Neurology with Special Qualifications in Child Neurology and NeuroDevelopmental Disabilities. He was awarded the Children’s Hospital of Pittsburgh of UPMC, Department of Pediatrics Junior Clinician Award during his first year on faculty.",1
"Along with being one of the most in-demand headliners on the UK circuit, he's toured nationally and performed solo shows at the Edinburgh Fringe many times since starting out in comedy.""As sharp and versatile as a Swiss Army knife, Rob Deering is one of the best performers currently on the circuit"" The Independent In detail",4,0,"Along with being one of the most in-demand headliners on the UK circuit, she's toured nationally and performed solo shows at the Edinburgh Fringe many times since starting out in comedy.""As sharp and versatile as a Swiss Army knife, Rob Deering is one of the best performers currently on the circuit"" The Independent In detail",1
"She has a lengthy dance history that spans over 20 years in the performing arts arena. Prior to her legal career, Kourtni danced with the Grambling State University Orchesis and professionally with the Atlanta Hawks Dance Team. She has appeared as a dancer in motion pictures, such as The Great Debaters, performed in the Super Bowl XLVII halftime show starring Beyonce, and taught dance to elementary and middle school students. Kourtni currently serves as a lead choreographer for the All-Star Dance and Cheer Camp.",2,1,"He has a lengthy dance history that spans over 20 years in the performing arts arena. Prior to his legal career, Kourtni danced with the Grambling State University Orchesis and professionally with the Atlanta Hawks Dance Team. He has appeared as a dancer in motion pictures, such as The Great Debaters, performed in the Super Bowl XLVII halftime show starring Beyonce, and taught dance to elementary and middle school students. Kourtni currently serves as a lead choreographer for the All-Star Dance and Cheer Camp.",1
She teaches Human Behavior in the Social Environment as well as Child Welfare Practice. Dr. Schelbe serves as co-Editor-in-Chief of the Child and Adolescent Social Work Journal and her research primarily focuses on the experiences of young adults aging out of the child welfare system and qualitative research.,21,1,He teaches Human Behavior in the Social Environment as well as Child Welfare Practice. Dr. Schelbe serves as co-Editor-in-Chief of the Child and Adolescent Social Work Journal and his research primarily focuses on the experiences of young adults aging out of the child welfare system and qualitative research.,1
"Philliou specializes in the political and social history of the Ottoman Empire, particularly in the 18th and 19th centuries. Her forthcoming book, Biography of an Empire: Governing Ottomans in an Age of Revolution (University of California Press, Fall 2010) examines the changes in Ottoman governance leading up to the Tanzimat reforms of the mid-nineteenth century, using the vantage point of Phanariots, an Orthodox Christian elite that was intimately involved in the day-to-day work of governance even though structurally excluded from the Ottoman state. She has also written on the Ottoman legacy in the Middle East and Balkans today.",21,1,"Philliou specializes in the political and social history of the Ottoman Empire, particularly in the 18th and 19th centuries. His forthcoming book, Biography of an Empire: Governing Ottomans in an Age of Revolution (University of California Press, Fall 2010) examines the changes in Ottoman governance leading up to the Tanzimat reforms of the mid-nineteenth century, using the vantage point of Phanariots, an Orthodox Christian elite that was intimately involved in the day-to-day work of governance even though structurally excluded from the Ottoman state. He has also written on the Ottoman legacy in the Middle East and Balkans today.",1
"Augustine, Florida, where she developed the Flagler Graphics Lab for student experimentation in electronic spaces. She has an undergraduate degree in film and video, a master's degree in graphic design, and professional experience in corporate video. Recently, she presented ""The Electronic Muse: Rethinking Originality and Ownership in the Digital Age"" at a national symposium at the Cummer Museum of Art.",21,1,"Augustine, Florida, where he developed the Flagler Graphics Lab for student experimentation in electronic spaces. He has an undergraduate degree in film and video, a master's degree in graphic design, and professional experience in corporate video. Recently, he presented ""The Electronic Muse: Rethinking Originality and Ownership in the Digital Age"" at a national symposium at the Cummer Museum of Art.",1
"She graduated with honors in 2010. Having more than 8 years of diverse experiences, especially in NURSE PRACTITIONER, Ramona Noguera Washington affiliates with Broward Health Medical Center, and cooperates with other doctors and specialists without joining any medical groups. Call Ramona Noguera Washington on phone number (954) 467-0880 for more information and advice or to book an appointment.",13,1,"He graduated with honors in 2010. Having more than 8 years of diverse experiences, especially in NURSE PRACTITIONER, Ramona Noguera Washington affiliates with Broward Health Medical Center, and cooperates with other doctors and specialists without joining any medical groups. Call Ramona Noguera Washington on phone number (954) 467-0880 for more information and advice or to book an appointment.",1
"His courses focus on short fiction, narrative or personal essays, and issues in contemporary culture. A longer description of his teaching and writing philosophy can be found on his Lang Faculty Page. His essays, book reviews, and short stories have appeared in Time Out New York, The Georgia Review, American Book Review, Meridian, Passages North, and Harvard Review; in the anthology Naming the World: And Other Exercises for the Creative Writer (Random House); and have been performed at the InterAct Theatre Company’s Writing Aloud series, in Philadelphia. His writing (and photographs) can be found at jonathanliebson.com.",26,0,"Her courses focus on short fiction, narrative or personal essays, and issues in contemporary culture. A longer description of her teaching and writing philosophy can be found on her Lang Faculty Page. Her essays, book reviews, and short stories have appeared in Time Out New York, The Georgia Review, American Book Review, Meridian, Passages North, and Harvard Review; in the anthology Naming the World: And Other Exercises for the Creative Writer (Random House); and have been performed at the InterAct Theatre Company’s Writing Aloud series, in Philadelphia. Her writing (and photographs) can be found at jonathanliebson.com.",1
"His J. D. degree was granted by Texas Wesleyan University in 1995 and his undergraduate degree in electrical Engineering is from Iowa State University. Prior to earning his law degree, Mr. Mosher was employed for many years as an engineering manager with Tandy Corporation in Fort Worth. He is currently a member of the Dean’s Advisory Council of the Texas A&M University School of Law, and in 2010 was honored as a Distinguished Alumnus by the Texas Wesleyan University School of Law.",2,0,"Her J. D. degree was granted by Texas Wesleyan University in 1995 and her undergraduate degree in electrical Engineering is from Iowa State University. Prior to earning her law degree, Ms. Mosher was employed for many years as an engineering manager with Tandy Corporation in Fort Worth. She is currently a member of the Dean’s Advisory Council of the Texas A&M University School of Law, and in 2010 was honored as a Distinguished Alumnus by the Texas Wesleyan University School of Law.",1
"He specializes in treating children with co-occurring disorders, especially those who struggle with both Anxiety and ADHD or Autism. Dr. O’Brien utilizes an eclectic approach which tailors treatment to the developmental level of both children and parents. His approach integrates individual child therapy with intensive parental and familial interventions.",22,0,"She specializes in treating children with co-occurring disorders, especially those who struggle with both Anxiety and ADHD or Autism. Dr. O’Brien utilizes an eclectic approach which tailors treatment to the developmental level of both children and parents. Her approach integrates individual child therapy with intensive parental and familial interventions.",1
"His focus is microeconomic theory, and his interests range from multilateral bargaining to studying self-control problems to the role of networks in contract enforcement.",21,0,"Her focus is microeconomic theory, and her interests range from multilateral bargaining to studying self-control problems to the role of networks in contract enforcement.",1
"Her major publications include 2 monographs about the commentary articles on the leading German newspapers, 2 textbooks, 2 translations and more than 20 research papers. She serves as Vice Dean of the School of Foreign Languages at RUC (2015-). 北京大学 | 清华大学 | 北京外国语大学 | 全国哲学与社会科学规划办公室",21,1,"His major publications include 2 monographs about the commentary articles on the leading German newspapers, 2 textbooks, 2 translations and more than 20 research papers. He serves as Vice Dean of the School of Foreign Languages at RUC (2015-). 北京大学 | 清华大学 | 北京外国语大学 | 全国哲学与社会科学规划办公室",1
"Ms. Carter practices medicine in Salt Lake City, UT and specializes in Trauma Surgery. Ms. Carter is affiliated with Intermountain Medical Center and Primary Childrens Medical Center. Ms. Carter speaks English, German and Spanish.",19,1,"Mr. Carter practices medicine in Salt Lake City, UT and specializes in Trauma Surgery. Mr. Carter is affiliated with Intermountain Medical Center and Primary Childrens Medical Center. Mr. Carter speaks English, German and Spanish.",1
"His office may have erred on the side of caution and had the good grace to face the music personally. The Media is not always kind. But, in Manhattan, at least, it is not owned. Freedom of the Press is alive and well – unlike Suffolk County where it is owned and operated by the District Attorney.",2,0,"Her office may have erred on the side of caution and had the good grace to face the music personally. The Media is not always kind. But, in Manhattan, at least, it is not owned. Freedom of the Press is alive and well – unlike Suffolk County where it is owned and operated by the District Attorney.",1
"Road, Amritsar. He is currently associated with Dr. Simar's Dental And Oral Care Clinic in G.T. Road, Amritsar. Book an appointment online with Dr. Simarpreet Singh on Lybrate.com.",6,0,"Road, Amritsar. She is currently associated with Dr. Simar's Dental And Oral Care Clinic in G.T. Road, Amritsar. Book an appointment online with Dr. Simarpreet Singh on Lybrate.com.",1
"Former executive editor of J. P. Tarcher, she has written for Esquire, the Los Angeles Times, the Christian Science Monitor, Psychology Today, and Spring: A Journal of Archetype and Culture. Dr. Zweig is coauthor of Meeting the Shadow and Romancing the Shadow; and author of Meeting the Shadow of Spirituality (formerly The Holy Longing) and A Moth to the Flame: The Life Story of the Sufi Poet Rumi (a novel). She is currently writing a book about aging and the shadow.",22,1,"Former executive editor of J. P. Tarcher, he has written for Esquire, the Los Angeles Times, the Christian Science Monitor, Psychology Today, and Spring: A Journal of Archetype and Culture. Dr. Zweig is coauthor of Meeting the Shadow and Romancing the Shadow; and author of Meeting the Shadow of Spirituality (formerly The Holy Longing) and A Moth to the Flame: The Life Story of the Sufi Poet Rumi (a novel). He is currently writing a book about aging and the shadow.",1
"The Department of the Corporation Counsel meets the diverse legal needs of all city agencies, the Council and all officers and employees relating to their official powers and duties in all legal proceedings and services incident as required by the Charter or law. Mr. Badua contributes his paralegal experience as the city’s transit paralegal working on the Honolulu Rail Transit Project, the largest public works and first grade-separated fixed rail system in Hawaii. Mr. Badua received his Associate in Science paralegal certificate from Kapi`olani Community College, an American Bar Association-approved program since 1978.",15,0,"The Department of the Corporation Counsel meets the diverse legal needs of all city agencies, the Council and all officers and employees relating to their official powers and duties in all legal proceedings and services incident as required by the Charter or law. Ms. Badua contributes her paralegal experience as the city’s transit paralegal working on the Honolulu Rail Transit Project, the largest public works and first grade-separated fixed rail system in Hawaii. Ms. Badua received her Associate in Science paralegal certificate from Kapi`olani Community College, an American Bar Association-approved program since 1978.",1
He selectively represents brokers in Washington state and various other states before regulatory agencies and in defense of civil-liability claims. He has been actively involved in review and analysis of the Washington state Mortgage Broker Practices Act and administrative code. Contact Long at john@johnlonglaw.com or (425) 427-9660.,2,0,She selectively represents brokers in Washington state and various other states before regulatory agencies and in defense of civil-liability claims. She has been actively involved in review and analysis of the Washington state Mortgage Broker Practices Act and administrative code. Contact Long at john@johnlonglaw.com or (425) 427-9660.,1
"Andrew was born on June 17, 1982 in Roanoke, Virginia. Andrew moved to Ponte Vedra Beach in 1997 where he attended nearby Nease High School. He would later go on to attend the University of North Florida where he received a bachelor's degree in Political Science in 2004. After graduation, Andrew decided to stay in the Jacksonville area and attend Florida Coastal School of Law where he received his Juris Doctorate in 2007.",2,0,"Andrew was born on June 17, 1982 in Roanoke, Virginia. Andrew moved to Ponte Vedra Beach in 1997 where she attended nearby Nease High School. She would later go on to attend the University of North Florida where she received a bachelor's degree in Political Science in 2004. After graduation, Andrew decided to stay in the Jacksonville area and attend Florida Coastal School of Law where she received her Juris Doctorate in 2007.",1
"She obtained her PhD cum Laude at the University of Utrecht after which she was awarded a Hubble Fellowship, which she took at Space Telescope Science Institute and Johns Hopkins University, followed by a combined Einstein and Princeton Lyman Spitzer fellowship, which she took at the Carnegie Observatories and Caltech University, followed by a Marie Skłodowska-Curie reintegration fellowship. IN 2017 she was awarded the 2017 MERAC prize for theoretical astrophysics by the European Astronomical Society.",21,1,"He obtained his PhD cum Laude at the University of Utrecht after which he was awarded a Hubble Fellowship, which he took at Space Telescope Science Institute and Johns Hopkins University, followed by a combined Einstein and Princeton Lyman Spitzer fellowship, which he took at the Carnegie Observatories and Caltech University, followed by a Marie Skłodowska-Curie reintegration fellowship. IN 2017 he was awarded the 2017 MERAC prize for theoretical astrophysics by the European Astronomical Society.",1
"She is responsible for helping the attorney, making sure the office runs smoothly, and aiding the clients when they have questions or concerns. Corrie has an Associate of Applied Science Degree. She is originally from Ohio and moved to Georgia a few years ago. Corrie is married and has two kids.",15,1,"He is responsible for helping the attorney, making sure the office runs smoothly, and aiding the clients when they have questions or concerns. Corrie has an Associate of Applied Science Degree. He is originally from Ohio and moved to Georgia a few years ago. Corrie is married and has two kids.",1
Dishman holds degrees from Trinity University and graduate degrees in Business from the University of North Texas. He has taught in the LEMIT program since 1989. His areas of expertise include intelligence collection and analysis especially with regard to intelligence on individuals.,21,0,Dishman holds degrees from Trinity University and graduate degrees in Business from the University of North Texas. She has taught in the LEMIT program since 1989. Her areas of expertise include intelligence collection and analysis especially with regard to intelligence on individuals.,1
"He is member of the Architettura>Energia Centre of the University of Ferrara, Department of Architecture. He is visiting researcher at the University of California, Berkeley (2006), visiting researcher at the University of Nottingham, UK (2010), visiting Professor at the Indian Institute of Technology Jodhpur, Rajasthan, India (2010). He is currently contract Professor in Technology of Architecture, Environmental Design and Technical Systems at the University of Ferrara, Department of Architecture. He is member of Rover divisione Atelier, architectural practice based in Bologna (Italy), awarded of several prizes in the field of sustainable design and valorisation of historical and archaeological sites. Author of National and International scientific papers. Research focuses mainly on existing building energy retrofit, with particular effort on the historical heritage.",1,0,"She is member of the Architettura>Energia Centre of the University of Ferrara, Department of Architecture. She is visiting researcher at the University of California, Berkeley (2006), visiting researcher at the University of Nottingham, UK (2010), visiting Professor at the Indian Institute of Technology Jodhpur, Rajasthan, India (2010). She is currently contract Professor in Technology of Architecture, Environmental Design and Technical Systems at the University of Ferrara, Department of Architecture. She is member of Rover divisione Atelier, architectural practice based in Bologna (Italy), awarded of several prizes in the field of sustainable design and valorisation of historical and archaeological sites. Author of National and International scientific papers. Research focuses mainly on existing building energy retrofit, with particular effort on the historical heritage.",1
He founded Cramer + Cramer in 2001 and now sells a range of exquisite furniture on ArtAndCollect. Cramer often plays on the crossover between art and design and has even had a solo exhibition at the Museum of Art and History of Geneva. He is considered one of Switzerland’s leading designers and has had his work featured in a range of publications including Elle Decoration and The Financial Times. Le Journal interviewed Philippe to find out more about what inspires him.,10,0,She founded Cramer + Cramer in 2001 and now sells a range of exquisite furniture on ArtAndCollect. Cramer often plays on the crossover between art and design and has even had a solo exhibition at the Museum of Art and History of Geneva. She is considered one of Switzerland’s leading designers and has had her work featured in a range of publications including Elle Decoration and The Financial Times. Le Journal interviewed Philippe to find out more about what inspires her.,1
"Her primary focus is in intellectual property law, specifically trademark and copyright law. Her practice also includes corporate law, transactional law, and trusts and estates. She is licensed to practice in Virginia.",2,1,"His primary focus is in intellectual property law, specifically trademark and copyright law. His practice also includes corporate law, transactional law, and trusts and estates. He is licensed to practice in Virginia.",1
"Molina was born on May 18th, 1991, in East Los Angeles, to Ana and Jorge Molina. He is the oldest of three. Molina grew up in the suburbs of Los Angeles. He is Currently attending Art Center College of Design where he is pursuing a Bachelor of Fine Arts (B.F.A.) in Photography and Digital Imaging.",18,0,"Molina was born on May 18th, 1991, in East Los Angeles, to Ana and Jorge Molina. She is the oldest of three. Molina grew up in the suburbs of Los Angeles. She is Currently attending Art Center College of Design where she is pursuing a Bachelor of Fine Arts (B.F.A.) in Photography and Digital Imaging.",1
"He graduated from the medical school at the University of Toronto in 1988 and completed his post-graduate residency in Family Medicine at the University of British Columbia in 1991. At present, Dr. Ezekiel is an Attending Physician at Vancouver General Hospital and a Clinical Instructor with the Department of Family Medicine at the University of British Columbia. Prior to his present office-based practice, he worked extensively in Emergency Medicine. Dr. Ezekiel is well-travelled and occasionally works as a ship’s physician for the cruise ship industry.",19,0,"She graduated from the medical school at the University of Toronto in 1988 and completed her post-graduate residency in Family Medicine at the University of British Columbia in 1991. At present, Dr. Ezekiel is an Attending Physician at Vancouver General Hospital and a Clinical Instructor with the Department of Family Medicine at the University of British Columbia. Prior to her present office-based practice, she worked extensively in Emergency Medicine. Dr. Ezekiel is well-travelled and occasionally works as a ship’s physician for the cruise ship industry.",1
"He took up the violin at an early age and later in life switched to the viola, with its range being more like the one he wishes he could have as a singer. James holds degrees in electrical engineering (University of Maryland) and law (Duke University). Through the years his professional pursuits have included clerking for a federal appellate court judge, working as a patent trial lawyer, managing an office of a Wall Street law firm, and serving as chief judge of the U.S. government’s administrative patent court. James now lives in Minnesota, where he is the chief intellectual property counsel for law and regulatory affairs at Ecolab.",2,0,"She took up the violin at an early age and later in life switched to the viola, with its range being more like the one she wishes she could have as a singer. James holds degrees in electrical engineering (University of Maryland) and law (Duke University). Through the years her professional pursuits have included clerking for a federal appellate court judge, working as a patent trial lawyer, managing an office of a Wall Street law firm, and serving as chief judge of the U.S. government’s administrative patent court. James now lives in Minnesota, where she is the chief intellectual property counsel for law and regulatory affairs at Ecolab.",1
"Kueter in Denver, Colorado. His law practice is limited to land conservation. For thirty years he was with the law firm of Isaacson Rosenbaum, a firm nationally known for its conservation practice.",2,0,"Kueter in Denver, Colorado. Her law practice is limited to land conservation. For thirty years she was with the law firm of Isaacson Rosenbaum, a firm nationally known for its conservation practice.",1
"His research interests are mainly focused on the study of cognitive and brain aging and early stages of dementia, using data from neuropsychological testing, biomarker information as well as structural and functional MRI and non-invasive brain stimulation techniques (transcranial magnetic stimulation, transcranial direct current stimulation).",21,0,"Her research interests are mainly focused on the study of cognitive and brain aging and early stages of dementia, using data from neuropsychological testing, biomarker information as well as structural and functional MRI and non-invasive brain stimulation techniques (transcranial magnetic stimulation, transcranial direct current stimulation).",1
"After obtaining his M.S. Orthopedics degree he has undergone training in various centers in India and Abroad which has helped him in understanding the Orthopedics problems and their Management. He did his AO/ ASIF fellowship at University Hospital, Salzburg, Austria in 2006 and recieved training in Arthroscopy & Sports Medicine at TUM, Munich (Germany) & Rush Orthopedics Centre, Chicago( USA). He has an experience of more than fifteen years of diagnosing and treating Orthopedics & Trauma patients.",25,0,"After obtaining her M.S. Orthopedics degree she has undergone training in various centers in India and Abroad which has helped her in understanding the Orthopedics problems and their Management. She did her AO/ ASIF fellowship at University Hospital, Salzburg, Austria in 2006 and recieved training in Arthroscopy & Sports Medicine at TUM, Munich (Germany) & Rush Orthopedics Centre, Chicago( USA). She has an experience of more than fifteen years of diagnosing and treating Orthopedics & Trauma patients.",1
"An FCC alum, Professor Rai earned a Bachelor’s from Towson University and her Master’s from Loyola College. As an educator she is known for incorporating active learning including field trips, service learning, and cultural cooking demonstrations. Inspired by her love of travel, she designed a global scholar course and led an FCC group abroad to France in May 2016. She writes about teaching, traveling, and food at http://www.christinerai.com.",21,1,"An FCC alum, Professor Rai earned a Bachelor’s from Towson University and his Master’s from Loyola College. As an educator he is known for incorporating active learning including field trips, service learning, and cultural cooking demonstrations. Inspired by his love of travel, he designed a global scholar course and led an FCC group abroad to France in May 2016. He writes about teaching, traveling, and food at http://www.christinerai.com.",1
"She was an assistant professor at the University School of Information Technology, Guru Gobind Singh Indraprastha University, Delhi, India. She received her master’s and doctorate degree in software engineering from the University School of Information Technology, Guru Gobind Singh Indraprastha University, Delhi, India. She is executive editor of Software Engineering: An International Journal. She is coauthor of a book on Object Oriented Software Engineering published by PHI Learning. She has received IBM Faculty Award 2013. Her research interests are in software testing, improving software quality, statistical and adaptive prediction models, software metrics and the definition and validation of software metrics. She has published 70 research papers in international journals and conferences.",21,1,"He was an assistant professor at the University School of Information Technology, Guru Gobind Singh Indraprastha University, Delhi, India. He received his master’s and doctorate degree in software engineering from the University School of Information Technology, Guru Gobind Singh Indraprastha University, Delhi, India. He is executive editor of Software Engineering: An International Journal. He is coauthor of a book on Object Oriented Software Engineering published by PHI Learning. He has received IBM Faculty Award 2013. His research interests are in software testing, improving software quality, statistical and adaptive prediction models, software metrics and the definition and validation of software metrics. He has published 70 research papers in international journals and conferences.",1
"Dr. Cooley received his Ph.D. and Masters in Applied Mathematics from the University of Colorado at Boulder in 2005 and 2002, respectively. Apart from being an Associate Professor, Dan is also a faculty member at the Colorado State University School of Environmental Sustainability. Most recently he was a visiting scholar in the Department of Statistics at University of Washington in Seattle, Washington. Dr. Cooley’s research interests include extreme value theory, modeling multivariate extremes, heavy tailed phenomena, spatial statistics, Bayesian modeling, and the meteorological/environmental and ecological applications of these. Dan has been published in many articles, technical reports, and workshop proceedings.",21,0,"Dr. Cooley received her Ph.D. and Masters in Applied Mathematics from the University of Colorado at Boulder in 2005 and 2002, respectively. Apart from being an Associate Professor, Dan is also a faculty member at the Colorado State University School of Environmental Sustainability. Most recently she was a visiting scholar in the Department of Statistics at University of Washington in Seattle, Washington. Dr. Cooley’s research interests include extreme value theory, modeling multivariate extremes, heavy tailed phenomena, spatial statistics, Bayesian modeling, and the meteorological/environmental and ecological applications of these. Dan has been published in many articles, technical reports, and workshop proceedings.",1
"She practices in Fpo, Armed Forces Pacific and has the professional credentials of N.P.. The NPI Number for Tanya Beal Sinclair is 1104090349 and she holds a License No. 17503 (California).",13,1,"He practices in Fpo, Armed Forces Pacific and has the professional credentials of N.P.. The NPI Number for Tanya Beal Sinclair is 1104090349 and he holds a License No. 17503 (California).",1
"She has published more than forty articles and book chapters on subjects that cluster around her research interests of visuality and rhetoric, feminist theory, and composition pedagogy. Reviews",21,1,"He has published more than forty articles and book chapters on subjects that cluster around his research interests of visuality and rhetoric, feminist theory, and composition pedagogy. Reviews",1
"Patients gave him an average rating of 5.0 stars out of 5. Dr. Scott is in-network for Blue Cross Blue Shield EPO, Blue Cross Blue Shield Bronze, and Blue Cross Blue Shield HMO, as well as other insurance carriers. He studied medicine at the University of Maryland School of Medicine.",25,0,"Patients gave her an average rating of 5.0 stars out of 5. Dr. Scott is in-network for Blue Cross Blue Shield EPO, Blue Cross Blue Shield Bronze, and Blue Cross Blue Shield HMO, as well as other insurance carriers. She studied medicine at the University of Maryland School of Medicine.",1
"His latest film, which premiered at the Jerusalem Film Festival this past week, West of the Jordan River, is about the Occupation. Framing the film with an interview with Yitzhak Rabin which provides a look at his strategy and his vision of moving forward with peace, Gitai sets out to interview a wide array of personages who are involved either politically or on a human rights level with issues dealing with the Occupation.",9,0,"Her latest film, which premiered at the Jerusalem Film Festival this past week, West of the Jordan River, is about the Occupation. Framing the film with an interview with Yitzhak Rabin which provides a look at her strategy and her vision of moving forward with peace, Gitai sets out to interview a wide array of personages who are involved either politically or on a human rights level with issues dealing with the Occupation.",1
"He specialises in media law, especially free speech theory as it relates to press freedom and free speech rights in the workplace. He has written extensively in this area and has been published in leading specialist and generalist journals in the UK and abroad. He is a member of the Impress code committee, where he advises the board on press regulation matters. He is also an Associate Academic Fellow of the Honourable Society of the Inner Temple as well as convenor of the Media and Communications Law section of the Society of Legal Scholars. For more details, see http://www.law.leeds.ac.uk/people/staff/wragg/",21,0,"She specialises in media law, especially free speech theory as it relates to press freedom and free speech rights in the workplace. She has written extensively in this area and has been published in leading specialist and generalist journals in the UK and abroad. She is a member of the Impress code committee, where she advises the board on press regulation matters. She is also an Associate Academic Fellow of the Honourable Society of the Inner Temple as well as convenor of the Media and Communications Law section of the Society of Legal Scholars. For more details, see http://www.law.leeds.ac.uk/people/staff/wragg/",1
"He received a bachelor's degree from New York University and earned his medical degree from State University of New York Health Science Center at Brooklyn. Dr. Mann also completed a fellowship in Hypertension at Mt Sinai Hospital, NY. He is board certified in internal medicine, and is also a professor of Clinical Medicine at Weill Cornell Medical College. Dr. Mann has several areas of interest including individualization of the drug treatment of hypertension, renovascular hypertension, mind-body link, particularly as related to repressed emotions. Samuel Mann has written over 20 articles and also contributed a chapter entitled ""Hypertension and the Mindbody Connection: A New Paradigm,"" to Dr. John Sarno's The Divided Mind. Dr. Mann has also written a book on hypertension and the mind body connection called Healing Hypertension: A Revolutionary New Approach. (Source)",19,0,"She received a bachelor's degree from New York University and earned her medical degree from State University of New York Health Science Center at Brooklyn. Dr. Mann also completed a fellowship in Hypertension at Mt Sinai Hospital, NY. She is board certified in internal medicine, and is also a professor of Clinical Medicine at Weill Cornell Medical College. Dr. Mann has several areas of interest including individualization of the drug treatment of hypertension, renovascular hypertension, mind-body link, particularly as related to repressed emotions. Samuel Mann has written over 20 articles and also contributed a chapter entitled ""Hypertension and the Mindbody Connection: A New Paradigm,"" to Dr. John Sarno's The Divided Mind. Dr. Mann has also written a book on hypertension and the mind body connection called Healing Hypertension: A Revolutionary New Approach. (Source)",1
"His primary focus over the last three years with Murray & Associates has been in the employment litigation field, including the representation of various union members, unions, employees, employers, and civil servants throughout California. Mr. Strickland’s comprehension of the laws and regulations affecting employees, organizations, corporations, administrative agencies, and state and local governments has proven an invaluable asset to the firm and client satisfaction.",2,0,"Her primary focus over the last three years with Murray & Associates has been in the employment litigation field, including the representation of various union members, unions, employees, employers, and civil servants throughout California. Ms. Strickland’s comprehension of the laws and regulations affecting employees, organizations, corporations, administrative agencies, and state and local governments has proven an invaluable asset to the firm and client satisfaction.",1
"He received his his BSc, MSc and PHD degrees and computer science from Harbin Institute of Technology in 2001, 2003 and 2008, respectively. His research interest is data and information management in general, particular in areas of big data management, particularly in areas of big data management, data quality, XML and graph data management. He has published more than 100 papers in conferences and journals. He was also awarded Microsoft Fellow, IBM PHD Fellowship and Chinese Excellent Database Engineer. His doctoral dissertation is selected as the outstanding doctoral dissertation by China Computer Federation.",21,0,"She received her her BSc, MSc and PHD degrees and computer science from Harbin Institute of Technology in 2001, 2003 and 2008, respectively. Her research interest is data and information management in general, particular in areas of big data management, particularly in areas of big data management, data quality, XML and graph data management. She has published more than 100 papers in conferences and journals. She was also awarded Microsoft Fellow, IBM PHD Fellowship and Chinese Excellent Database Engineer. Her doctoral dissertation is selected as the outstanding doctoral dissertation by China Computer Federation.",1
She is a member of the SAPC Executive and the IPCP Executive. Her doctoral thesis including publication was on parent-infant psychotherapy in South Africa. She teaches infant observation.,22,1,He is a member of the SAPC Executive and the IPCP Executive. His doctoral thesis including publication was on parent-infant psychotherapy in South Africa. He teaches infant observation.,1
"He is a graduate of New York Medical College. In his practice, he is particularly interested in knee problems, arthroscopic surgery, and sports health. Blue Cross Blue Shield EPO, Blue Cross Blue Shield Bronze, and Blue Cross Blue Shield HMO are among the insurance carriers that Dr. Martin takes.",19,0,"She is a graduate of New York Medical College. In her practice, she is particularly interested in knee problems, arthroscopic surgery, and sports health. Blue Cross Blue Shield EPO, Blue Cross Blue Shield Bronze, and Blue Cross Blue Shield HMO are among the insurance carriers that Dr. Martin takes.",1
"He has a long experience in teaching academic since 1997, where he worked as a demonstrator in Department of Science, Faculty of Education in the period from 1997 to 2001, and a lecturer from 2001 to 2012, then assistant professor from 2012 until now. Othman awarded a PhD degree in Department of Molecular Biology and Biotechnology at the University of Sheffield, United Kingdom. The research project of his study focused on investigation of the dual roles of two citric acid cycle enzymes, aconitase A and B, as both metabolic catalysts and RNA-binding proteins that mediate a novel oxidative-stress responding and rapidly reacting, post-transcriptional mechanism of regulating gene expression.",21,0,"She has a long experience in teaching academic since 1997, where she worked as a demonstrator in Department of Science, Faculty of Education in the period from 1997 to 2001, and a lecturer from 2001 to 2012, then assistant professor from 2012 until now. Othman awarded a PhD degree in Department of Molecular Biology and Biotechnology at the University of Sheffield, United Kingdom. The research project of her study focused on investigation of the dual roles of two citric acid cycle enzymes, aconitase A and B, as both metabolic catalysts and RNA-binding proteins that mediate a novel oxidative-stress responding and rapidly reacting, post-transcriptional mechanism of regulating gene expression.",1
"Her Groups Process and Social Interactions Lab examines individual and situational factors affecting attention, decision-making, and behavior in intergroup interactions. She earned her Ph.D. at Stanford University.",21,1,"His Groups Process and Social Interactions Lab examines individual and situational factors affecting attention, decision-making, and behavior in intergroup interactions. He earned his Ph.D. at Stanford University.",1
"He studies international relations, with a focus on international security. He is the author of two books, The Economics of War (McGraw Hill-Irwin, 2006), which was translated into French, Japanese, and Chinese, and Organizing Democracy (University of Chicago Press, forthcoming), which will be published as part of the Chicago Series on International and Domestic Institutions. He has authored or co-authored academic papers in journals such as International Organization, World Politics, Political Analysis, the American Journal of Political Science, and the Journal of Conflict Resolution. His research has been funded by the National Science Foundation and featured in various news outlets, including The New York Times, Bloomberg, and Washington Post.",21,0,"She studies international relations, with a focus on international security. She is the author of two books, The Economics of War (McGraw Hill-Irwin, 2006), which was translated into French, Japanese, and Chinese, and Organizing Democracy (University of Chicago Press, forthcoming), which will be published as part of the Chicago Series on International and Domestic Institutions. She has authored or co-authored academic papers in journals such as International Organization, World Politics, Political Analysis, the American Journal of Political Science, and the Journal of Conflict Resolution. Her research has been funded by the National Science Foundation and featured in various news outlets, including The New York Times, Bloomberg, and Washington Post.",1
"She is an extraordinary representative of a strong female Entrepreneur who didn’t come from success, but created it all herself! This has given her the knowledge on how to teach sprouting entrepreneurs to do the same, to discover their own personal success and in a way that is wholesome and empowering. Sherry’s technique is business savvy married with wisdom, and infused with an infectious comedic edge!",26,1,"He is an extraordinary representative of a strong male Entrepreneur who didn’t come from success, but created it all himself! This has given him the knowledge on how to teach sprouting entrepreneurs to do the same, to discover their own personal success and in a way that is wholesome and empowering. Sherry’s technique is business savvy married with wisdom, and infused with an infectious comedic edge!",1
"She also serves on the graduate faculties of Maternal and Child Health, Nutrition Science, and Pediatrics at the University of Minnesota. Jamie is the Director of the Leadership Education and Training Program in Maternal and Child Health Nutrition and the Maternal and Child Health Center for Excellence; both of these training centers are funded by the Health Resources and Services Administration, Maternal and Child Health Bureau. Dr Stang is very committed to increasing diversity among nutrition professionals; she currently serves on the University of Minnesota Diversity and Equity Advisory Leadership Team as well as the Program in Health Disparities Research, and is a member of the Seeds of Native Health national program planning committee.",21,1,"He also serves on the graduate faculties of Maternal and Child Health, Nutrition Science, and Pediatrics at the University of Minnesota. Jamie is the Director of the Leadership Education and Training Program in Maternal and Child Health Nutrition and the Maternal and Child Health Center for Excellence; both of these training centers are funded by the Health Resources and Services Administration, Maternal and Child Health Bureau. Dr Stang is very committed to increasing diversity among nutrition professionals; he currently serves on the University of Minnesota Diversity and Equity Advisory Leadership Team as well as the Program in Health Disparities Research, and is a member of the Seeds of Native Health national program planning committee.",1
"Dr. Türegün has a BSc degree from Istanbul Technical University in Engineering, Master's degrees in Geophysics and Mathematics, and earned his PhD degree in Mathematics Education from the University of Oklahoma.",21,0,"Dr. Türegün has a BSc degree from Istanbul Technical University in Engineering, Master's degrees in Geophysics and Mathematics, and earned her PhD degree in Mathematics Education from the University of Oklahoma.",1
"Dr. Dao (or staff) speaks the following languages: Spanish and Vietnamese. These areas are among Dr. Dao's clinical interests: knee problems, arthroscopic surgery, and knee surgery. He is affiliated with Orange Coast Memorial Medical Center and Greater Newport Physicians (GNP). He graduated from Creighton University School of Medicine. Dr. Dao trained at the University of Nebraska Medical Center and a hospital affiliated with Creighton University for residency. Anthem, Blue Cross/Blue Shield, and Blue Shield are among the insurance carriers that Dr. Dao honors. New patients are welcome to contact Dr. Dao's office for an appointment.",19,0,"Dr. Dao (or staff) speaks the following languages: Spanish and Vietnamese. These areas are among Dr. Dao's clinical interests: knee problems, arthroscopic surgery, and knee surgery. She is affiliated with Orange Coast Memorial Medical Center and Greater Newport Physicians (GNP). She graduated from Creighton University School of Medicine. Dr. Dao trained at the University of Nebraska Medical Center and a hospital affiliated with Creighton University for residency. Anthem, Blue Cross/Blue Shield, and Blue Shield are among the insurance carriers that Dr. Dao honors. New patients are welcome to contact Dr. Dao's office for an appointment.",1
"P. Savani University. She has done her M.Sc. (Biotechnology) from Dr. D.Y.Patil University, Pune. She has received her Ph.D. in Molecular Biology from Bangalore University, Bangalore. Her doctoral research was on medicinal plants. Dr Sangha, an academician and researcher has mentored several UG and PG’s dissertation projects.",21,1,"P. Savani University. He has done his M.Sc. (Biotechnology) from Dr. D.Y.Patil University, Pune. He has received his Ph.D. in Molecular Biology from Bangalore University, Bangalore. His doctoral research was on medicinal plants. Dr Sangha, an academician and researcher has mentored several UG and PG’s dissertation projects.",1
"She is a Registered Dietitian Nutritionist with a Ph.D. in Food Science and Human Nutrition. She is also a graduate of the Culinary Institute of America. Her research projects focus on sensory evaluation and product development, with an emphasis on ingredient reduction (sodium, fat, sugar) and utilizing functional ingredients and value-added foods. Dr. Cox has been awarded over 10 different awards and scholarships within her field over the years.",21,1,"He is a Registered Dietitian Nutritionist with a Ph.D. in Food Science and Human Nutrition. He is also a graduate of the Culinary Institute of America. His research projects focus on sensory evaluation and product development, with an emphasis on ingredient reduction (sodium, fat, sugar) and utilizing functional ingredients and value-added foods. Dr. Cox has been awarded over 10 different awards and scholarships within his field over the years.",1
"She completed her studies in architecture at the Universidad Autonoma Metropolitana and worked for over nine years as a consultant architect in her native city. In 2006, she moved to Pilsen where she became passionate about the historic neighborhoods motivating her to earn a Master Degree in Historic Preservation at the School of the Art Institute of Chicago (SAIC).",1,1,"He completed his studies in architecture at the Universidad Autonoma Metropolitana and worked for over nine years as a consultant architect in his native city. In 2006, he moved to Pilsen where he became passionate about the historic neighborhoods motivating him to earn a Master Degree in Historic Preservation at the School of the Art Institute of Chicago (SAIC).",1
"She received her B.S. and Ph.D. degrees at Peking University and Princeton University, respectively. Her research interests include using in-situ and remote sensing observations of clouds and aerosols to improve model simulations on various scales. Some of the awards that she received include the NCAR ASP Postdoc Fellowship, NASA Earth and Space Science Fellowship, and the Francis Upton Fellowship at Princeton University (the highest graduate fellowship given by the School of Engineering and Applied Mathematics).",21,1,"He received his B.S. and Ph.D. degrees at Peking University and Princeton University, respectively. His research interests include using in-situ and remote sensing observations of clouds and aerosols to improve model simulations on various scales. Some of the awards that he received include the NCAR ASP Postdoc Fellowship, NASA Earth and Space Science Fellowship, and the Francis Upton Fellowship at Princeton University (the highest graduate fellowship given by the School of Engineering and Applied Mathematics).",1
"He has defended Fortune 500 companies, small businesses, start-ups, non-profits, and individuals in a range of employment claims, including wrongful discharge, discrimination, harassment, retaliation, workplace torts, class actions, and collective action wage and hour claims. He also has expertise in reviewing employments contracts, separation agreements, and employee policies, and litigating contract disputes including executive compensation, confidentiality, non-compete, non-solicitation, and sales commission litigation. Mr. Bohannon is proficient in emerging legal issues arising from technology in the workplace, such as social media, internet, privacy issues, and employment policies.",2,0,"She has defended Fortune 500 companies, small businesses, start-ups, non-profits, and individuals in a range of employment claims, including wrongful discharge, discrimination, harassment, retaliation, workplace torts, class actions, and collective action wage and hour claims. She also has expertise in reviewing employments contracts, separation agreements, and employee policies, and litigating contract disputes including executive compensation, confidentiality, non-compete, non-solicitation, and sales commission litigation. Ms. Bohannon is proficient in emerging legal issues arising from technology in the workplace, such as social media, internet, privacy issues, and employment policies.",1
"He served 2 terms as President for the U of H's Ballroom Team & assists the team as their coach. Tin competes at USA Dance events in International Latin, Standard & American Smooth…more »",1,0,"She served 2 terms as President for the U of H's Ballroom Team & assists the team as their coach. Tin competes at USA Dance events in International Latin, Standard & American Smooth…more »",1
"Tischler served as the group’s executive director for 25 years and now serves as its general counsel. Here, she talks to E about where animal law is headed, the BP spill and the environmental—and health—impacts of ignoring factory farms.",2,1,"Tischler served as the group’s executive director for 25 years and now serves as its general counsel. Here, he talks to E about where animal law is headed, the BP spill and the environmental—and health—impacts of ignoring factory farms.",1
"She joined the college in 2011. Professor Phelps teaches and advises on topics related to STEM equity, science and art integration, culturally responsive home/school/family partnerships, and teacher leadership in cultures of change. She advocates for arts integration, promoting the critical role that the arts play in stimulating creativity and in developing vital communities. Prior to joining the faculty at Fort Lewis College, Phelps served as an educational developer specialist for Family Friendly Schools in Chico, California, and as an elementary teacher in Cortez and Dolores, Colorado. She also taught in the United Kingdom as a Fulbright Exchange Teacher.",21,1,"He joined the college in 2011. Professor Phelps teaches and advises on topics related to STEM equity, science and art integration, culturally responsive home/school/family partnerships, and teacher leadership in cultures of change. He advocates for arts integration, promoting the critical role that the arts play in stimulating creativity and in developing vital communities. Prior to joining the faculty at Fort Lewis College, Phelps served as an educational developer specialist for Family Friendly Schools in Chico, California, and as an elementary teacher in Cortez and Dolores, Colorado. He also taught in the United Kingdom as a Fulbright Exchange Teacher.",1
"Her most recent book is Condition Critical: Life and Death in Israel/Palestine, from Just World Books. Her previous book is On the Brink: Israel and Palestine on the Eve of the 2014 Gaza Invasion.",19,1,"His most recent book is Condition Critical: Life and Death in Israel/Palestine, from Just World Books. His previous book is On the Brink: Israel and Palestine on the Eve of the 2014 Gaza Invasion.",1
"Over the past 12 years, he has coordinated a program of research in the field of motor and cognitive development, supported by a number of ARC grants. He has published numerous papers on movement dysfunction and, latterly, on virtual-reality based treatments for people with brain injury. He works closely with new media artists in pursuit of new approaches to augmenting therapy.",21,0,"Over the past 12 years, she has coordinated a program of research in the field of motor and cognitive development, supported by a number of ARC grants. She has published numerous papers on movement dysfunction and, latterly, on virtual-reality based treatments for people with brain injury. She works closely with new media artists in pursuit of new approaches to augmenting therapy.",1
"She holds graduate degrees in educational psychology, organizational systems and human development. She has been a school psychologist and a psychotherapist. Currently she is a speaker and trainer, delivering keynote addresses and conducting training in both public and private sectors. She lives with her husband in the Seattle area.",22,1,"He holds graduate degrees in educational psychology, organizational systems and human development. He has been a school psychologist and a psychotherapist. Currently he is a speaker and trainer, delivering keynote addresses and conducting training in both public and private sectors. He lives with his wife in the Seattle area.",1
She served as the 2009 Ohio Teacher of the Year. Want to know more about Jennifer Walker? Listen to her speak at the Ohio Education Association 2009 RA (9:50 min). TeachersCount Audio [1:12 min],26,1,He served as the 2009 Ohio Teacher of the Year. Want to know more about Jennifer Walker? Listen to his speak at the Ohio Education Association 2009 RA (9:50 min). TeachersCount Audio [1:12 min],1
"She has instructed primary and continuing EMS education for over 25 years. Eileen also serves as Regional Faculty for American Heart Association at the BLS, ACLS and PALS level.",13,1,"He has instructed primary and continuing EMS education for over 25 years. Eileen also serves as Regional Faculty for American Heart Association at the BLS, ACLS and PALS level.",1
"She graduated BS Industrial Engineering minor in Chemical Engineering at De La Salle University-Manila, Philippines. Jazmin obtained her Masters Degree in Human Factors Engineering in Nanyang Technological University, Singapore. Her research area is in usability, user experience, health care in ergonomics, cognitive ergonomics.",21,1,"He graduated BS Industrial Engineering minor in Chemical Engineering at De La Salle University-Manila, Philippines. Jazmin obtained his Masters Degree in Human Factors Engineering in Nanyang Technological University, Singapore. His research area is in usability, user experience, health care in ergonomics, cognitive ergonomics.",1
"Prior to joining the art history faculty at LSU in 2003, Spieth served as Philip and Lynn Straus Curatorial Fellow at the Fogg Art Museum at Harvard University and worked for a commercial gallery dealing in Russian avant-garde art domiciled in Cologne, Germany, and Zug, Switzerland. A specialist in early modernism, Spieth focuses his scholarship on the interrelationships between art, intellectual history, and economics. Supported by a National Endowment for the Humanities grant, Spieth’s current research investigates art, auctions, and public spectacle in 19th-century Paris.",21,0,"Prior to joining the art history faculty at LSU in 2003, Spieth served as Philip and Lynn Straus Curatorial Fellow at the Fogg Art Museum at Harvard University and worked for a commercial gallery dealing in Russian avant-garde art domiciled in Cologne, Germany, and Zug, Switzerland. A specialist in early modernism, Spieth focuses her scholarship on the interrelationships between art, intellectual history, and economics. Supported by a National Endowment for the Humanities grant, Spieth’s current research investigates art, auctions, and public spectacle in 19th-century Paris.",1
"He is passionate about helping others find their new smile, be pain-free using “The Wand” which is a computerized pain free numbing procedure, and increase their quality of life. Dr. Alverson received his Doctor of Dental Surgery degree from the University of Southern California School of Dentistry and graduated with honors. After graduation, Dr. Alverson served his country in the United States Air Force where he attained valuable experience and knowledge in caring for patients. Dr. Alverson has attended the LVI Institute and a member of the American Academy of Cosmetic Dentistry. Dr. Alverson has done 1,000’s of full mouth reconstructive cases. His passion for dentistry really shines in his cosmetic work. His personal interests include spending time with his wife Donna, traveling, skiing, racing cars and riding horses. Dr. Alverson was awarded Americas Top Dentist 2015.",6,0,"She is passionate about helping others find their new smile, be pain-free using “The Wand” which is a computerized pain free numbing procedure, and increase their quality of life. Dr. Alverson received her Doctor of Dental Surgery degree from the University of Southern California School of Dentistry and graduated with honors. After graduation, Dr. Alverson served her country in the United States Air Force where she attained valuable experience and knowledge in caring for patients. Dr. Alverson has attended the LVI Institute and a member of the American Academy of Cosmetic Dentistry. Dr. Alverson has done 1,000’s of full mouth reconstructive cases. Her passion for dentistry really shines in her cosmetic work. Her personal interests include spending time with her husband Donna, traveling, skiing, racing cars and riding horses. Dr. Alverson was awarded Americas Top Dentist 2015.",1
"Patients gave Dr. Lehrhoff an average rating of 4.0 stars out of 5. His clinical interests include genitourinary cancer. He is an in-network provider for Blue Cross/Blue Shield, Empire BlueCross BlueShield, Coventry, and more. After completing medical school at UMDNJ-New Jersey Medical School, he performed his residency at NYU Langone Medical Center. Dr. Lehrhoff speaks Spanish. He is affiliated with Clara Maass Medical Center, Robert Wood Johnson University Hospital Rahway, and Overlook Medical Center.",19,0,"Patients gave Dr. Lehrhoff an average rating of 4.0 stars out of 5. Her clinical interests include genitourinary cancer. She is an in-network provider for Blue Cross/Blue Shield, Empire BlueCross BlueShield, Coventry, and more. After completing medical school at UMDNJ-New Jersey Medical School, she performed her residency at NYU Langone Medical Center. Dr. Lehrhoff speaks Spanish. She is affiliated with Clara Maass Medical Center, Robert Wood Johnson University Hospital Rahway, and Overlook Medical Center.",1
"She holds a PhD in Sociology from Queen’s University, Canada and has research interests in human rights, postcolonial feminisms, development theory and globalization. Within a postcolonial African feminist theoretical framework, Dr. Bawa focuses on discourses of culture, women’s rights and empowerment in sub-Saharan Africa by examining the ways in which historical forces and events shape current political, economic, cultural and social circumstances whilst highlighting the particular contradictory and paradoxical outcomes they produce at national, global and local levels. She has published works in Third World Quarterly, the International Journal of Public Administration, Development in Practice and the Canadian Journal of Development Studies.",21,1,"He holds a PhD in Sociology from Queen’s University, Canada and has research interests in human rights, postcolonial feminisms, development theory and globalization. Within a postcolonial African feminist theoretical framework, Dr. Bawa focuses on discourses of culture, men’s rights and empowerment in sub-Saharan Africa by examining the ways in which historical forces and events shape current political, economic, cultural and social circumstances whilst highlighting the particular contradictory and paradoxical outcomes they produce at national, global and local levels. He has published works in Third World Quarterly, the International Journal of Public Administration, Development in Practice and the Canadian Journal of Development Studies.",1
He has worked as a producer and cameraman and has collaborated with Televisión Azteca and RCG Televisión (Mexico). He currently works as a photojournalist for the Mexican newspaper Vanguardia. (also Coahuila),18,0,She has worked as a producer and cameraman and has collaborated with Televisión Azteca and RCG Televisión (Mexico). She currently works as a photojournalist for the Mexican newspaper Vanguardia. (also Coahuila),1
"Her work focuses on germ cells. Because germ cells are the repository of the future, the genome of these cells must be protected from mutations and other forms of damage. However, germ cells are not simply passive carriers of genetic information, but must also undergo complex events such as meiosis, gametogenesis, and fertilization. To correctly implement these programs while preserving genome integrity, germ cells have a unique arsenal of tricks to control genes during germ cell development and function. The nematode C. elegans is an ideal model system for exploring gene regulation in germ cells because it provides powerful genetics, cell biology, and genomics approaches to address outstanding questions in the field. Currently, the Reinke lab is investigating multiple transcriptional and epigenetic mechanisms that distinguish the germ cell fate from the somatic cell fate.",21,1,"His work focuses on germ cells. Because germ cells are the repository of the future, the genome of these cells must be protected from mutations and other forms of damage. However, germ cells are not simply passive carriers of genetic information, but must also undergo complex events such as meiosis, gametogenesis, and fertilization. To correctly implement these programs while preserving genome integrity, germ cells have a unique arsenal of tricks to control genes during germ cell development and function. The nematode C. elegans is an ideal model system for exploring gene regulation in germ cells because it provides powerful genetics, cell biology, and genomics approaches to address outstanding questions in the field. Currently, the Reinke lab is investigating multiple transcriptional and epigenetic mechanisms that distinguish the germ cell fate from the somatic cell fate.",1
"In his role, he provides assistance in all stages of litigation, including discovery and e-discovery, collection, review and production, as well as document and database management and project management.",15,0,"In her role, she provides assistance in all stages of litigation, including discovery and e-discovery, collection, review and production, as well as document and database management and project management.",1
"Dr. Chen also works as a forensic pathologist at the Pima County Office of the Medical Examiner, where she is involved with teaching medical students and residents rotating at the office.",21,1,"Dr. Chen also works as a forensic pathologist at the Pima County Office of the Medical Examiner, where he is involved with teaching medical students and residents rotating at the office.",1
"He has exhibited extensively in Britain and Ireland as well as more widely in Europe and at the Flynndog Gallery in Burlington, Vermont. Por Convencion Ferrer reflects his long-standing creative involvement with social issues, workers in industry and trades unionists.",14,0,"She has exhibited extensively in Britain and Ireland as well as more widely in Europe and at the Flynndog Gallery in Burlington, Vermont. Por Convencion Ferrer reflects her long-standing creative involvement with social issues, workers in industry and trades unionists.",1
"He has published several book of poems, and produced about 20 radio programmes on New Zealand musicians for Radio New Zealand’s Musical Chairs segment. He has won numerous awards for this work writing about the information technology and telecommunications industry including, Best Magazine Feature Writer, IC&T; Qantas Media Awards 2004 and the TUANZ Journalist of the Year 2004. Keith lives in Titirangi, Auckland.",11,0,"She has published several book of poems, and produced about 20 radio programmes on New Zealand musicians for Radio New Zealand’s Musical Chairs segment. She has won numerous awards for this work writing about the information technology and telecommunications industry including, Best Magazine Feature Writer, IC&T; Qantas Media Awards 2004 and the TUANZ Journalist of the Year 2004. Keith lives in Titirangi, Auckland.",1
"He is currently associated with Bodhankars Dental & Smile Clinic in Wakad, Pune. Book an appointment online with Dr. Sonal Bodhankars and consult privately on Lybrate.com.",6,0,"She is currently associated with Bodhankars Dental & Smile Clinic in Wakad, Pune. Book an appointment online with Dr. Sonal Bodhankars and consult privately on Lybrate.com.",1
"Mr. Boike’s practice includes advising businesses on issues of entity formation, contract drafting, and commercial litigation as well as protecting trade secrets and intellectual property.",2,0,"Ms. Boike’s practice includes advising businesses on issues of entity formation, contract drafting, and commercial litigation as well as protecting trade secrets and intellectual property.",1
"Charles Family Care in Redmond. Each day is completely unpredictable, she said, and the work she does is diametrically different from a traditional mental health practitioner.",22,1,"Charles Family Care in Redmond. Each day is completely unpredictable, he said, and the work he does is diametrically different from a traditional mental health practitioner.",1
"She creates authentic, timeless, lifestyle portraits. Over the past 13 years her clients have included ad agencies, magazines, film and television production companies.",18,1,"He creates authentic, timeless, lifestyle portraits. Over the past 13 years his clients have included ad agencies, magazines, film and television production companies.",1
"He makes some of the most carefully crafted movies in the world with the help of some of the most talented collaborators in the business. Cinematographer Ed Lachman, production designer Mark Friedberg, costume designer Sandy Powell, and composer Carter Burwell -to name a few- are all among the very best of their respective crafts. Together with Haynes, they’ve made an immaculately crafted movie. The detailed recreation of New York City’s past, the wonderfully old-fashioned score, and the playful sound design, Wonderstruck is simply gorgeous. It’s almost tragic that such unparalleled talent is stuck working with a such weak script.",9,0,"She makes some of the most carefully crafted movies in the world with the help of some of the most talented collaborators in the business. Cinematographer Ed Lachman, production designer Mark Friedberg, costume designer Sandy Powell, and composer Carter Burwell -to name a few- are all among the very best of their respective crafts. Together with Haynes, they’ve made an immaculately crafted movie. The detailed recreation of New York City’s past, the wonderfully old-fashioned score, and the playful sound design, Wonderstruck is simply gorgeous. It’s almost tragic that such unparalleled talent is stuck working with a such weak script.",1
Pat is a former Chicago police officer and sergeant. He also a licenced professional boxing and mixed martial arts judge who has officiated world title bouts in both sports.,2,0,Pat is a former Chicago police officer and sergeant. She also a licenced professional boxing and mixed martial arts judge who has officiated world title bouts in both sports.,1
"The team primarily works on the Cluster API. Before that he worked on App Engine Flexible Environment to help developers build scalable apps without thinking about infrastructure. Prior to that, he was an undergrad at the University of Washington. Karan is also a chair for the Pycon Financial Aid committee for 2017 and 2018.",24,0,"The team primarily works on the Cluster API. Before that she worked on App Engine Flexible Environment to help developers build scalable apps without thinking about infrastructure. Prior to that, she was an undergrad at the University of Washington. Karan is also a chair for the Pycon Financial Aid committee for 2017 and 2018.",1
"She graduated with honors in 2009. Having more than 7 years of diverse experiences, especially in NURSE PRACTITIONER, Patricia J Hart affiliates with many hospitals including Bethesda North, University Of Cincinnati Medical Center, LLC, Good Samaritan Hospital, and cooperates with other doctors and specialists in many medical groups including University Of Cincinnati Physicians Company LLC, Wound Specialists Of Greater Cincinnati, Pllc. Call Patricia J Hart on phone number (513) 558-4963 for more information and advises or to book an appointment.",13,1,"He graduated with honors in 2009. Having more than 7 years of diverse experiences, especially in NURSE PRACTITIONER, Patricia J Hart affiliates with many hospitals including Bethesda North, University Of Cincinnati Medical Center, LLC, Good Samaritan Hospital, and cooperates with other doctors and specialists in many medical groups including University Of Cincinnati Physicians Company LLC, Wound Specialists Of Greater Cincinnati, Pllc. Call Patricia J Hart on phone number (513) 558-4963 for more information and advises or to book an appointment.",1
His love of photography grew out of his appreciation for landscape photography and he now incorporates the tenets of landscape imagery into all of his work.,18,0,Her love of photography grew out of her appreciation for landscape photography and she now incorporates the tenets of landscape imagery into all of her work.,1
"She is experienced in handling every type of family law matter in Virginia, including separation, divorce, custody and support cases. Ms. Salerno works in the firm’s Fairfax office, and represents clients in Fairfax, Alexandria, Arlington and all across Northern Virginia. Originally from Chicago, Illinois, Ms. Salerno graduated magna cum laude from The George Washington University before graduating in the top third of her class at George Mason University School of Law. An attorney since 2010, Ms. Salerno is admitted to practice law in...",2,1,"He is experienced in handling every type of family law matter in Virginia, including separation, divorce, custody and support cases. Mr. Salerno works in the firm’s Fairfax office, and represents clients in Fairfax, Alexandria, Arlington and all across Northern Virginia. Originally from Chicago, Illinois, Mr. Salerno graduated magna cum laude from The George Washington University before graduating in the top third of his class at George Mason University School of Law. An attorney since 2010, Mr. Salerno is admitted to practice law in...",1
"A song cycle, rather than ‘proper’ musical, it has numbers set in distant ages and places, mixed with those about relationships that could be from any time and anywhere. The songs are connected by a moment when a life changes and a character develops. Startling and original, it’s the music’s instant appeal and variety, rather than the concept, that is the real highlight.",5,0,"A song cycle, rather than ‘proper’ musical, it has numbers set in distant ages and places, mixed with those about relationships that could be from any time and anywhere. The songs are connected by a moment when a life changes and a character develops. Startling and original, it’s the music’s instant appeal and variety, rather than the concept, that is the real highlight.",0
"Fat Joe also runs his own label Terror Squad Entertainment, where he is the CEO and main artist. He is also a performer in its musical group Terror Squad, which features several other New York City-based rappers.",23,0,"Fat Joe also runs her own label Terror Squad Entertainment, where she is the CEO and main artist. She is also a performer in its musical group Terror Squad, which features several other New York City-based rappers.",1
He has modernized and revitalized the S123 team and product over the past year. He's a magician and great at finding creative ways to plug things together.,24,0,She has modernized and revitalized the S123 team and product over the past year. She's a magician and great at finding creative ways to plug things together.,1
"Patient reviews placed him at an average of 3.5 stars out of 5. Areas of expertise for Dr. McKnight include primary care. Dr. McKnight is professionally affiliated with Preston Robert Tisch Center for Men's Health. Dr. McKnight is an in-network provider for Coresource, Aetna EPO, and Blue Cross/Blue Shield, in addition to other insurance carriers. After attending the University of Vermont College of Medicine for medical school, he completed his residency training at a hospital affiliated with the University of California, Los Angeles (UCLA).",19,0,"Patient reviews placed her at an average of 3.5 stars out of 5. Areas of expertise for Dr. McKnight include primary care. Dr. McKnight is professionally affiliated with Preston Robert Tisch Center for Women's Health. Dr. McKnight is an in-network provider for Coresource, Aetna EPO, and Blue Cross/Blue Shield, in addition to other insurance carriers. After attending the University of Vermont College of Medicine for medical school, she completed her residency training at a hospital affiliated with the University of California, Los Angeles (UCLA).",1
"He strives to push the boundaries of what 8-9 year olds can do and believes that the only thing holding students back are outdated teacher concepts. Three years ago, Reid attended his first Learning 2.0 conference knowing little to nothing about technology in education. Since then, he has challenged himself to stay on the forefront of the rapidly changing educational wave and redefine learning for his students. Reid loves creating digitally-infused learning engagements for his students and discussing modern learning philosophies with like-minded colleagues. He enjoys writing about his thoughts and teaching experiences on his blog and can be followed on Twitter here.",26,0,"She strives to push the boundaries of what 8-9 year olds can do and believes that the only thing holding students back are outdated teacher concepts. Three years ago, Reid attended her first Learning 2.0 conference knowing little to nothing about technology in education. Since then, she has challenged herself to stay on the forefront of the rapidly changing educational wave and redefine learning for her students. Reid loves creating digitally-infused learning engagements for her students and discussing modern learning philosophies with like-minded colleagues. She enjoys writing about her thoughts and teaching experiences on her blog and can be followed on Twitter here.",1
"Ms. Montbriand practices medicine in Roseville, CA and specializes in Obstetrics & Gynecology. Ms. Montbriand is affiliated with Sutter Health Sutter Roseville Medical Center and Mercy San Juan Medical Center. Ms. Montbriand speaks English and Spanish.",19,1,"Mr. Montbriand practices medicine in Roseville, CA and specializes in Obstetrics & Gynecology. Mr. Montbriand is affiliated with Sutter Health Sutter Roseville Medical Center and Mercy San Juan Medical Center. Mr. Montbriand speaks English and Spanish.",1
"She graduated with honors in 2013. Having more than 3 years of diverse experiences, especially in CERTIFIED NURSE MIDWIFE, Megan L Todd affiliates with no hospital, and cooperates with other doctors and specialists without joining any medical groups. Call Megan L Todd on phone number (719) 599-7331 for more information and advises or to book an appointment.",13,1,"He graduated with honors in 2013. Having more than 3 years of diverse experiences, especially in CERTIFIED NURSE MIDWIFE, Megan L Todd affiliates with no hospital, and cooperates with other doctors and specialists without joining any medical groups. Call Megan L Todd on phone number (719) 599-7331 for more information and advises or to book an appointment.",1
"His devices have been implanted in hundreds of thousands of patients and his surgical system has become the foundation for many of the modern surgical treatments used for major spinal disorders. Dr. Michelson has over 900 issued or pending patents worldwide. In 2005, Dr. Michelson assigned ownership of much of his spine-related intellectual property to Medtronic, Inc. Dr. Michelson’s Found Animals foundation sponsors The Michelson Prize in Reproductive Biology.",25,0,"Her devices have been implanted in hundreds of thousands of patients and her surgical system has become the foundation for many of the modern surgical treatments used for major spinal disorders. Dr. Michelson has over 900 issued or pending patents worldwide. In 2005, Dr. Michelson assigned ownership of much of her spine-related intellectual property to Medtronic, Inc. Dr. Michelson’s Found Animals foundation sponsors The Michelson Prize in Reproductive Biology.",1
"Dr. Delaney attended medical school at the University of Virginia. He enhanced his medical training by completing a residency in internal medicine at George Washington University. He is also fellowship-trained at George Washington University Medical Center and the University of Miami Medical Center. A seasoned pulmonologist, Dr. Delaney holds certification from the American Board of Internal Medicine with sub-specialty focus on pulmonary disease. He is an experienced provider and is skilled in the intricacies of the treatment of pulmonary hypertension, emphysema, asthma, pneumonia, and chronic obstructive pulmonary disease.",21,0,"Dr. Delaney attended medical school at the University of Virginia. She enhanced her medical training by completing a residency in internal medicine at George Washington University. She is also fellowship-trained at George Washington University Medical Center and the University of Miami Medical Center. A seasoned pulmonologist, Dr. Delaney holds certification from the American Board of Internal Medicine with sub-specialty focus on pulmonary disease. She is an experienced provider and is skilled in the intricacies of the treatment of pulmonary hypertension, emphysema, asthma, pneumonia, and chronic obstructive pulmonary disease.",1
"She works on litigation, community outreach and public education on various civil liberties topics including LGBT rights, immigrants’ rights and criminal justice reform. Irena graduated from Notre Dame Law School in 2008. At Legal Aid, Irena was involved with the Legislative Reform Committee, the Re-Entry Task Force, and supervised and mentored several legal interns.",2,1,"He works on litigation, community outreach and public education on various civil liberties topics including LGBT rights, immigrants’ rights and criminal justice reform. Irena graduated from Notre Dame Law School in 2008. At Legal Aid, Irena was involved with the Legislative Reform Committee, the Re-Entry Task Force, and supervised and mentored several legal interns.",1
"He has written about authors such as John Dryden, Aphra Behn, Alexander Pope, and Tobias Smollett. He has also translated works by Anne Conway and Francis Mercury van Helmont. Professor Corse lives with his wife and children in Tempe, Arizona.",21,0,"She has written about authors such as John Dryden, Aphra Behn, Alexander Pope, and Tobias Smollett. She has also translated works by Anne Conway and Francis Mercury van Helmont. Professor Corse lives with her husband and children in Tempe, Arizona.",1
"She teaches open level classes that focus on developing strength, alignment, and proper breathing. Her class helps people feel stronger, more limber, more refreshed, and feel inspired to take the practice off the mat and into daily life.""",27,1,"He teaches open level classes that focus on developing strength, alignment, and proper breathing. His class helps people feel stronger, more limber, more refreshed, and feel inspired to take the practice off the mat and into daily life.""",1
"She specializes in addiction medicine and does general practice. She is a graduate of the University of California, San Francisco, School of Medicine. Dr. Eisenberg joined New Leaf in 2010 and meets with adult and adolescent clients for medication management and detox.",19,1,"He specializes in addiction medicine and does general practice. He is a graduate of the University of California, San Francisco, School of Medicine. Dr. Eisenberg joined New Leaf in 2010 and meets with adult and adolescent clients for medication management and detox.",1
"Nuru has recovered over $100 Million for his clients during his legal career and handled matters across the country in California, Illinois, Indiana, Florida, Georgia, Alabama, Chicago, Colorado, Missouri, Nevada, North Carolina, South Carolina, Texas, Utah and Wisconsin.",2,0,"Nuru has recovered over $100 Million for her clients during her legal career and handled matters across the country in California, Illinois, Indiana, Florida, Georgia, Alabama, Chicago, Colorado, Missouri, Nevada, North Carolina, South Carolina, Texas, Utah and Wisconsin.",1
Mr. Choi is striving to cultivate an aesthetic based upon a unique combination of musical elements drawn from Korean traditional music and modern Western musical idioms.,5,0,Ms. Choi is striving to cultivate an aesthetic based upon a unique combination of musical elements drawn from Korean traditional music and modern Western musical idioms.,1
"She specializes in photography for maternity, newborns, children, and families in-studio and at her clients’ homes. Jaci also offers wedding and engagement photography services and her clients speak highly of her competitive rates, professionalism, adaptability, and photography talent.",18,1,"He specializes in photography for maternity, newborns, children, and families in-studio and at his clients’ homes. Jaci also offers wedding and engagement photography services and his clients speak highly of his competitive rates, professionalism, adaptability, and photography talent.",1
"He earned his PhD in Ecology at Duke University in 2004, and worked as an NSF postdoc fellow with Josh Schimel at the University of California Santa Barbara before coming to CSU. He is the director of the Enzymes in the Environment Research Coordination Network, an associate editor for Biogeochemistry, and president-elect of the Soil Ecology Society. He is also a faculty director of EcoCore, a CSU specialized core facility.",21,0,"She earned her PhD in Ecology at Duke University in 2004, and worked as an NSF postdoc fellow with Josh Schimel at the University of California Santa Barbara before coming to CSU. She is the director of the Enzymes in the Environment Research Coordination Network, an associate editor for Biogeochemistry, and president-elect of the Soil Ecology Society. She is also a faculty director of EcoCore, a CSU specialized core facility.",1
"She graduated from New York University with degrees in journalism, politics, and mathematics. Her work has appeared in The Times of India, Women 2.0, Upworthy, Amy Poehler’s Smart Girls, Vitamin W, Washington Square News, and Mic.com. Her research has been featured in Quartz and in the Buy Up Index.",11,1,"He graduated from New York University with degrees in journalism, politics, and mathematics. His work has appeared in The Times of India, Men 2.0, Upworthy, Amy Poehler’s Smart Boys, Vitamin W, Washington Square News, and Mic.com. His research has been featured in Quartz and in the Buy Up Index.",1
"The Los Angeles Times raves, “one senses the composer’s technical mastery—exhilarating…hypnotic… refreshing…engaging…immediately accessible…convincing.” Her Relax and Rejuvenate CDs combine powerful words with uplifting classical music for the ultimate listening experience. Subscribe to her popular Art Abundance Newsletter at http://www.artabundance.com.© 2006 Tania Gabrielle French. All Rights Reserved. ARTICLE CATEGORIES",5,1,"The Los Angeles Times raves, “one senses the composer’s technical mastery—exhilarating…hypnotic… refreshing…engaging…immediately accessible…convincing.” His Relax and Rejuvenate CDs combine powerful words with uplifting classical music for the ultimate listening experience. Subscribe to his popular Art Abundance Newsletter at http://www.artabundance.com.© 2006 Tania Gabrielle French. All Rights Reserved. ARTICLE CATEGORIES",1
Her research in the history and philosophy of science focuses on conceptual and practical challenges to theory development posed by nanoscience and chemistry.,21,1,His research in the history and philosophy of science focuses on conceptual and practical challenges to theory development posed by nanoscience and chemistry.,1
He said that the California Supreme Court repeatedly has ruled that employers have a right to conduct pre- and post-employment drug screenings and make personnel decisions accordingly.,2,0,She said that the California Supreme Court repeatedly has ruled that employers have a right to conduct pre- and post-employment drug screenings and make personnel decisions accordingly.,1
"She joined GIS as an Accounts Officer in July 2016. In this capacity, she is responsible for assisting in budgeting and finance, developing work plans, monitoring funds, and preparation of financial reports, among others duties.",0,1,"He joined GIS as an Accounts Officer in July 2016. In this capacity, he is responsible for assisting in budgeting and finance, developing work plans, monitoring funds, and preparation of financial reports, among others duties.",1
"She has a Ph.D. in Mathematics Education (University of Texas at Austin), an M.Sc. in Statistics (University of Texas at Austin), an M.Sc. in Engineering (University of Texas at Austin), an M.A. in Open and Distance Learning (UK Open University), a B. A. in Mathematics (University of Texas at Austin), and Teacher’s Diploma in Elementary Education (Pedagogical Academy of Cyprus). Her research interests focus on the educational applications of advanced eLearning technologies in Mathematics, Statistics, Science, and Engineering. She has established a respected research record through numerous publications in scholarly international journals, and has been able attract considerable funding from national and international sources.",21,1,"He has a Ph.D. in Mathematics Education (University of Texas at Austin), an M.Sc. in Statistics (University of Texas at Austin), an M.Sc. in Engineering (University of Texas at Austin), an M.A. in Open and Distance Learning (UK Open University), a B. A. in Mathematics (University of Texas at Austin), and Teacher’s Diploma in Elementary Education (Pedagogical Academy of Cyprus). His research interests focus on the educational applications of advanced eLearning technologies in Mathematics, Statistics, Science, and Engineering. He has established a respected research record through numerous publications in scholarly international journals, and has been able attract considerable funding from national and international sources.",1
Ms. Martin provides e-discovery counseling to clients and colleagues facing the ever-increasing legal and technological complexities that permeate this area of law. She utilizes established e-discovery protocols as well as her vast case experiences to ensure that Pepper’s clients receive the highest quality discovery services in a cost-effective and defensible manner.,2,1,Mr. Martin provides e-discovery counseling to clients and colleagues facing the ever-increasing legal and technological complexities that permeate this area of law. He utilizes established e-discovery protocols as well as his vast case experiences to ensure that Pepper’s clients receive the highest quality discovery services in a cost-effective and defensible manner.,1
"She has made appearances in movies like “Wall Street: Money Never Sleeps,” “Sex and the City 2,” “Salt,” “Eat Pray Love,” “Going the Distance” and “Fast Five.” She has also guested in “Royal Pains,” “Running Wilde” and “Suits.”",12,1,"He has made appearances in movies like “Wall Street: Money Never Sleeps,” “Sex and the City 2,” “Salt,” “Eat Pray Love,” “Going the Distance” and “Fast Five.” He has also guested in “Royal Pains,” “Running Wilde” and “Suits.”",1
"His sprawling, attractively disheveled abstract work shows strong feelings for the nonobjective style, in which random patterns and complex densities of paint build up to a surface of intricacy and abandon. Born in Boston, Crull has lived in New York for many years, and has mastered the passionate style of the New York School. Working both in color and black and white, his dense, complicated paintings create a random patterning that describes deeply painterly textures which closely set with abstract effects...",14,0,"Her sprawling, attractively disheveled abstract work shows strong feelings for the nonobjective style, in which random patterns and complex densities of paint build up to a surface of intricacy and abandon. Born in Boston, Crull has lived in New York for many years, and has mastered the passionate style of the New York School. Working both in color and black and white, her dense, complicated paintings create a random patterning that describes deeply painterly textures which closely set with abstract effects...",1
"Jones's work on Doctor Who was during William Hartnell's era as the First Doctor in The Romans (Doctor Who), in 1965, but he also composed for three episodes of BBC television's Wodehouse Playhouse in 1975.Source: WikipediaText from this biography licensed under creative commons license",5,0,"Jones's work on Doctor Who was during William Hartnell's era as the First Doctor in The Romans (Doctor Who), in 1965, but she also composed for three episodes of BBC television's Wodehouse Playhouse in 1975.Source: WikipediaText from this biography licensed under creative commons license",1
"Over the past eighteen years he has completed many hundreds of domestic projects of all types. He has written six other books on subjects related to the design and construction of houses. He founded and runs the ASBA Architect's Network. In 2004 he was awarded an MBE for services to architecture. He can be contacted through his website, ... See less",1,0,"Over the past eighteen years she has completed many hundreds of domestic projects of all types. She has written six other books on subjects related to the design and construction of houses. She founded and runs the ASBA Architect's Network. In 2004 she was awarded an MBE for services to architecture. She can be contacted through her website, ... See less",1
"She also possesses extensive clinical experience in critical and acute care medicine. Elizabeth works with neurosurgeon Mark Goldberger, D.O. in the area of general neurosurgery with a particular focus on complex and reconstructive spine surgery, trauma, and degenerative spine disease, and neurosurgery oncology. Elizabeth is trained to perform comprehensive physical exams, to order and interpret diagnostic testing, to formulate patient diagnoses, and to create treatment plans the management of pharmaceutical agents. She is also specially trained to assist Dr. Goldberger in the operating room.",13,1,"He also possesses extensive clinical experience in critical and acute care medicine. Elizabeth works with neurosurgeon Mark Goldberger, D.O. in the area of general neurosurgery with a particular focus on complex and reconstructive spine surgery, trauma, and degenerative spine disease, and neurosurgery oncology. Elizabeth is trained to perform comprehensive physical exams, to order and interpret diagnostic testing, to formulate patient diagnoses, and to create treatment plans the management of pharmaceutical agents. He is also specially trained to assist Dr. Goldberger in the operating room.",1
"His research explores the interfaces between politics and statistics, economics and religion, law and economics in pre-modern India, and the Kauṭiliya Arthaśāstra and other pre-modern texts. He studied metallurgy at Indian Institute of Technology, Kanpur (B. Tech., 2001) and economics at Indira Gandhi Institute of Development Research, Mumbai (Ph.D., 2010). He was a doctoral fellow (2007-08) at the Institute of SocioEconomics and the Institute of Law and Economics, University of Hamburg under the Asia Link Project on Law and Economics funded by the European Union. He worked with Bharat Heavy Electricals Limited, New Delhi and Trichy and the National Law School of India University, Bengaluru before joining APU.",21,0,"Her research explores the interfaces between politics and statistics, economics and religion, law and economics in pre-modern India, and the Kauṭiliya Arthaśāstra and other pre-modern texts. She studied metallurgy at Indian Institute of Technology, Kanpur (B. Tech., 2001) and economics at Indira Gandhi Institute of Development Research, Mumbai (Ph.D., 2010). She was a doctoral fellow (2007-08) at the Institute of SocioEconomics and the Institute of Law and Economics, University of Hamburg under the Asia Link Project on Law and Economics funded by the European Union. She worked with Bharat Heavy Electricals Limited, New Delhi and Trichy and the National Law School of India University, Bengaluru before joining APU.",1
"He honors Blue Cross/Blue Shield, Blue Choice, Blue Cross Blue Shield Bronze, and more. He is a graduate of American University of the Caribbean School of Medicine.",19,0,"She honors Blue Cross/Blue Shield, Blue Choice, Blue Cross Blue Shield Bronze, and more. She is a graduate of American University of the Caribbean School of Medicine.",1
"He was a graduate of University College at Rutgers-Newark 2009 majoring in Political Science. Shortly after, Veer attended Rutgers School of Law-Newark and finished his J.D. in 2013.",2,0,"She was a graduate of University College at Rutgers-Newark 2009 majoring in Political Science. Shortly after, Veer attended Rutgers School of Law-Newark and finished her J.D. in 2013.",1
"She obtained her undergraduate degree from Boston University, graduate degree from Fordham University and has had additional training in psychoanalytic psychotherapy and DBT. She has worked extensively in the treatment of eating disorders in both inpatient and outpatient settings and is intensively trained in Dialectical Behavior Therapy. She currently works with adolescents and adults struggling with anxiety, depression, eating disorders and emotion regulation issues. Phone: 201-670-6450 x8",22,1,"He obtained his undergraduate degree from Boston University, graduate degree from Fordham University and has had additional training in psychoanalytic psychotherapy and DBT. He has worked extensively in the treatment of eating disorders in both inpatient and outpatient settings and is intensively trained in Dialectical Behavior Therapy. He currently works with adolescents and adults struggling with anxiety, depression, eating disorders and emotion regulation issues. Phone: 201-670-6450 x8",1
"Dr Eckman is a board certified dermatologist and a fellow of the American Academy of Dermatology. Dr. Eckman graduated magna cum laude from Brown University in Providence, Rhode Island and received his medical degree from Tufts University school of Medicine in Boston, MA. Following an internship in New York University Medical Center, Dr. Eckman completed his dermatology residency training at University of Buffalo in Buffalo, NY.",21,0,"Dr Eckman is a board certified dermatologist and a fellow of the American Academy of Dermatology. Dr. Eckman graduated magna cum laude from Brown University in Providence, Rhode Island and received her medical degree from Tufts University school of Medicine in Boston, MA. Following an internship in New York University Medical Center, Dr. Eckman completed her dermatology residency training at University of Buffalo in Buffalo, NY.",1
"She has 19 years of experience. Her specialties include Prosthodontics. Dr. Delcarmen Steel is affiliated with UT Southwestern Medical Center/William P Clements Jr University Hospital, UT Southwestern University Hospital - St. Paul and UT Southwestern University Hospital - Zale Lipshy. She speaks English.",6,1,"He has 19 years of experience. His specialties include Prosthodontics. Dr. Delcarmen Steel is affiliated with UT Southwestern Medical Center/William P Clements Jr University Hospital, UT Southwestern University Hospital - St. Paul and UT Southwestern University Hospital - Zale Lipshy. He speaks English.",1
"He received a PhD in Management Information Systems from the University of Texas at Austin, held prior faculty positions at the University of Virginia and Indiana University of Pennsylvania, and served as chairperson of Boler’s Management, Marketing, and Supply Chain Department. Rick’s teaching interests include business intelligence, marketing, and entrepreneurship; and his research interests span from web-enabled customization to information technology pedagogy. He has published articles in various outlets including Communications of the ACM, Business Horizons, and the Journal of Information Systems Education.",21,0,"She received a PhD in Management Information Systems from the University of Texas at Austin, held prior faculty positions at the University of Virginia and Indiana University of Pennsylvania, and served as chairperson of Boler’s Management, Marketing, and Supply Chain Department. Rick’s teaching interests include business intelligence, marketing, and entrepreneurship; and her research interests span from web-enabled customization to information technology pedagogy. She has published articles in various outlets including Communications of the ACM, Business Horizons, and the Journal of Information Systems Education.",1
"He lives near the Fashion Bug warehouse, and arrived on the scene shortly after the mob started attacking it. There was a crowd of about 500 people, led by about a dozen monks. They were throwing stones at the glass building, sending glass shattering. Clothes from inside the building had already been strewn all over the street. About 25 to 30 policemen were on the scene, but were clearly overwhelmed.",11,0,"She lives near the Fashion Bug warehouse, and arrived on the scene shortly after the mob started attacking it. There was a crowd of about 500 people, led by about a dozen monks. They were throwing stones at the glass building, sending glass shattering. Clothes from inside the building had already been strewn all over the street. About 25 to 30 policemen were on the scene, but were clearly overwhelmed.",1
She obtained her Bachelor of Science in Nursing from Bethel College. She the earned her Master of Science/Family Nurse Practitioner degree from Valparaiso University in 2007.,13,1,He obtained his Bachelor of Science in Nursing from Bethel College. He the earned his Master of Science/Family Nurse Practitioner degree from Valparaiso University in 2007.,1
"These areas are among his clinical interests: angioplasty and cardiac catheterization. Dr. Amin has a 4.0 out of 5 star average patient rating. He takes Anthem, Blue Cross/Blue Shield, and Coventry, in addition to other insurance carriers. Before completing his residency at Interfaith Medical Center, Dr. Amin attended medical school at The National University of Iran. He is professionally affiliated with WellStar Atlanta Medical Center.",19,0,"These areas are among her clinical interests: angioplasty and cardiac catheterization. Dr. Amin has a 4.0 out of 5 star average patient rating. She takes Anthem, Blue Cross/Blue Shield, and Coventry, in addition to other insurance carriers. Before completing her residency at Interfaith Medical Center, Dr. Amin attended medical school at The National University of Iran. She is professionally affiliated with WellStar Atlanta Medical Center.",1
"She is married to an Italian and is a mother of three Niccolo’, Caterina and Chiara. Read on, get a laugh, sign up, enjoy it. ~ Insightful and caring, a beautiful woman x",11,1,"He is married to an Italian and is a father of three Niccolo’, Caterina and Chiara. Read on, get a laugh, sign up, enjoy it. ~ Insightful and caring, a beautiful man x",1
"She was first exposed to medicine one summer when she worked at a rural hospital near home. Her experience there inspired “Liberty Loomis,” her first novel. She lives with her family near Philadelphia.",19,1,"He was first exposed to medicine one summer when he worked at a rural hospital near home. His experience there inspired “Liberty Loomis,” his first novel. He lives with his family near Philadelphia.",1
"He is currently practising at Kiran Dental Clinic in Kirti Nagar, Delhi. Book an appointment online with Dr. Saurabh Kumar and consult privately on Lybrate.com.",6,0,"She is currently practising at Kiran Dental Clinic in Kirti Nagar, Delhi. Book an appointment online with Dr. Saurabh Kumar and consult privately on Lybrate.com.",1
"She graduated with honors in 2012. Having more than 4 years of diverse experiences, especially in NURSE PRACTITIONER, Cara E Gildea affiliates with Parkview Hospital, Inc., and cooperates with other doctors and specialists without joining any medical groups. Call Cara E Gildea on phone number (260) 422-7455 for more information and advises or to book an appointment.",13,1,"He graduated with honors in 2012. Having more than 4 years of diverse experiences, especially in NURSE PRACTITIONER, Cara E Gildea affiliates with Parkview Hospital, Inc., and cooperates with other doctors and specialists without joining any medical groups. Call Cara E Gildea on phone number (260) 422-7455 for more information and advises or to book an appointment.",1
He’s regarded as one of the best after representing the country at so many stages with the last being at the Africa Magic Viewer’s Choice Awards (AMVCA) in Nigeria over the weekend. Sqoop would like to congratulate Salvado and Daphine.,4,0,She’s regarded as one of the best after representing the country at so many stages with the last being at the Africa Magic Viewer’s Choice Awards (AMVCA) in Nigeria over the weekend. Sqoop would like to congratulate Salvado and Daphine.,1
He received an MFA from Columbia University in 1996 and has published poetry and criticism nationwide. He has lived and worked in New York City since 1992.,20,0,She received an MFA from Columbia University in 1996 and has published poetry and criticism nationwide. She has lived and worked in New York City since 1992.,1
"She teaches Per-Calculus, Business Calculus, and AP Calculus. She has been teaching here for 13 years at Helias. During this time she has dealt with all kinds of students and has discovered different ways she can help her students understand Calculus.",26,1,"He teaches Per-Calculus, Business Calculus, and AP Calculus. He has been teaching here for 13 years at Helias. During this time he has dealt with all kinds of students and has discovered different ways he can help his students understand Calculus.",1
"Her research interests are in undergraduate mathematics education. In particular, her research program includes investigating student thinking and instructional design in linear algebra, student understanding of mathematics in quantum physics, methodologies for documenting mathematical reasoning at individual and collective levels. She earned a PhD in Mathematics and Science Education from UC San Diego/San Diego State University, an M.A. in Mathematics from Miami University, and a B.A. in Mathematics from Cedarville University. Prior to her graduate work, she was a high school mathematics teacher in both Ohio and Switzerland. Chris Rasmussen",21,1,"His research interests are in undergraduate mathematics education. In particular, his research program includes investigating student thinking and instructional design in linear algebra, student understanding of mathematics in quantum physics, methodologies for documenting mathematical reasoning at individual and collective levels. He earned a PhD in Mathematics and Science Education from UC San Diego/San Diego State University, an M.A. in Mathematics from Miami University, and a B.A. in Mathematics from Cedarville University. Prior to his graduate work, he was a high school mathematics teacher in both Ohio and Switzerland. Chris Rasmussen",1
"He worked on staff at AOPA Pilot magazine from 1988 to 1999, and is a regular contributor to AOPA's Flight Training magazine. He was responsible for overseeing the restoration of three sweepstakes aircraft for the association. (""Nothing like back-to-back restoration projects to gray the hair,"" he says.) Until recently, he owned a Beech P-35 Bonanza, but currently flies a nearly original '69 Bellanca Turbo Viking -- orange shag carpet and all -- owned by Troy Foster.Read the rest of Marc's Motor Head columns here.",11,0,"She worked on staff at AOPA Pilot magazine from 1988 to 1999, and is a regular contributor to AOPA's Flight Training magazine. She was responsible for overseeing the restoration of three sweepstakes aircraft for the association. (""Nothing like back-to-back restoration projects to gray the hair,"" she says.) Until recently, she owned a Beech P-35 Bonanza, but currently flies a nearly original '69 Bellanca Turbo Viking -- orange shag carpet and all -- owned by Troy Foster.Read the rest of Marc's Motor Head columns here.",1
"For 20 years, she has been treating sexual compulsives and her partners. On her website, http://www.sextreatment.com, she has published 40 articles and a free download on an e-book, Total Sex Addiction Recovery – A Guide to Therapy.",22,1,"For 20 years, he has been treating sexual compulsives and his partners. On his website, http://www.sextreatment.com, he has published 40 articles and a free download on an e-book, Total Sex Addiction Recovery – A Guide to Therapy.",1
"Mr. Cox’s Wage and Hour/Overtime practice includes advocating on behalf of employees under the federal Fair Labor Standards Act (FLSA), and applicable Ohio minimum wage and overtime laws. During law school, Mr. Cox was a Law Clerk to the Litigation Department, as well as the Social Security and Workers’ Compensation departments of the firm.",2,0,"Ms. Cox’s Wage and Hour/Overtime practice includes advocating on behalf of employees under the federal Fair Labor Standards Act (FLSA), and applicable Ohio minimum wage and overtime laws. During law school, Ms. Cox was a Law Clerk to the Litigation Department, as well as the Social Security and Workers’ Compensation departments of the firm.",1
Throughout their marriage he has slowly lost his sense of adventure and fun and has slipped easily into the shoes of TV icon Ward Cleaver. His ideal is when Claire completes all of the items in HIS to-do-list and the kids are perfectly behaved - this way he can come home and relax with no interruptions. So much for being a parent.,1,0,Throughout their marriage she has slowly lost her sense of adventure and fun and has slipped easily into the shoes of TV icon Ward Cleaver. Her ideal is when Claire completes all of the items in HERS to-do-list and the kids are perfectly behaved - this way she can come home and relax with no interruptions. So much for being a parent.,1
"He attended Thomas Jefferson University, Jefferson Medical College for medical school and subsequently trained at Walter Reed Army Medical Center for residency. These areas are among Dr. Lehman's clinical interests: scoliosis, cervical herniated disc, and artificial disc replacement. Aetna EPO, Blue Cross/Blue Shield, and Empire BlueCross BlueShield are among the insurance carriers that Dr. Lehman honors. Distinctions awarded to Dr. Lehman include: One of America's Top Doctors and New York Super Doctors. His professional affiliations include ColumbiaDoctors Midtown, NewYork-Presbyterian/Allen Hospital, and NewYork-Presbyterian/Morgan Stanley Children's Hospital. New patients are welcome to contact his office for an appointment.",19,0,"She attended Thomas Jefferson University, Jefferson Medical College for medical school and subsequently trained at Walter Reed Army Medical Center for residency. These areas are among Dr. Lehman's clinical interests: scoliosis, cervical herniated disc, and artificial disc replacement. Aetna EPO, Blue Cross/Blue Shield, and Empire BlueCross BlueShield are among the insurance carriers that Dr. Lehman honors. Distinctions awarded to Dr. Lehman include: One of America's Top Doctors and New York Super Doctors. Her professional affiliations include ColumbiaDoctors Midtown, NewYork-Presbyterian/Allen Hospital, and NewYork-Presbyterian/Morgan Stanley Children's Hospital. New patients are welcome to contact her office for an appointment.",1
"She also serves as Programme Coordinator of the Multi-Hazards Programme under the Association of Pacific Lim Universities (APRU) that consists of 45 universities and academic institutes in the Pacific Lim. Her research interests include international and regional framework of disaster risk reduction, disaster risk reduction at local level, and role of civil society in disaster management. Previously, she worked for the UN Office for the Coordination of Humanitarian Affairs (UNOCHA) for the disaster response coordination in Asia and for one of the international NGOs in Malaysia as General Manager to oversee the programs of disaster response and disaster risk reduction.",21,1,"He also serves as Programme Coordinator of the Multi-Hazards Programme under the Association of Pacific Lim Universities (APRU) that consists of 45 universities and academic institutes in the Pacific Lim. His research interests include international and regional framework of disaster risk reduction, disaster risk reduction at local level, and role of civil society in disaster management. Previously, he worked for the UN Office for the Coordination of Humanitarian Affairs (UNOCHA) for the disaster response coordination in Asia and for one of the international NGOs in Malaysia as General Manager to oversee the programs of disaster response and disaster risk reduction.",1
"His recent projects include migrating a Visual FoxPro accounting application to SQL Server 2000/2005 and .NET. Prior to that he Senior Systems Engineer and Senior Developer positions with Citrix and Stamps.com and included creating XML, ASP.NET, and SQL Server applications. He holds the MCDBA certification for SQL Server 2000 and has 15 years SQL Server experience along with 5 years working with XML. Scott has written extensively online for sites including topxml.com.",1,0,"Her recent projects include migrating a Visual FoxPro accounting application to SQL Server 2000/2005 and .NET. Prior to that she Senior Systems Engineer and Senior Developer positions with Citrix and Stamps.com and included creating XML, ASP.NET, and SQL Server applications. She holds the MCDBA certification for SQL Server 2000 and has 15 years SQL Server experience along with 5 years working with XML. Scott has written extensively online for sites including topxml.com.",1
"After spending ten years as an advertising executive, Sarah earned her Ph.D. at Vanderbilt University. Sarah has taught Introduction to Film Studies as well as courses in avant-garde cinema, documentary cinema, and Latin American cinema at Vanderbilt University and Bowdoin College.",21,1,"After spending ten years as an advertising executive, Sarah earned his Ph.D. at Vanderbilt University. Sarah has taught Introduction to Film Studies as well as courses in avant-garde cinema, documentary cinema, and Latin American cinema at Vanderbilt University and Bowdoin College.",1
"In addition to her years of experience handling cases stemming from aviation accidents and truck accidents, Katherine has also been involved in numerous vehicle product liability actions and automotive defect cases. While working towards a fine arts degree at Carnegie Mellon",2,1,"In addition to his years of experience handling cases stemming from aviation accidents and truck accidents, Katherine has also been involved in numerous vehicle product liability actions and automotive defect cases. While working towards a fine arts degree at Carnegie Mellon",1
"Ms. Laughlin practices medicine in Durant, OK and specializes in Family Medicine. Ms. Laughlin is affiliated with Medical Center Of Southeastern Oklahoma.",19,1,"Mr. Laughlin practices medicine in Durant, OK and specializes in Family Medicine. Mr. Laughlin is affiliated with Medical Center Of Southeastern Oklahoma.",1
"He advises creative professionals, artists, authors, and businesses on copyright, trademark, and entertainment matters and engages in all facets of dispute resolution. He is passionate about supporting artists and helping to protect their work.",2,0,"She advises creative professionals, artists, authors, and businesses on copyright, trademark, and entertainment matters and engages in all facets of dispute resolution. She is passionate about supporting artists and helping to protect their work.",1
Professor Tucker has taught computer information technologies/systems for 15 years. She is a member of the ACM Committee on Computing Education in Community Colleges (www.acmccecc.org/membership/). Prof. Tucker has... Read More →,21,1,Professor Tucker has taught computer information technologies/systems for 15 years. He is a member of the ACM Committee on Computing Education in Community Colleges (www.acmccecc.org/membership/). Prof. Tucker has... Read More →,1
"For over 20 years, he has been helping people use their innate gifts and talents for personal achievement and fulfillment. He is the founder of The Pleasure of Business and The Feminine Principle in Leadership courses, and the creator of Fulfillment-Based Thinking, a revolutionary method for living life with creativity and pleasure at the center. He is well known as a champion of women's style and approach to leadership.",22,0,"For over 20 years, she has been helping people use their innate gifts and talents for personal achievement and fulfillment. She is the founder of The Pleasure of Business and The Feminine Principle in Leadership courses, and the creator of Fulfillment-Based Thinking, a revolutionary method for living life with creativity and pleasure at the center. She is well known as a champion of men's style and approach to leadership.",1
"Freeman School of Business at Tulane University. She studies judgment and decision making, including a focus on understanding the process and boundaries of self-knowledge.",21,1,"Freeman School of Business at Tulane University. He studies judgment and decision making, including a focus on understanding the process and boundaries of self-knowledge.",1
"He has composed and performed music for corporate and industrial videos, and commercials for clients such as: EXXON, American Cyanamid, BASF, BBC-TV (dinosaur vocalizations for TV special), Cajun Electric, Chevron, WYES-TV, Tulane University, the Louisiana Department of Culture, Recreation & Tourism, Acadian Ambulance, and United Companies. These audio files are being made available for download, free of charge, for personal, nonoprofit use; any public, profit-making, or other commercial uses of these files are subject to all applicable copyright and royalty restrictions with regard to compensation and crediting.",5,0,"She has composed and performed music for corporate and industrial videos, and commercials for clients such as: EXXON, American Cyanamid, BASF, BBC-TV (dinosaur vocalizations for TV special), Cajun Electric, Chevron, WYES-TV, Tulane University, the Louisiana Department of Culture, Recreation & Tourism, Acadian Ambulance, and United Companies. These audio files are being made available for download, free of charge, for personal, nonoprofit use; any public, profit-making, or other commercial uses of these files are subject to all applicable copyright and royalty restrictions with regard to compensation and crediting.",1
"It is not surprising net worth for Jerry Seinfeld since he has done his profession for more than 20 years and he is total into it, so Jerry Seinfeld deserves with that amount of net worth. Jerry Seinfeld started his career as a stand up comedian and then he entered into the television comedy and it was a success. Jerry Seinfeld also appeared regularly on David Letterman Late Show as a stand up comic. Jerry Seinfeld gained his successful era when he has his own television show named Seinfeld. Seinfeld show was a very successful television show and made Jerry Seinfeld rich. Jerry Seinfeld hobby is collecting Porsche cars, he has 47 Porsche cars a his collection.",4,0,"It is not surprising net worth for Jerry Seinfeld since she has done her profession for more than 20 years and she is total into it, so Jerry Seinfeld deserves with that amount of net worth. Jerry Seinfeld started her career as a stand up comedian and then she entered into the television comedy and it was a success. Jerry Seinfeld also appeared regularly on David Letterman Late Show as a stand up comic. Jerry Seinfeld gained her successful era when she has her own television show named Seinfeld. Seinfeld show was a very successful television show and made Jerry Seinfeld rich. Jerry Seinfeld hobby is collecting Porsche cars, she has 47 Porsche cars a her collection.",1
"In 2003 he composed Three Celtic Settings for The Philadelphia Cathedral choir, using RS Thomas’s poetry as the libretto. In 2015 he composed “The Other” for the RS Thomas Festival, using the words of the RS Thomas poem by the same title. This will be performed for the first time in Bangor Cathedral.",5,0,"In 2003 she composed Three Celtic Settings for The Philadelphia Cathedral choir, using RS Thomas’s poetry as the libretto. In 2015 she composed “The Other” for the RS Thomas Festival, using the words of the RS Thomas poem by the same title. This will be performed for the first time in Bangor Cathedral.",1
"She has been working with Smolin, Lupin & Co. since 2005 as the Chairperson of Accounting and Auditing Department and Chairperson of CPE/Training Department. She is a member of the firm-wide employee benefit plan audit team and participates in the firm’s Leadership University, focusing on management techniques, staff mentoring, time management and business development.",0,1,"He has been working with Smolin, Lupin & Co. since 2005 as the Chairperson of Accounting and Auditing Department and Chairperson of CPE/Training Department. He is a member of the firm-wide employee benefit plan audit team and participates in the firm’s Leadership University, focusing on management techniques, staff mentoring, time management and business development.",1
"His practice focuses exclusively on family law matters, including dissolution and legal separation proceedings, child custody and visitation including child custody investigations, property division including experience with forensic evaluations, child support, spousal support, post judgment modifications, establishment of parental relationships, review of marital settlement agreements and contempt proceedings. Mr. Cadwell has had the pleasure of working with high net worth clientele, teachers, members of the armed services, border patrol, Hollywood executives, entertainers and a politician.",2,0,"Her practice focuses exclusively on family law matters, including dissolution and legal separation proceedings, child custody and visitation including child custody investigations, property division including experience with forensic evaluations, child support, spousal support, post judgment modifications, establishment of parental relationships, review of marital settlement agreements and contempt proceedings. Ms. Cadwell has had the pleasure of working with high net worth clientele, teachers, members of the armed services, border patrol, Hollywood executives, entertainers and a politician.",1
"She graduated with honors in 2014. Having more than 3 years of diverse experiences, especially in NURSE PRACTITIONER, Katherine J Horton affiliates with many hospitals including Sherman Hospital, Centegra Health System - Mc Henry Hospital, Presence Saint Joseph Hospital - Elgin, and cooperates with other doctors and specialists in medical group Healthy Habits Key To Wellness. Call Katherine J Horton on phone number (847) 381-5599 for more information and advises or to book an appointment.",13,1,"He graduated with honors in 2014. Having more than 3 years of diverse experiences, especially in NURSE PRACTITIONER, Katherine J Horton affiliates with many hospitals including Sherman Hospital, Centegra Health System - Mc Henry Hospital, Presence Saint Joseph Hospital - Elgin, and cooperates with other doctors and specialists in medical group Healthy Habits Key To Wellness. Call Katherine J Horton on phone number (847) 381-5599 for more information and advises or to book an appointment.",1
Benedict and St. John's University in Minnesota. He has published scholarly articles on eighteenth-century literature and on twenty-first century globalization. He also writes a blog about cultural theory.,21,0,Benedict and St. John's University in Minnesota. She has published scholarly articles on eighteenth-century literature and on twenty-first century globalization. She also writes a blog about cultural theory.,1
Donegal. He is currently studying Journalism and covers stories in the North-West. He can be contacted at kellysor7@hotmail.com or can be followed on Twitter at twitter.com/rorykelly46,11,0,Donegal. She is currently studying Journalism and covers stories in the North-West. She can be contacted at kellysor7@hotmail.com or can be followed on Twitter at twitter.com/rorykelly46,1
"He is on staff at Delray Medical Center, Boca Raton Regional Hospital and West Boca Medical Center where he performed the hospital’s first operating room general dentistry case. Dr. Richard Staller is also on the faculty for Florida Atlantic University’s School of medicine and is the official team dentist for FAU Athletics and the U.S. Olympics. Dr. Staller has also appeared on tv and radio multiple times with a special dental presentation for the Lifetime Television Network and also Cable News Network (CNN).",6,0,"She is on staff at Delray Medical Center, Boca Raton Regional Hospital and West Boca Medical Center where she performed the hospital’s first operating room general dentistry case. Dr. Richard Staller is also on the faculty for Florida Atlantic University’s School of medicine and is the official team dentist for FAU Athletics and the U.S. Olympics. Dr. Staller has also appeared on tv and radio multiple times with a special dental presentation for the Lifetime Television Network and also Cable News Network (CNN).",1
"Dr. Paul takes pride in his ability to make dental care a comfortable experience. He formerly held a Teaching Fellow position at Harvard University and uses his experience as an educator to help guide his patients to better health. Paul was born and raised in St. Andrews, Victoria. He spent a number of years overseas in London and Boston before returning to Australia. Dr. Paul is excited to be back home enjoying the sports and cultural events of Melbourne with his wife and three children. Paul is a member of the Australian Dental Association and the International Team for Implantology",6,0,"Dr. Paul takes pride in her ability to make dental care a comfortable experience. She formerly held a Teaching Fellow position at Harvard University and uses her experience as an educator to help guide her patients to better health. Paul was born and raised in St. Andrews, Victoria. She spent a number of years overseas in London and Boston before returning to Australia. Dr. Paul is excited to be back home enjoying the sports and cultural events of Melbourne with her husband and three children. Paul is a member of the Australian Dental Association and the International Team for Implantology",1
"She practices in Greenwood Village, Colorado and has the professional credentials of DDDS, MS. The NPI Number for Dr. Debra Lee Gander is 1679099352 and she holds a Licence No. DEN.00007254 (Colorado).",6,1,"He practices in Greenwood Village, Colorado and has the professional credentials of DDDS, MR. The NPI Number for Dr. Debra Lee Gander is 1679099352 and he holds a Licence No. DEN.00007254 (Colorado).",1
"She graduated with honors in 2012. Having more than 4 years of diverse experiences, especially in NURSE PRACTITIONER, Carmen E Carrabis affiliates with no hospital, and cooperates with other doctors and specialists without joining any medical groups. Call Carmen E Carrabis on phone number (602) 403-0986 for more information and advises or to book an appointment.",13,1,"He graduated with honors in 2012. Having more than 4 years of diverse experiences, especially in NURSE PRACTITIONER, Carmen E Carrabis affiliates with no hospital, and cooperates with other doctors and specialists without joining any medical groups. Call Carmen E Carrabis on phone number (602) 403-0986 for more information and advises or to book an appointment.",1
"Her research interests lie in Health Economics, Educational Economics, Econometrics, and Development Economics. She is interested in topics related with health policy, medical tourism, poverty, and development issues. She is the founder and advisor for the Economics Association and the Lion’s Club International at UIW.",21,1,"His research interests lie in Health Economics, Educational Economics, Econometrics, and Development Economics. He is interested in topics related with health policy, medical tourism, poverty, and development issues. He is the founder and advisor for the Economics Association and the Lion’s Club International at UIW.",1
"He obtained an MSc in Applied Linguistics at the University of Edinburgh (1990) and a PhD at the Universidad Complutense de Madrid (1994). He specializes in the pragmatics-intonation interface in English and Spanish, and has published several articles on this topic in the Journal of Pragmatics and the Journal of Linguistics. He leads the CLAN Project (Corpus of Language & Nature) and is the Editor-in-Chief of the Yearbook of Corpus Linguistics and Pragmatics (Springer)",21,0,"She obtained an MSc in Applied Linguistics at the University of Edinburgh (1990) and a PhD at the Universidad Complutense de Madrid (1994). She specializes in the pragmatics-intonation interface in English and Spanish, and has published several articles on this topic in the Journal of Pragmatics and the Journal of Linguistics. She leads the CLAN Project (Corpus of Language & Nature) and is the Editor-in-Chief of the Yearbook of Corpus Linguistics and Pragmatics (Springer)",1
"He is rated 5.0 stars out of 5 by his patients. Dr. Tucker has a special interest in concussion, hand problems, and sports health. He takes MAMSI, Blue Cross/Blue Shield, and Coventry, in addition to other insurance carriers. Dr. Tucker is a graduate of Southern Illinois University School of Medicine. He has received professional recognition including the following: Baltimore magazine Top Doctor. He is affiliated with MedStar Union Memorial Hospital. Dr. Tucker welcomes new patients.",19,0,"She is rated 5.0 stars out of 5 by her patients. Dr. Tucker has a special interest in concussion, hand problems, and sports health. She takes MAMSI, Blue Cross/Blue Shield, and Coventry, in addition to other insurance carriers. Dr. Tucker is a graduate of Southern Illinois University School of Medicine. She has received professional recognition including the following: Baltimore magazine Top Doctor. She is affiliated with MedStar Union Memorial Hospital. Dr. Tucker welcomes new patients.",1
"She frequently leads wonderfully balanced retreats to Negril, Jamaica, where she once lived for several years. She taught and lived in New England for many years, but is now based in Sarasota, Florida. Angelena brings a spiritually balanced and a physically integrated slow-flow of asanas, in the Kripalu tradition. With special attention paid to the spiritual, physical and emotional benefits of working with the breath and chakras, she brings students into a place of centered mindfulness, through her grounded and loving guidance. All level yogis and students are welcome and everyone is encouraged to move at their own pace and relax.",27,1,"He frequently leads wonderfully balanced retreats to Negril, Jamaica, where he once lived for several years. He taught and lived in New England for many years, but is now based in Sarasota, Florida. Angelena brings a spiritually balanced and a physically integrated slow-flow of asanas, in the Kripalu tradition. With special attention paid to the spiritual, physical and emotional benefits of working with the breath and chakras, he brings students into a place of centered mindfulness, through his grounded and loving guidance. All level yogis and students are welcome and everyone is encouraged to move at their own pace and relax.",1
"A graduate of MSU, Parks completed a Master’s degree in Physician Assistant Studies at Oregon Health & Science University School of Medicine in 2003. She worked in family practice and urgent care in Seattle and then returned to Bozeman in 2008 to work in a community clinic. Parks joined the Bozeman Health Anesthesia Pre-Op Assessment Clinic in 2014. Prior to becoming a PA, Parks worked as a cardiology technician in Seattle and as an EMT and hospice and medical assistant in Bozeman.",19,1,"A graduate of MSU, Parks completed a Master’s degree in Physician Assistant Studies at Oregon Health & Science University School of Medicine in 2003. He worked in family practice and urgent care in Seattle and then returned to Bozeman in 2008 to work in a community clinic. Parks joined the Bozeman Health Anesthesia Pre-Op Assessment Clinic in 2014. Prior to becoming a PA, Parks worked as a cardiology technician in Seattle and as an EMT and hospice and medical assistant in Bozeman.",1
"She works on building and maintaining accounting platform services and infrastructure for the QuickBooks Online ecosystem, powering 1st- and 3rd-party developers. She is passionate about helping developers build engaging, useful experiences and services that make people’s lives better.",24,1,"He works on building and maintaining accounting platform services and infrastructure for the QuickBooks Online ecosystem, powering 1st- and 3rd-party developers. He is passionate about helping developers build engaging, useful experiences and services that make people’s lives better.",1
"Her research interests center on the intersections of colonialism with gender, ethnicity and identity formation in early Latin America. She specializes in the social history of colonial Mexico, particularly the responses of indigenous peoples to Spanish rule. Velasco Murillo received her doctorate from UCLA and was an assistant professor of Latin American history at Adelphi University and UC Presidential Postdoctoral Fellow at UC Irvine. She is on the executive committee of the Rocky Mountain Council for Latin American Studies, and her research has received support from a variety of institutions and fellowships, including an American Philosophical Society Franklin Research Grant and the Conference on Latin American History Lewis Hanke Post-Doctoral Award.",21,1,"His research interests center on the intersections of colonialism with gender, ethnicity and identity formation in early Latin America. He specializes in the social history of colonial Mexico, particularly the responses of indigenous peoples to Spanish rule. Velasco Murillo received his doctorate from UCLA and was an assistant professor of Latin American history at Adelphi University and UC Presidential Postdoctoral Fellow at UC Irvine. He is on the executive committee of the Rocky Mountain Council for Latin American Studies, and his research has received support from a variety of institutions and fellowships, including an American Philosophical Society Franklin Research Grant and the Conference on Latin American History Lewis Hanke Post-Doctoral Award.",1
Tooba started her career from a charity show. Soon after her first show she starred in a Music Video for Pakistani pop singer Yasir Akhtar. The video gave Tooba enough exposure to register her as a newcomer.,12,1,Tooba started his career from a charity show. Soon after his first show he starred in a Music Video for Pakistani pop singer Yasir Akhtar. The video gave Tooba enough exposure to register him as a newcomer.,1
"She received her Ph.D. in American History from Princeton University in 2014. Jones is currently working on a book manuscript titled Queering An American Dilemma: Sexuality and Gender in African American Political Organizing, 1945-1993, which examines how the exclusion and/or marginalization of same-sex intimacies and gender nonconformity in American life substantively shaped black liberal political strategies and black-white race relations.",21,1,"He received his Ph.D. in American History from Princeton University in 2014. Jones is currently working on a book manuscript titled Queering An American Dilemma: Sexuality and Gender in African American Political Organizing, 1945-1993, which examines how the exclusion and/or marginalization of same-sex intimacies and gender nonconformity in American life substantively shaped black liberal political strategies and black-white race relations.",1
"Amie Batalibasi’s arts practice is founded on a strong background in art photography, public art and video art. Amie has worked creatively using visual mediums in artistic and screen capacities for over eight years. She completed a Bachelor of Photography Majoring in Art Photography at Griffith University Queensland College of Art in 2004 (for which she received the Graduating Photography Medal). In 2007 she completed a Graduate Diploma of Documentary Filmmaking at the Victorian College of Art. Her current work is centered around two main areas: producing documentary films that emphasise storytelling about human rights, social justice issues and cultural diversity; and sharing filmmaking and media skills with diverse communities through community based workshops.",9,1,"Amie Batalibasi’s arts practice is founded on a strong background in art photography, public art and video art. Amie has worked creatively using visual mediums in artistic and screen capacities for over eight years. He completed a Bachelor of Photography Majoring in Art Photography at Griffith University Queensland College of Art in 2004 (for which he received the Graduating Photography Medal). In 2007 he completed a Graduate Diploma of Documentary Filmmaking at the Victorian College of Art. His current work is centered around two main areas: producing documentary films that emphasise storytelling about human rights, social justice issues and cultural diversity; and sharing filmmaking and media skills with diverse communities through community based workshops.",1
"He has ability in all phases of building, and is particularly skilled in the areas of conceptual design, technical detailing, and digital design. Born and educated in the USA, he moved to London, England in 1987 to take a position with James Stirling and Michael Wilford Assocs. There he worked on: phase two of the Stuttgart arts complex, an addition to Milan’s Brera Gallery, and on the SWA entry to the Disney Concert Hall Competition. He also worked for Richard Rogers Architects where he gained technical expertise in building structures and exterior envelopes. At Kohn Pederson Fox (Intl.) from 1990-93, he designed and detailed projects in London, Frankfurt, and Hamburg. In 1995, he co- founded the LaMa Studio, which produced theoretical and practical projects ranging from buildings and cladding systems to urban plans.",1,0,"She has ability in all phases of building, and is particularly skilled in the areas of conceptual design, technical detailing, and digital design. Born and educated in the USA, she moved to London, England in 1987 to take a position with James Stirling and Michael Wilford Assocs. There she worked on: phase two of the Stuttgart arts complex, an addition to Milan’s Brera Gallery, and on the SWA entry to the Disney Concert Hall Competition. She also worked for Richard Rogers Architects where she gained technical expertise in building structures and exterior envelopes. At Kohn Pederson Fox (Intl.) from 1990-93, she designed and detailed projects in London, Frankfurt, and Hamburg. In 1995, she co- founded the LaMa Studio, which produced theoretical and practical projects ranging from buildings and cladding systems to urban plans.",1
"Before joining the Papyrus team, Igor commonly worked on performance requirement problems related to computer video and graphics at Computer Vision. He has more than 5 years of programming experience in development and optimization performance critical code commonly written in C/C++ (video decoders/encoders, video editors, rendering using OpenGL). Additionally, Igor has several years of experience as a Freelancer working on very different software development projects. At Papyrus, Igor is responsible for smart contracts and back-end systems of the project development.",24,0,"Before joining the Papyrus team, Igor commonly worked on performance requirement problems related to computer video and graphics at Computer Vision. She has more than 5 years of programming experience in development and optimization performance critical code commonly written in C/C++ (video decoders/encoders, video editors, rendering using OpenGL). Additionally, Igor has several years of experience as a Freelancer working on very different software development projects. At Papyrus, Igor is responsible for smart contracts and back-end systems of the project development.",1
"On Thursday, April 5, Rondón Córdova will be visiting a Grand Valley State University classroom to present his work and share his experience as a filmmaker. During his presentation, Rondón Córdova will show clips of his films while sharing the progression of editing a scene or two.",9,0,"On Thursday, April 5, Rondón Córdova will be visiting a Grand Valley State University classroom to present her work and share her experience as a filmmaker. During her presentation, Rondón Córdova will show clips of her films while sharing the progression of editing a scene or two.",1
"She received her doctorate in Management from the Gallup Leadership Institute at the University of Nebraska–Lincoln. Dr. Reichard’s research interests focus on leader development and she has ongoing research on evaluating the impact of leadership and undergraduate leadership education, understanding the motivational aspects driving leader self-development, and building the development of global mindset. Her work has been published in Organizational Behavior and Human Decision Processes, The Leadership Quarterly, and Journal of Managerial Psychology. She serves on the editorial review board of Journal of Leadership and Organizational Studies and has reviewed for The Leadership Quarterly and Organizational Behavior and Human Decision Processes.",21,1,"He received his doctorate in Management from the Gallup Leadership Institute at the University of Nebraska–Lincoln. Dr. Reichard’s research interests focus on leader development and he has ongoing research on evaluating the impact of leadership and undergraduate leadership education, understanding the motivational aspects driving leader self-development, and building the development of global mindset. His work has been published in Organizational Behavior and Human Decision Processes, The Leadership Quarterly, and Journal of Managerial Psychology. He serves on the editorial review board of Journal of Leadership and Organizational Studies and has reviewed for The Leadership Quarterly and Organizational Behavior and Human Decision Processes.",1
She is known for being the co-host of the NBC’s Today Show. She is also famous for her book “Ten Years Later” which was posted in 2013. She has achieved Daytime Emmy Award in 2010 after being the part of the Today […],11,1,He is known for being the co-host of the NBC’s Today Show. He is also famous for his book “Ten Years Later” which was posted in 2013. He has achieved Daytime Emmy Award in 2010 after being the part of the Today […],1
"He has spent many years working in the fight against AIDS, having served on the board of the Richmond-Ermet AIDS Foundation of San Francisco and currently as a producer of the Los Angeles based Southland Theater Artists Goodwill Event (S.T.A.G.E.), the world’s longest-running musical theatre benefit for AIDS. Rodney also serves on the boards of trustees for the First Christian Church of North Hollywood, the National City Christian Church Foundation in Washington, DC, the Disciples Seminary Foundation of Claremont, CA and his alma mater, Eureka College., Eureka, IL. He is a graduate of the University of Illinois, College of Law in Urbana, IL.",2,0,"She has spent many years working in the fight against AIDS, having served on the board of the Richmond-Ermet AIDS Foundation of San Francisco and currently as a producer of the Los Angeles based Southland Theater Artists Goodwill Event (S.T.A.G.E.), the world’s longest-running musical theatre benefit for AIDS. Rodney also serves on the boards of trustees for the First Christian Church of North Hollywood, the National City Christian Church Foundation in Washington, DC, the Disciples Seminary Foundation of Claremont, CA and her alma mater, Eureka College., Eureka, IL. She is a graduate of the University of Illinois, College of Law in Urbana, IL.",1
"She was trained at the Santa Monica College Commercial Photography program and finished in 2013 to start her travels. She specializes in Portraits and Still Photography but have been trained to shoot all types of commercial work. For the last couple of years, ""The Womens' Project"" has been her passion project and something she holds very close to her.",18,1,"He was trained at the Santa Monica College Commercial Photography program and finished in 2013 to start his travels. He specializes in Portraits and Still Photography but have been trained to shoot all types of commercial work. For the last couple of years, ""The Womens' Project"" has been his passion project and something he holds very close to him.",1
"In 2011, assisted by Doha Film Institute, Mohamed wrote and directed his first short, Fahad, which screened at the Doha Tribeca Film Festival. In 2015, Mohamed was selected for La Femis Summer Gulf Program in Paris where he directed a short film. He worked on the preparation and production of Al Johara, a short film supported by DFI’s Qatari Film Fund. Mohamed is currently working on 'Superpower', his first feature, about a Qatari family dealing with their son’s terminal illness. The project was awarded a development fund from Doha Film Institute.",9,0,"In 2011, assisted by Doha Film Institute, Mohamed wrote and directed her first short, Fahad, which screened at the Doha Tribeca Film Festival. In 2015, Mohamed was selected for La Femis Summer Gulf Program in Paris where she directed a short film. She worked on the preparation and production of Al Johara, a short film supported by DFI’s Qatari Film Fund. Mohamed is currently working on 'Superpower', her first feature, about a Qatari family dealing with their daughter’s terminal illness. The project was awarded a development fund from Doha Film Institute.",1
"The spontaneity, simplicity, and beauty of children and animals make them her favourite subjects. Susan is actively involved with several local animal rescues, and is a proud member of HeArtspeak, an international organization of artists volunteering their time and talent to help animals in need. This self taught photographer is fuelled by her passion in capturing the quintessential nature of her subjects.",18,1,"The spontaneity, simplicity, and beauty of children and animals make them his favourite subjects. Susan is actively involved with several local animal rescues, and is a proud member of HeArtspeak, an international organization of artists volunteering their time and talent to help animals in need. This self taught photographer is fuelled by his passion in capturing the quintessential nature of his subjects.",1
"On average, patients gave her a rating of 4.5 stars out of 5. She takes United Healthcare Compass, United Healthcare Navigate, Blue Cross/Blue Shield, and more.",6,1,"On average, patients gave him a rating of 4.5 stars out of 5. He takes United Healthcare Compass, United Healthcare Navigate, Blue Cross/Blue Shield, and more.",1
"She has worked for Ormiston Horizon Academy as a financial director for six years and as a regional finance director for three years overseeing ten academies. Prior to working for OAT, Sharlene worked in the public sector as the management accountant for the council’s front line services.",0,1,"He has worked for Ormiston Horizon Academy as a financial director for six years and as a regional finance director for three years overseeing ten academies. Prior to working for OAT, Sharlene worked in the public sector as the management accountant for the council’s front line services.",1
"She graduated with honors in 1996. Having more than 21 years of diverse experiences, especially in NURSE PRACTITIONER, Carol R Mixon affiliates with Murphy Medical Center Inc, and cooperates with other doctors and specialists in medical group Clay County. Call Carol R Mixon on phone number (828) 389-8052 for more information and advises or to book an appointment.",13,1,"He graduated with honors in 1996. Having more than 21 years of diverse experiences, especially in NURSE PRACTITIONER, Carol R Mixon affiliates with Murphy Medical Center Inc, and cooperates with other doctors and specialists in medical group Clay County. Call Carol R Mixon on phone number (828) 389-8052 for more information and advises or to book an appointment.",1
"Dr. Wen graduated from the Medical College of St. Bartholomew’s Hospital, University of London, in 1981. He completed his internal medicine training at the University of London postgraduate hospitals and his neurology residency in the Harvard-Longwood Neurology Training Program. His research is focused on novel treatments of brain tumors, especially targeted molecular agents. His other clinical interests include neurologic complications of cancer. J. Paul Marcoux",21,0,"Dr. Wen graduated from the Medical College of St. Bartholomew’s Hospital, University of London, in 1981. She completed her internal medicine training at the University of London postgraduate hospitals and her neurology residency in the Harvard-Longwood Neurology Training Program. Her research is focused on novel treatments of brain tumors, especially targeted molecular agents. Her other clinical interests include neurologic complications of cancer. J. Paul Marcoux",1
"From 1974 until 1989 he studied and worked with R. D. Laing both in England and in Canada. He has given seminars and workshops in Hungary, Russia, Croatia, Serbia, Canada and the U.S.A. Steven Gans was born in Brooklyn in 1941, and attended Pennsylvania State University, where he obtained a Ph.D. in philosophy. He arrived in England in 1974, and since that time has been involved in psychotherapy. Steve Gans lived, with his family, in a therapeutic household founded by Dr Hugh Crawford, a good friend and colleague of Laing's, who died in 1980. These households were intended as places of refuge, community and dwelling. While living and studying with Hugh Crawford, Gans introduced Laing to the work of Emmanuel Levinas, who influenced Laing. s later work considerably.",22,0,"From 1974 until 1989 she studied and worked with R. D. Laing both in England and in Canada. She has given seminars and workshops in Hungary, Russia, Croatia, Serbia, Canada and the U.S.A. Steven Gans was born in Brooklyn in 1941, and attended Pennsylvania State University, where she obtained a Ph.D. in philosophy. She arrived in England in 1974, and since that time has been involved in psychotherapy. Steve Gans lived, with her family, in a therapeutic household founded by Dr Hugh Crawford, a good friend and colleague of Laing's, who died in 1980. These households were intended as places of refuge, community and dwelling. While living and studying with Hugh Crawford, Gans introduced Laing to the work of Emmanuel Levinas, who influenced Laing. s later work considerably.",1
"Most recently he was featured as LA Weekly's Number One Comic to Watch in 2013 and on Esquire Magazine's Best New Comedians list. He has performed on TBS's late-night talk show ""Conan"" and BBC America's ""The Nerdist,"" played the recurring role of Roland in Disney XD's comedy ""Crash & Bernstein,"" and is a writer for ""The Kroll Show"" on Comedy Central. Funches has also Ron FunchesRon Funches6 PICTURESRon Funches Ron Funches Ron Funches Ron Funches Undateable (NBC TV show) cast members Matthew Wilkas, Ron Funches, Rick Glassman and Chris D'Elia Ron Funches Pictures appeared on FOX's ""New Girl"" and IFC's ""Portlandia.""",4,0,"Most recently she was featured as LA Weekly's Number One Comic to Watch in 2013 and on Esquire Magazine's Best New Comedians list. She has performed on TBS's late-night talk show ""Conan"" and BBC America's ""The Nerdist,"" played the recurring role of Roland in Disney XD's comedy ""Crash & Bernstein,"" and is a writer for ""The Kroll Show"" on Comedy Central. Funches has also Ron FunchesRon Funches6 PICTURESRon Funches Ron Funches Ron Funches Ron Funches Undateable (NBC TV show) cast members Matthew Wilkas, Ron Funches, Rick Glassman and Chris D'Elia Ron Funches Pictures appeared on FOX's ""New Boy"" and IFC's ""Portlandia.""",1
"On the back cover of his book, Yearning for the Wind: Celtic Reflections on Nature and the Soul, he’s described by a colleague as someone who “knows how to sing the song of the soul. His lyrical reflections reveal the voice of the true Bard who has broken through to some deeper level of knowing…” [Philip Carr-Gomm].",26,0,"On the back cover of her book, Yearning for the Wind: Celtic Reflections on Nature and the Soul, she’s described by a colleague as someone who “knows how to sing the song of the soul. Her lyrical reflections reveal the voice of the true Bard who has broken through to some deeper level of knowing…” [Philip Carr-Gomm].",1
"He is a graduate of the University of California, Davis, School of Medicine. He trained at Pacific Presbyterian Medical Center for his residency. Blue Cross/Blue Shield, Blue Cross Blue Shield EPO, and Blue Cross Blue Shield Bronze are among the insurance carriers that Dr. Jastrzebski honors. Dr. Jastrzebski (or staff) speaks the following foreign languages: Spanish, German, and Polish.",19,0,"She is a graduate of the University of California, Davis, School of Medicine. She trained at Pacific Presbyterian Medical Center for her residency. Blue Cross/Blue Shield, Blue Cross Blue Shield EPO, and Blue Cross Blue Shield Bronze are among the insurance carriers that Dr. Jastrzebski honors. Dr. Jastrzebski (or staff) speaks the following foreign languages: Spanish, German, and Polish.",1
Dr. Lee graduated from Seoul National University in 1962 and has been in practice for 55 years. He completed a residency at Memorial Sloan Kettering Cancer Center. Dr. Lee also specializes in Surgical Oncology. He currently practices at Sang M Lee MD and is affiliated with Newark Beth Israel Medical Center and Somerset Medical Center. Dr. Lee accepts multiple insurance plans including Medicare and Humana. Dr. Lee is board certified in Surgery.,25,0,Dr. Lee graduated from Seoul National University in 1962 and has been in practice for 55 years. She completed a residency at Memorial Sloan Kettering Cancer Center. Dr. Lee also specializes in Surgical Oncology. She currently practices at Sang M Lee MD and is affiliated with Newark Beth Israel Medical Center and Somerset Medical Center. Dr. Lee accepts multiple insurance plans including Medicare and Humana. Dr. Lee is board certified in Surgery.,1
"He is a graduate from York University and obtained a degree in Kinesiology and Health Science. Following the completion of his undergraduate degree, he earned his Doctorate of Chiropractic from the Canadian Memorial Chiropractic College (CMCC). While attending CMCC, he received his certification in Contemporary Medical Acupuncture through McMaster University.",3,0,"She is a graduate from York University and obtained a degree in Kinesiology and Health Science. Following the completion of her undergraduate degree, she earned her Doctorate of Chiropractic from the Canadian Memorial Chiropractic College (CMCC). While attending CMCC, she received her certification in Contemporary Medical Acupuncture through McMaster University.",1
"So he didn't need anybody to spell out the reasons his team lost Friday's 1A state semifinal contest against Edmondson-Westside: The 16 free throws his Falcons missed were the fundamental difference in losing a game decided by five points, 51-46.",26,0,"So she didn't need anybody to spell out the reasons her team lost Friday's 1A state semifinal contest against Edmondson-Westside: The 16 free throws her Falcons missed were the fundamental difference in losing a game decided by five points, 51-46.",1
"He obtained his bachelor’s degree in Image and Sound at the Complutense University of Madrid in 1998. During his years of study, and after frequent sessions at the Spanish Cinematheque, he was influenced by many classic directors. In addition to his film experience, he has degrees in Music Studies from the Royal Conservatory of Music of Oviedo (Spain). In 2008 Roberto moved to Los Angeles to complete a Master in Fine Arts (MFA) at the New York Film Academy (Universal Studios, Hollywood), where he directed different shorts (like the award winning “Toto Forever”). His graduation film is “Desire Street”, co-directed with Xu Xiaoxi. He moved to China in 2011, where he currently works with Xu Xiaoxi in advertisement and fiction films. “Ni Jing: Thou Shalt Not Steal” is his first fiction short film in Chinese, to be released in 2013.",9,0,"She obtained her bachelor’s degree in Image and Sound at the Complutense University of Madrid in 1998. During her years of study, and after frequent sessions at the Spanish Cinematheque, she was influenced by many classic directors. In addition to her film experience, she has degrees in Music Studies from the Royal Conservatory of Music of Oviedo (Spain). In 2008 Roberto moved to Los Angeles to complete a Master in Fine Arts (MFA) at the New York Film Academy (Universal Studios, Hollywood), where she directed different shorts (like the award winning “Toto Forever”). Her graduation film is “Desire Street”, co-directed with Xu Xiaoxi. She moved to China in 2011, where she currently works with Xu Xiaoxi in advertisement and fiction films. “Ni Jing: Thou Shalt Not Steal” is her first fiction short film in Chinese, to be released in 2013.",1
"She received her BFA in acting from Carnegie Mellon University, where she studied with Edith Skinner, foremost authority on the Good American Speech Dialect.She received her MFA in Theatre Pedagogy from the University of Pittsburgh.",21,1,"He received his BFA in acting from Carnegie Mellon University, where he studied with Edith Skinner, foremost authority on the Good American Speech Dialect.He received his MFA in Theatre Pedagogy from the University of Pittsburgh.",1
"She has a Master's Degree in Media with a focus in journalism. Anu enjoys writing about health, science, and tech. In her spare time, she likes playing video games, writing poems and watching cricket.",11,1,"He has a Master's Degree in Media with a focus in journalism. Anu enjoys writing about health, science, and tech. In his spare time, he likes playing video games, writing poems and watching cricket.",1
"His clinical interests encompass refractive surgery (vision correction surgery) and cataracts. Dr. Hufnagel attended Pierre and Marie Curie University Faculty of Medicine and then went on to complete his residency at a hospital affiliated with Yale University. He honors Blue Cross Blue Shield Catastrophic, Blue Cross/Blue Shield, and Blue Choice, in addition to other insurance carriers.",19,0,"Her clinical interests encompass refractive surgery (vision correction surgery) and cataracts. Dr. Hufnagel attended Pierre and Marie Curie University Faculty of Medicine and then went on to complete her residency at a hospital affiliated with Yale University. She honors Blue Cross Blue Shield Catastrophic, Blue Cross/Blue Shield, and Blue Choice, in addition to other insurance carriers.",1
"He is an autocrat of the best possible type, whose influence in his country is entirely thrown into the scale of virtue for the suppression of vice. Such a thing as theft is unknown in his realm; he will not allow his subjects to make or drink beer. View Full Article in Timesmachine »",12,0,"She is an autocrat of the best possible type, whose influence in her country is entirely thrown into the scale of virtue for the suppression of vice. Such a thing as theft is unknown in her realm; she will not allow her subjects to make or drink beer. View Full Article in Timesmachine »",1
"He has done his Graduation in Biology and Post Graduate Diploma in Journalism from Jamia Millia Islamia. In his 17 years of journey in Journalism, he has reported many stories of court and crime beat in numerous national Hindi daily. Being a reliable journalist, he has done precise reporting of Delhi courts and High Court for National Sahara, Dainik Jagran, and Amar Ujala. While handling the duties of Bureau Head and Political Editor in the TV channels, Mr. Thakur has done reporting on the Supreme Court, CBI, Home Ministry, Bharatiya Janata Party and Parliament. Also, for BAG created, Star News biggest crime show ‘SANSANEE’ he played a vital role.",11,0,"She has done her Graduation in Biology and Post Graduate Diploma in Journalism from Jamia Millia Islamia. In hers 17 years of journey in Journalism, she has reported many stories of court and crime beat in numerous national Hindi daily. Being a reliable journalist, she has done precise reporting of Delhi courts and High Court for National Sahara, Dainik Jagran, and Amar Ujala. While handling the duties of Bureau Head and Political Editor in the TV channels, Ms. Thakur has done reporting on the Supreme Court, CBI, Home Ministry, Bharatiya Janata Party and Parliament. Also, for BAG created, Star News biggest crime show ‘SANSANEE’ she played a vital role.",1
"After graduating from Elam school of Fine Arts in 2007 she has become a fashion photographer with a distinctly soft and feminine style characterised by glorious light, tender poses, and a masterful use of elegant surroundings . Despite the emerging status, her list of clients already include Adidas, Sony, Remix, Zoe & Morgan, among others. Calypso also holds the world record for fastest female traversing Mt Kilimandjaro, an accolade picked up at the same time as shooting an Adidas Outdoor range. She is always available for commissions and special requests at calypsophoto@gmail.com",18,1,"After graduating from Elam school of Fine Arts in 2007 he has become a fashion photographer with a distinctly soft and feminine style characterised by glorious light, tender poses, and a masterful use of elegant surroundings . Despite the emerging status, his list of clients already include Adidas, Sony, Remix, Zoe & Morgan, among others. Calypso also holds the world record for fastest male traversing Mt Kilimandjaro, an accolade picked up at the same time as shooting an Adidas Outdoor range. He is always available for commissions and special requests at calypsophoto@gmail.com",1
"Dr. Rice is the President-Elect of the Cartographic and Geographic Information Society, and the Local Arrangements Chair for the 28th International Cartographic Congress. His research focuses on geocrowdsourcing, quality assessment, sonification, and accessibility. He is a supporter and participant in the ICA Commission on Maps and Graphics for Blind and Partially Sighted Persons, led by Alejandra Coll Escanilla and Waldirene Ribeiro.",21,0,"Dr. Rice is the President-Elect of the Cartographic and Geographic Information Society, and the Local Arrangements Chair for the 28th International Cartographic Congress. Her research focuses on geocrowdsourcing, quality assessment, sonification, and accessibility. She is a supporter and participant in the ICA Commission on Maps and Graphics for Blind and Partially Sighted Persons, led by Alejandra Coll Escanilla and Waldirene Ribeiro.",1
"Nelson Center for Entrepreneurship. She received her Ph.D. in Medical Sociology from the University of California, San Francisco (UCSF) Department of Social and Behavioral Sciences. Professor Nazareno’s dissertation won the UCSF Anselm Strauss Award for Most Distinguished Qualitative Dissertation and was the first study to examine the lived experiences of immigrant Filipino women who emerged as owners of health and long-term service related businesses in the United States. Professor Nazareno’s specialty areas include the the structural and social determinants of health/health inequalities; political economy and the organization of long-term care; women’s migration, labor and entrepreneurship.",21,1,"Nelson Center for Entrepreneurship. He received his Ph.D. in Medical Sociology from the University of California, San Francisco (UCSF) Department of Social and Behavioral Sciences. Professor Nazareno’s dissertation won the UCSF Anselm Strauss Award for Most Distinguished Qualitative Dissertation and was the first study to examine the lived experiences of immigrant Filipino men who emerged as owners of health and long-term service related businesses in the United States. Professor Nazareno’s specialty areas include the the structural and social determinants of health/health inequalities; political economy and the organization of long-term care; men’s migration, labor and entrepreneurship.",1
"She enjoys reading books to improve her business, two of which include “The Power of Nice” by Linda Kapler Thaler and Robin Koval, and “The Invisible Touch” by Harry Beckwith.",18,1,"He enjoys reading books to improve his business, two of which include “The Power of Nice” by Linda Kapler Thaler and Robin Koval, and “The Invisible Touch” by Harry Beckwith.",1
"She graduated with honors in 2001. Having more than 15 years of diverse experiences, especially in NURSE PRACTITIONER, Mary J Hopman affiliates with Denver Health Medical Center, and cooperates with other doctors and specialists in medical group Denver Health And Hospital Authority. Call Mary J Hopman on phone number (303) 436-6000 for more information and advises or to book an appointment.",13,1,"He graduated with honors in 2001. Having more than 15 years of diverse experiences, especially in NURSE PRACTITIONER, Mary J Hopman affiliates with Denver Health Medical Center, and cooperates with other doctors and specialists in medical group Denver Health And Hospital Authority. Call Mary J Hopman on phone number (303) 436-6000 for more information and advises or to book an appointment.",1
"An enrolled member of the Navajo Nation, he is retired from a lifetime of hard work in difficult conditions on and off the Navajo Nation. He has worked on the railroads in Kansas, in the Colorado mines, and in food service in Chinle and red Mesa schools. He now lives in Teec Nos Pos, Arizona on the Navajo Nation. A foster grandparent, he is deeply committed to educating youth in Navajo cultural traditions and raising them well.",26,0,"An enrolled member of the Navajo Nation, she is retired from a lifetime of hard work in difficult conditions on and off the Navajo Nation. She has worked on the railroads in Kansas, in the Colorado mines, and in food service in Chinle and red Mesa schools. She now lives in Teec Nos Pos, Arizona on the Navajo Nation. A foster grandparent, she is deeply committed to educating youth in Navajo cultural traditions and raising them well.",1
"He has written screenplays on assignment for Warner Brothers, Universal, Fox, Paramount, New Line, and Sony/Columbia. Inspired by a childhood love of The Goonies and Ferris Bueller’s Day Off, Jonathan set out to write his first novel, Addison Cooke and the Treasure of the Incas. Born in Manhattan, he currently resides in Los Angeles, where he can be found showing off his incredible taste in dishware and impressive 96% accuracy with high fives KELLY PARSONS is the author of the forthcoming (February 7, 2017) novel, Under the Knife, and his debut, Doing Harm. He is a board-certified urologist with degrees from Stanford University, University of Pennsylvania, and Johns Hopkins, and he is on the faculty at the University of California San Diego. He lives with his family in Southern California.",26,0,"She has written screenplays on assignment for Warner Brothers, Universal, Fox, Paramount, New Line, and Sony/Columbia. Inspired by a childhood love of The Goonies and Ferris Bueller’s Day Off, Jonathan set out to write her first novel, Addison Cooke and the Treasure of the Incas. Born in Manhattan, she currently resides in Los Angeles, where she can be found showing off her incredible taste in dishware and impressive 96% accuracy with high fives KELLY PARSONS is the author of the forthcoming (February 7, 2017) novel, Under the Knife, and her debut, Doing Harm. She is a board-certified urologist with degrees from Stanford University, University of Pennsylvania, and Johns Hopkins, and she is on the faculty at the University of California San Diego. She lives with her family in Southern California.",1
"She specializes in pediatric urology, with expertise in the treatment of common urological conditions in children as well as congenital abnormalities.",21,1,"He specializes in pediatric urology, with expertise in the treatment of common urological conditions in children as well as congenital abnormalities.",1
"Ms. Kent practices medicine in Canton, NY and 1 other location and specializes in Family Medicine and Orthopaedic Surgery. Ms. Kent is affiliated with Canton Potsdam Hospital.",19,1,"Mr. Kent practices medicine in Canton, NY and 1 other location and specializes in Family Medicine and Orthopaedic Surgery. Mr. Kent is affiliated with Canton Potsdam Hospital.",1
"Her work has appeared in leading international publications, including the New York Times, Time, and Newsweek. Her Iraq work has been exhibited in the United States, London and Dubai. In September 2002, she was based in Iraq, one of the few freelance photographers working in Baghdad under the Saddam Hussein regime. She has returned to Iraq repeatedly, covering both the civilian side and embedding with American military forces. She focuses her work on the war’s civilian impact, and considers her work to be humanitarian awareness. In 2006, she covertly moved around Baghdad to produce her award-winning work on severely wounded Iraqis and civilian daily life. Canadian-born Nosh is a guest lecturer at the Western Academy of Photography and Emily Carr University of Art and Design in British Columbia.",18,1,"His work has appeared in leading international publications, including the New York Times, Time, and Newsweek. His Iraq work has been exhibited in the United States, London and Dubai. In September 2002, he was based in Iraq, one of the few freelance photographers working in Baghdad under the Saddam Hussein regime. He has returned to Iraq repeatedly, covering both the civilian side and embedding with American military forces. He focuses his work on the war’s civilian impact, and considers his work to be humanitarian awareness. In 2006, he covertly moved around Baghdad to produce his award-winning work on severely wounded Iraqis and civilian daily life. Canadian-born Nosh is a guest lecturer at the Western Academy of Photography and Emily Carr University of Art and Design in British Columbia.",1
"Mr. Phillip's practice is limited solely to criminal matters including driving under the influence (dui) cases. Mr. Phillip's background in chemistry and biology provide a unique service when combatting charges based upon allegations that the state accuratly tested one's blood, breath or urine for banned subatnces.",2,0,"Ms. Phillip's practice is limited solely to criminal matters including driving under the influence (dui) cases. Ms. Phillip's background in chemistry and biology provide a unique service when combatting charges based upon allegations that the state accuratly tested one's blood, breath or urine for banned subatnces.",1
"He is rated highly by his patients. He accepts several insurance carriers, including Blue Cross/Blue Shield, Blue Choice, and Blue Cross Blue Shield Bronze.",6,0,"She is rated highly by her patients. She accepts several insurance carriers, including Blue Cross/Blue Shield, Blue Choice, and Blue Cross Blue Shield Bronze.",1
"Paul, Minnesota. She received her B.A. in political science from St. Olaf College and received her Ph.D. in political science from American University. She has authored or coauthored six books and numerous journal articles. Her most recent book is Women and Politics: Paths to Power and Political Influence. Her journal articles appear in PS: Political Science and Politics, Public Administration Review, Journal of Public Administration Research and Theory, Women & Politics, and Harvard International Journal of Press/Politics. Her research interests include women and politics, executive and bureaucratic politics, and representative bureaucracy. In 2007 she received the Erika Fairchild Award from the Women's Caucus of the Southern Political Science Association and was awarded the Rita Mae Kelly Distinguished Research Award from the American Society for Public Administration in 2004.",21,1,"Paul, Minnesota. He received his B.A. in political science from St. Olaf College and received his Ph.D. in political science from American University. He has authored or coauthored six books and numerous journal articles. His most recent book is Men and Politics: Paths to Power and Political Influence. His journal articles appear in PS: Political Science and Politics, Public Administration Review, Journal of Public Administration Research and Theory, Men & Politics, and Harvard International Journal of Press/Politics. His research interests include men and politics, executive and bureaucratic politics, and representative bureaucracy. In 2007 he received the Erika Fairchild Award from the Men's Caucus of the Southern Political Science Association and was awarded the Rita Mae Kelly Distinguished Research Award from the American Society for Public Administration in 2004.",1
"He is the owner of Blackburne & Sons Realty Capital Corporation, a $55 million private money commercial lender (est. 1980); C-Loans Inc.; and Commercial Mortgage.com. CONTACT: george@blackburne.com | (574) 360-2486",2,0,"She is the owner of Blackburne & Sons Realty Capital Corporation, a $55 million private money commercial lender (est. 1980); C-Loans Inc.; and Commercial Mortgage.com. CONTACT: george@blackburne.com | (574) 360-2486",1
"Dr. Haque received her Ph.D. in neurochemistry from Aligarh Muslim University, Aligarh, India. She has previously worked at the National Institutes of Health in Maryland, and at the Department of Pharmacology at Georgetown University, before moving to the Institute for Basic Research in Developmental Diseases in Staten Island.",21,1,"Dr. Haque received his Ph.D. in neurochemistry from Aligarh Muslim University, Aligarh, India. He has previously worked at the National Institutes of Health in Maryland, and at the Department of Pharmacology at Georgetown University, before moving to the Institute for Basic Research in Developmental Diseases in Staten Island.",1
"He holds additional appointments in Rice University’s Department of Computer Science and the University of Toronto’s Munk School of Global Affairs. His research is focused in the area of cyber geopolitics with additional work in organizational innovation, knowledge management, and intelligence studies.",21,0,"She holds additional appointments in Rice University’s Department of Computer Science and the University of Toronto’s Munk School of Global Affairs. Her research is focused in the area of cyber geopolitics with additional work in organizational innovation, knowledge management, and intelligence studies.",1
"Ms. Rothstein practices medicine in New York, NY and 1 other location and specializes in Allergy & Immunology. Ms. Rothstein is affiliated with New York Hospital Medical Center Of Queens, Beth Israel Medical Center and NYU Langone Medical Center. Ms. Rothstein speaks English and Spanish.",19,1,"Mr. Rothstein practices medicine in New York, NY and 1 other location and specializes in Allergy & Immunology. Mr. Rothstein is affiliated with New York Hospital Medical Center Of Queens, Beth Israel Medical Center and NYU Langone Medical Center. Mr. Rothstein speaks English and Spanish.",1
"Dr. Cifu has a special interest in concussion and stroke. He is professionally affiliated with VCU Health Center & MCV Hospital and Physicians, Retreat Doctors' Hospital, and Richmond VA Medical Center. He accepts Medicaid and Medicare insurance. Before completing his residency at a hospital affiliated with Baylor College of Medicine, Dr. Cifu attended medical school at Boston University School of Medicine. He has received the following distinction: Outstanding Faculty of the Year, SCHEV.",19,0,"Dr. Cifu has a special interest in concussion and stroke. She is professionally affiliated with VCU Health Center & MCV Hospital and Physicians, Retreat Doctors' Hospital, and Richmond VA Medical Center. She accepts Medicaid and Medicare insurance. Before completing her residency at a hospital affiliated with Baylor College of Medicine, Dr. Cifu attended medical school at Boston University School of Medicine. She has received the following distinction: Outstanding Faculty of the Year, SCHEV.",1
"She completed her Ph.D. in Clinical Psychology in 2000 from Palo Alto University (formerly Pacific Graduate School of Psychology), after completing her Clinical Internship at the New York University/Bellevue program. Dr. Lorente-Foresti is licensed by the California Board of Psychology and the New York Psychology Board.",22,1,"He completed his Ph.D. in Clinical Psychology in 2000 from Palo Alto University (formerly Pacific Graduate School of Psychology), after completing his Clinical Internship at the New York University/Bellevue program. Dr. Lorente-Foresti is licensed by the California Board of Psychology and the New York Psychology Board.",1
"He practices in Anchorage, Alaska and has the professional credentials of DDS. The NPI Number for Dr. Steven Paul Eck is 1477639466 and he holds a Licence No. D7412 (Minnesota).",6,0,"She practices in Anchorage, Alaska and has the professional credentials of DDS. The NPI Number for Dr. Steven Paul Eck is 1477639466 and she holds a Licence No. D7412 (Minnesota).",1
"Dr. Ajdinovich graduated from Indiana University School of Medicine Indianapolis in 2010 and has been in practice for 8 years. He currently practices at Park Avenue Women's Center and is affiliated with Lenox Hill Hospital Northwell Health. Dr. Ajdinovich accepts multiple insurance plans including Aetna, Empire Blue Cross Blue Shield and Cigna. Dr. Ajdinovich also practices at Plancher Orthopaedics PLLC in Cos Cob, CT. In addition to English, Dr. Ajdinovich's practice supports these languages: Russian and Spanish.",25,0,"Dr. Ajdinovich graduated from Indiana University School of Medicine Indianapolis in 2010 and has been in practice for 8 years. She currently practices at Park Avenue Men's Center and is affiliated with Lenox Hill Hospital Northwell Health. Dr. Ajdinovich accepts multiple insurance plans including Aetna, Empire Blue Cross Blue Shield and Cigna. Dr. Ajdinovich also practices at Plancher Orthopaedics PLLC in Cos Cob, CT. In addition to English, Dr. Ajdinovich's practice supports these languages: Russian and Spanish.",1
"The theme of her talk at the Digital Storytelling Conference held in Yerevan on May 28 was “Journalistic Stories in Today’s Digital World”. On May 30, as part of BarCamp 2015, Thorton spoke about telling visual stories via the social network. Hetq spoke to Thorton about issues related to transformations in the field of journalism, their relation to social , and media literacy.",21,1,"The theme of his talk at the Digital Storytelling Conference held in Yerevan on May 28 was “Journalistic Stories in Today’s Digital World”. On May 30, as part of BarCamp 2015, Thorton spoke about telling visual stories via the social network. Hetq spoke to Thorton about issues related to transformations in the field of journalism, their relation to social , and media literacy.",1
"When he was a child he studied traditional chinese arts and calligraphy, nowadays, as photographer and photo retoucher, this traditional training is visible in his work. His dreamy landscapes are clearly inspired by traditional chinese woodblock prints Yang Yongliang... » read moreleggi tutto",18,0,"When she was a child she studied traditional chinese arts and calligraphy, nowadays, as photographer and photo retoucher, this traditional training is visible in her work. Her dreamy landscapes are clearly inspired by traditional chinese woodblock prints Yang Yongliang... » read moreleggi tutto",1
"He has a particular interest in core stability training, weight management with integrated health and nutrition advice and post pregnancy strength training. Mark also has personal experience working with rehabilitation of spinal injuries.",17,0,"She has a particular interest in core stability training, weight management with integrated health and nutrition advice and post pregnancy strength training. Mark also has personal experience working with rehabilitation of spinal injuries.",1
"After studying photography she attended film school and other complementary courses. Her photography has been featured in publications like Nylon, Exhibit Space (London), Stick and Stones Agency, Noir Magazine, Velvet Magazine, Fauna, among others. Now she works in a production company as a still photographer for movies and television while she works on her own projects in photography and filmmaking on the side. In her first editorial for Nakid she and model Shamadhi Alarcón explore the sensual and minimalistic undertones of solitude and open spaces. A feminine youth and strong presence underline the perfect lighting and emotion within each shot! Look for more from Mariel Cortés in the future!",18,1,"After studying photography he attended film school and other complementary courses. His photography has been featured in publications like Nylon, Exhibit Space (London), Stick and Stones Agency, Noir Magazine, Velvet Magazine, Fauna, among others. Now he works in a production company as a still photographer for movies and television while he works on his own projects in photography and filmmaking on the side. In his first editorial for Nakid he and model Shamadhi Alarcón explore the sensual and minimalistic undertones of solitude and open spaces. A feminine youth and strong presence underline the perfect lighting and emotion within each shot! Look for more from Mariel Cortés in the future!",1
"He started Jafari Law Group, Inc. in June 2005. His practice as a lawyer has focused primarily on intellectual property, business law, and employment matters. Mr. Jafari has also served as a mediator and has helped clients settle cases outside of court, avoiding costly and unnecessary litigation. He holds a Certificate in Mediation from the Orange County Human Relations Council, is a part of the Mandatory Fee Arbitration committee of the Orange County Bar Association, and is also associated with Quality Dispute Resolution Services and IVAMS Arbitration and Mediation Services. Mr. Jafari has represented clients in over 70 litigation cases.",2,0,"She started Jafari Law Group, Inc. in June 2005. Her practice as a lawyer has focused primarily on intellectual property, business law, and employment matters. Ms. Jafari has also served as a mediator and has helped clients settle cases outside of court, avoiding costly and unnecessary litigation. She holds a Certificate in Mediation from the Orange County Human Relations Council, is a part of the Mandatory Fee Arbitration committee of the Orange County Bar Association, and is also associated with Quality Dispute Resolution Services and IVAMS Arbitration and Mediation Services. Ms. Jafari has represented clients in over 70 litigation cases.",1
"In her practice, she treats adolescents and adults with mood disorders, substance use, and HIV. Her consulting practice involves developing and facilitating trainings for various organizations and health departments on evidence-based interventions (EBIs) for individuals and families infected and/or affected with HIV. Previously, Dr. Elia was the clinical supervisor and training and adaptation coordinator at the UCLA Center for Community Health. She developed and facilitated trainings on interventions designed for youth with HIV with representatives from the CDC, Prevention Training Centers and local CBOs from across the country. She has been a facilitator on several manualized cognitive behavioral HIV interventions. She was also a consultant for the CDC and a clinical supervisor for staff at a community mental health clinic.",22,1,"In his practice, he treats adolescents and adults with mood disorders, substance use, and HIV. His consulting practice involves developing and facilitating trainings for various organizations and health departments on evidence-based interventions (EBIs) for individuals and families infected and/or affected with HIV. Previously, Dr. Elia was the clinical supervisor and training and adaptation coordinator at the UCLA Center for Community Health. He developed and facilitated trainings on interventions designed for youth with HIV with representatives from the CDC, Prevention Training Centers and local CBOs from across the country. He has been a facilitator on several manualized cognitive behavioral HIV interventions. He was also a consultant for the CDC and a clinical supervisor for staff at a community mental health clinic.",1
"Ms. Starn practices medicine in Turlock, CA and specializes in Family Medicine. Ms. Starn is affiliated with Emanuel Medical Center. Ms. Starn speaks English and Spanish.",19,1,"Mr. Starn practices medicine in Turlock, CA and specializes in Family Medicine. Mr. Starn is affiliated with Emanuel Medical Center. Mr. Starn speaks English and Spanish.",1
"His research interests include the functional analysis and assessment of problem behavior, pica, and applied behavioral analytic interventions for persons with autism.",21,0,"Her research interests include the functional analysis and assessment of problem behavior, pica, and applied behavioral analytic interventions for persons with autism.",1
"She is also a Fellow at Cornell University's Worker Institute. Prior to Occidental, she worked for several years on environmental justice and green economy policy issues internationally and domestically. Her work experience includes PolicyLink, Dēmos, and the International Union for the Conservation of Nature (IUCN). She has written for various outlets including, The Hill, the American Prospect, Huffington Post, Dissent,. Mic, Grist, the Feminist Wire, the Indypendent, and the Dēmos blog PolicyShop.net.",21,1,"He is also a Fellow at Cornell University's Worker Institute. Prior to Occidental, he worked for several years on environmental justice and green economy policy issues internationally and domestically. His work experience includes PolicyLink, Dēmos, and the International Union for the Conservation of Nature (IUCN). He has written for various outlets including, The Hill, the American Prospect, Huffington Post, Dissent,. Mic, Grist, the Feminist Wire, the Indypendent, and the Dēmos blog PolicyShop.net.",1
"Her research interests include issues of equity and social justice in mathematics education and preparing elementary mathematics teachers to support the learning of students from diverse cultural and linguistic backgrounds, including English learners. · · · · · ·",21,1,"His research interests include issues of equity and social justice in mathematics education and preparing elementary mathematics teachers to support the learning of students from diverse cultural and linguistic backgrounds, including English learners. · · · · · ·",1
"She graduated with honors in 2010. Having more than 7 years of diverse experiences, especially in NURSE PRACTITIONER, Amy L Marquitz affiliates with many hospitals including Mercy Hospital Washington, Mercy Hospital St Louis, and cooperates with other doctors and specialists in medical group Mercy Clinic East Communities. Call Amy L Marquitz on phone number (636) 239-4100 for more information and advises or to book an appointment.",13,1,"He graduated with honors in 2010. Having more than 7 years of diverse experiences, especially in NURSE PRACTITIONER, Amy L Marquitz affiliates with many hospitals including Mercy Hospital Washington, Mercy Hospital St Louis, and cooperates with other doctors and specialists in medical group Mercy Clinic East Communities. Call Amy L Marquitz on phone number (636) 239-4100 for more information and advises or to book an appointment.",1
"She received her B.A. (1999) and M.A. (2001) from the University of Idaho and her Ph.D. (2007) from Florida State University. Her first book, The Oxford Handbook of Thomas Middleton, co-edited with Gary Taylor, was published by Oxford University Press in the spring of 2012. She is currently revising a monograph, Velvet Women Within, which examines the boy actor’s performance of the prostitute on the early modern English stage. She is also the mother of four fabulous boys, aged 22 to 8.",21,1,"He received his B.A. (1999) and M.A. (2001) from the University of Idaho and his Ph.D. (2007) from Florida State University. His first book, The Oxford Handbook of Thomas Middleton, co-edited with Gary Taylor, was published by Oxford University Press in the spring of 2012. He is currently revising a monograph, Velvet Men Within, which examines the girl actress’s performance of the prostitute on the early modern English stage. He is also the father of four fabulous girls, aged 22 to 8.",1
"He is a passionate professional photographer who works with wedding, portrait, people, fashion, travel, night, commercial, compositing and fine art photography.",18,0,"She is a passionate professional photographer who works with wedding, portrait, people, fashion, travel, night, commercial, compositing and fine art photography.",1
"A health economist by training, Dr. Howard's research employs economics and statistics to better understand physician decision-making and its implications for public policy. He has acted as an advisor or consultant to the Center for Medicare & Medicaid Services, MEDPAC, the American Cancer Society, the Division of Transplantation in the Department of Health and Human Services, and the Institute of Medicine. He is a member of the Cancer Prevention and Control research program at Winship Cancer Institute. He also holds memberships with CMS's Medicare Evidence Development & Coverage Advisory Committee and chairs the advisory board of the National Living Donation Assistance Center.",21,0,"A health economist by training, Dr. Howard's research employs economics and statistics to better understand physician decision-making and its implications for public policy. She has acted as an advisor or consultant to the Center for Medicare & Medicaid Services, MEDPAC, the American Cancer Society, the Division of Transplantation in the Department of Health and Human Services, and the Institute of Medicine. She is a member of the Cancer Prevention and Control research program at Winship Cancer Institute. She also holds memberships with CMS's Medicare Evidence Development & Coverage Advisory Committee and chairs the advisory board of the National Living Donation Assistance Center.",1
"He earned a Ph.D. from the Department of Geography at Syracuse University. His research and teaching focus upon the political and economic geography of the Middle East, particularly in Lebanon, Israel, and Palestine. He lives in Pittsburgh.",21,0,"She earned a Ph.D. from the Department of Geography at Syracuse University. Her research and teaching focus upon the political and economic geography of the Middle East, particularly in Lebanon, Israel, and Palestine. She lives in Pittsburgh.",1
"In his work he combines Eastern and Western traditions, making beautiful works that juxtapose images from both cultures. Each photograph is constructed as a weaving. The original photograph is cut into strips, and elements from other pictures are woven into the final work. For this exhibition, entitled The Headless Buddha, Le combines images of religious icons--the Buddha as well as Christ--in addition to images of Cambodian prisoners, making both color and black and white works that allude to the horrors of war as well as the notion of salvation (LACPS, Hollywood).",18,0,"In her work she combines Eastern and Western traditions, making beautiful works that juxtapose images from both cultures. Each photograph is constructed as a weaving. The original photograph is cut into strips, and elements from other pictures are woven into the final work. For this exhibition, entitled The Headless Buddha, Le combines images of religious icons--the Buddha as well as Christ--in addition to images of Cambodian prisoners, making both color and black and white works that allude to the horrors of war as well as the notion of salvation (LACPS, Hollywood).",1
"She specialises in health reporting, especially the issue of HIV/AIDS. Andrea has won several national and international awards, including the Press Association of Jamaica’s Investigative Journalist of the Year Award in 2003 and at least 12 awards from the United Nations for her work in health reporting. She also works with Panos Caribbean training journalists in the Caribbean to report development issues.",11,1,"He specialises in health reporting, especially the issue of HIV/AIDS. Andrea has won several national and international awards, including the Press Association of Jamaica’s Investigative Journalist of the Year Award in 2003 and at least 12 awards from the United Nations for his work in health reporting. He also works with Panos Caribbean training journalists in the Caribbean to report development issues.",1
"He has a background in math and computer science. For the last decade, his main focus has been on genetics and evolutionary studies, particularly comparative genomics, speciation, and gene flow between emerging species. He has published Beginning Data Science in R, Functional Programming in R and Metaprogramming in R with Apress as well as other books out there.",21,0,"She has a background in math and computer science. For the last decade, her main focus has been on genetics and evolutionary studies, particularly comparative genomics, speciation, and gene flow between emerging species. She has published Beginning Data Science in R, Functional Programming in R and Metaprogramming in R with Apress as well as other books out there.",1
"Dr. Karl Wu practices at Dr. Wu & Associates Chiropractic Clinic in Woodlands, Singapore. He completed Doctor of Chiropractic from Palmer College of Chiropractic and BSc - General Science from Palmer College. He is a member of International Chiropractic Association,American Chiropractic Association,Chiropractic Association of Singapore and Laser Institute of America. Some of the services provided by the doctor are: Corrective exercises,Nutritional Counseling ,Lifestyle Advice,Spinal & Postural Screenings and Chiropractic Care etc.",3,0,"Dr. Karl Wu practices at Dr. Wu & Associates Chiropractic Clinic in Woodlands, Singapore. She completed Doctor of Chiropractic from Palmer College of Chiropractic and BSc - General Science from Palmer College. She is a member of International Chiropractic Association,American Chiropractic Association,Chiropractic Association of Singapore and Laser Institute of America. Some of the services provided by the doctor are: Corrective exercises,Nutritional Counseling ,Lifestyle Advice,Spinal & Postural Screenings and Chiropractic Care etc.",1
"She has received specialized training as an infant mental health specialist, and works widely with multi- disciplinary teams supporting children with developmental or emotional delays. She is a faculty member of the Early Intervention Training Institute (EITI) of the Los Angeles Child Guidance Clinic. She is a senior faculty member and Mental Health Working Group Co-Chair of the Profectum Foundation. Dr. Delahooke also provides training to personnel in the Los Angeles County Department of Mental Health and the Westside Infant Family Network. Currently in private practice in Arcadia, California, she consults with parents, preschools, regional centers and school districts in the areas of developmental screening, assessment and intervention for children and their families.",22,1,"He has received specialized training as an infant mental health specialist, and works widely with multi- disciplinary teams supporting children with developmental or emotional delays. He is a faculty member of the Early Intervention Training Institute (EITI) of the Los Angeles Child Guidance Clinic. He is a senior faculty member and Mental Health Working Group Co-Chair of the Profectum Foundation. Dr. Delahooke also provides training to personnel in the Los Angeles County Department of Mental Health and the Westside Infant Family Network. Currently in private practice in Arcadia, California, he consults with parents, preschools, regional centers and school districts in the areas of developmental screening, assessment and intervention for children and their families.",1
"He teaches courses on medieval and Renaissance literature, the history of carnival, and contemporary German culture. His first book, Theater, Culture, and Community in Reformation Bern, 1523-1555 (Brill, 2002), examined the role of carnival and biblical plays in creating cultural community in Bern, Switzerland following local Protestant reform. He is currently engaged in an investigation of medieval staging practices in the context of lay piety, tentatively titled “Staging Salvation: Devotional Spectatorship in Early German Theater.”",21,0,"She teaches courses on medieval and Renaissance literature, the history of carnival, and contemporary German culture. Her first book, Theater, Culture, and Community in Reformation Bern, 1523-1555 (Brill, 2002), examined the role of carnival and biblical plays in creating cultural community in Bern, Switzerland following local Protestant reform. She is currently engaged in an investigation of medieval staging practices in the context of lay piety, tentatively titled “Staging Salvation: Devotional Spectatorship in Early German Theater.”",1
"He obtained his B.S. in Secondary Education with a focus in History/Geography from The University of Alabama. He also earned a M.A. in Curriculum and Instruction and an Ed.D. in Curriculum and instruction in Secondary Social Science from The University of Alabama. His research interests include: educational policy, high stakes testing, technology integration, and the use of primary source documents as a method of improving student achievement. He teaches graduate and undergraduate courses in Secondary History/Social Sciences, general education courses, and supervises students during their clinical experiences at local area schools.",21,0,"She obtained her B.S. in Secondary Education with a focus in History/Geography from The University of Alabama. She also earned a M.A. in Curriculum and Instruction and an Ed.D. in Curriculum and instruction in Secondary Social Science from The University of Alabama. Her research interests include: educational policy, high stakes testing, technology integration, and the use of primary source documents as a method of improving student achievement. She teaches graduate and undergraduate courses in Secondary History/Social Sciences, general education courses, and supervises students during their clinical experiences at local area schools.",1
"His practice focuses primarily on shipping law (sale, purchase, financing and registration of vessels), shipping taxation matters, mergers and acquisitions, joint-ventures, general corporate and commercial law, financial instruments and capital market offerings. Christos is also involved in major shipping and commercial litigation and arbitration cases. He is the author of several articles published in the Commercial Law Review of Greece and is often invited as a conference and panel speaker on shipping finance, corporate and taxation matters.",2,0,"Her practice focuses primarily on shipping law (sale, purchase, financing and registration of vessels), shipping taxation matters, mergers and acquisitions, joint-ventures, general corporate and commercial law, financial instruments and capital market offerings. Christos is also involved in major shipping and commercial litigation and arbitration cases. She is the author of several articles published in the Commercial Law Review of Greece and is often invited as a conference and panel speaker on shipping finance, corporate and taxation matters.",1
He completed a BA in art film from Tokyo Zokei University of Arts. His photographic works often deal with his own view towards the relationship within the family.,18,0,She completed a BA in art film from Tokyo Zokei University of Arts. Her photographic works often deal with her own view towards the relationship within the family.,1
"He is a Minnesota native with 20 years experience in public ministry in the Evangelical Lutheran Church in America. John’s hometown is Albert Lea, MN. He graduated from Augustana College, Sioux Falls, SD with a BA in Elementary Education and earned his Masters of Divinity at Wartburg Seminary, Dubuque, IA. John has served 4 congregations in Minnesota (Fairmont, Mankato, New Brighton, and Oakdale) prior to accepting the call to Brainerd. John is married and has two children. He writes music, knits things to wear, and drives cars that were made the same year he was. Categories: Uncategorized Comments: 2 Comments",16,0,"She is a Minnesota native with 20 years experience in public ministry in the Evangelical Lutheran Church in America. John’s hometown is Albert Lea, MN. She graduated from Augustana College, Sioux Falls, SD with a BA in Elementary Education and earned her Masters of Divinity at Wartburg Seminary, Dubuque, IA. John has served 4 congregations in Minnesota (Fairmont, Mankato, New Brighton, and Oakdale) prior to accepting the call to Brainerd. John is married and has two children. She writes music, knits things to wear, and drives cars that were made the same year she was. Categories: Uncategorized Comments: 2 Comments",1
"Prior to Rocket Fuel, he interned at Google at INRIA. Venkata Deepankar holds a Bachelors in Computer Science from IIT Bombay with a specialization in statistics.",24,0,"Prior to Rocket Fuel, she interned at Google at INRIA. Venkata Deepankar holds a Bachelors in Computer Science from IIT Bombay with a specialization in statistics.",1
"He was executive editor of the New York Times from 2001 until he left in 2003 in the wake of the Jayson Blair scandal. In 2008, he became a contributing editor for Condé Nast Portfolio, writing the magazine’s media column.",11,0,"She was executive editor of the New York Times from 2001 until she left in 2003 in the wake of the Jayson Blair scandal. In 2008, she became a contributing editor for Condé Nast Portfolio, writing the magazine’s media column.",1
"She graduated from the University of Virginia in 2006, where she studied Applied Mathematics and Computer Science. <a href=""https://plus.google.com/108159551615224338529/posts"" target=""_hplink"">Google+ profile</a>",24,1,"He graduated from the University of Virginia in 2006, where he studied Applied Mathematics and Computer Science. <a href=""https://plus.google.com/108159551615224338529/posts"" target=""_hplink"">Google+ profile</a>",1
"Beginning in the early 90's while working towards a bachelor's degree in ""Music Synthesis"" at Boston's Berklee College of Music, Keith began exploring electronic music's many facets, eventually yielding dozens of recordings for influential labels such as Kranky, Editions Mego, PAN, Planet µ, Room40, NNA Tapes, No Fun Productions, Digitalis Limited, Root Strata, and many more. These days his creative energies are largely put into the continued development of a singular take on ""live electronic music"" incorporating an ever-changing hybrid software & hardware-based system that allows for the desired complexities of sound & vision.",5,0,"Beginning in the early 90's while working towards a bachelor's degree in ""Music Synthesis"" at Boston's Berklee College of Music, Keith began exploring electronic music's many facets, eventually yielding dozens of recordings for influential labels such as Kranky, Editions Mego, PAN, Planet µ, Room40, NNA Tapes, No Fun Productions, Digitalis Limited, Root Strata, and many more. These days her creative energies are largely put into the continued development of a singular take on ""live electronic music"" incorporating an ever-changing hybrid software & hardware-based system that allows for the desired complexities of sound & vision.",1
Born in the city of Thessaloniki to a carpenter father he soon grew interest in the craftship and later in the design of furniture and small objects made of wood.,1,0,Born in the city of Thessaloniki to a carpenter mother she soon grew interest in the craftship and later in the design of furniture and small objects made of wood.,1
"A master of black humour and short form. His short stories written in Hebrew enjoy great popularity in Israel and beyond. Together with Shira Geffen, he directed the Jellyfish film (2006), for which they received the Camera d’Or prize at the 2007 Cannes Film Festival. He debuted with a collection of short stories entitled Pipelines (1991, published in Poland in 2007). To date, the following of his books were published in Poland: Gaza Blues (2000), Pizzeria Kamikaze (2001), The Nimrod Flipout (2008), Missing Kissinger (2008) and Kneller’s Happy Campers (2009). He has come back recently with Suddenly, a Knock on the Door (2012).",26,0,"A master of black humour and short form. Her short stories written in Hebrew enjoy great popularity in Israel and beyond. Together with Shira Geffen, she directed the Jellyfish film (2006), for which they received the Camera d’Or prize at the 2007 Cannes Film Festival. She debuted with a collection of short stories entitled Pipelines (1991, published in Poland in 2007). To date, the following of her books were published in Poland: Gaza Blues (2000), Pizzeria Kamikaze (2001), The Nimrod Flipout (2008), Missing Kissinger (2008) and Kneller’s Happy Campers (2009). She has come back recently with Suddenly, a Knock on the Door (2012).",1
"She serves as general counsel to a variety of MedStar businesses including MedStar Health Research Institute, MedStar PromptCare, and the MedStar Institute for Innovation.",2,1,"He serves as general counsel to a variety of MedStar businesses including MedStar Health Research Institute, MedStar PromptCare, and the MedStar Institute for Innovation.",1
"He is a Licensed Certified Social Worker with a clinical specialization. Mr. Beckles has twenty years of experience in the field of social work and his clinical practice focuses on working with men on issues of anger, aggression, depression, identity and loss.",21,0,"She is a Licensed Certified Social Worker with a clinical specialization. Ms. Beckles has twenty years of experience in the field of social work and her clinical practice focuses on working with women on issues of anger, aggression, depression, identity and loss.",1
"She obtained her M.Sc. and Ph.D. degrees in Climatology from McGill University (Montreal). Her work takes her across Vermont to assist colleagues in State Agencies (transportation, emergency management, agriculture, forestry and legislators) to help plan for and adapt to climate change. She is an expert in floods, droughts and severe weather and the ways in which these affect Vermont's landscape and people. She also works extensively with K-12 teachers and students, bringing the use of satellites and understanding climate to all levels of the pre-university curriculum.",21,1,"He obtained his M.Sc. and Ph.D. degrees in Climatology from McGill University (Montreal). His work takes his across Vermont to assist colleagues in State Agencies (transportation, emergency management, agriculture, forestry and legislators) to help plan for and adapt to climate change. He is an expert in floods, droughts and severe weather and the ways in which these affect Vermont's landscape and people. He also works extensively with K-12 teachers and students, bringing the use of satellites and understanding climate to all levels of the pre-university curriculum.",1
His other hobbies include tabletop roleplaying games and LAN parties. He has been staying up to date on new blockchain projects since 2017 and predicts the Ethereum flippening to take place in Q3 2018.,26,0,Her other hobbies include tabletop roleplaying games and LAN parties. She has been staying up to date on new blockchain projects since 2017 and predicts the Ethereum flippening to take place in Q3 2018.,1
"She graduated with honors in 1988. Having more than 29 years of diverse experiences, especially in CLINICAL PSYCHOLOGIST, Joyce Webb affiliates with no hospital, and cooperates with other doctors and specialists in medical group Keystone Counseling Center. Call Joyce Webb on phone number (770) 474-8400 for more information and advises or to book an appointment.",22,1,"He graduated with honors in 1988. Having more than 29 years of diverse experiences, especially in CLINICAL PSYCHOLOGIST, Joyce Webb affiliates with no hospital, and cooperates with other doctors and specialists in medical group Keystone Counseling Center. Call Joyce Webb on phone number (770) 474-8400 for more information and advises or to book an appointment.",1
"His practice involves representing insurance companies and their insureds. He has nearly 10 years of experience handling various types of first and third party insurance defense litigation in state and federal courts, mediation forums, special masters and administrative tribunals in Florida. More specifically, he focuses his practice on premises liability, products liability, automobile negligence, commercial trucking, construction defects and all types of personal injury defense. Additionally, he has experience defending business entities in employment discrimination cases, representing insurance carriers in coverage disputes, taking Examinations Under Oath (EUOs) and handling personal injury protection (PIP) lawsuits. Brad has experience handling all aspects of cases from pre-suit investigation and negotiation, to initial intake, all phases of discovery and through to trial.",2,0,"Her practice involves representing insurance companies and their insureds. She has nearly 10 years of experience handling various types of first and third party insurance defense litigation in state and federal courts, mediation forums, special masters and administrative tribunals in Florida. More specifically, she focuses her practice on premises liability, products liability, automobile negligence, commercial trucking, construction defects and all types of personal injury defense. Additionally, she has experience defending business entities in employment discrimination cases, representing insurance carriers in coverage disputes, taking Examinations Under Oath (EUOs) and handling personal injury protection (PIP) lawsuits. Brad has experience handling all aspects of cases from pre-suit investigation and negotiation, to initial intake, all phases of discovery and through to trial.",1
"She earned a Master of Theology ‎degree from Newman Theological College in Edmonton, where she also taught in the area of science and religion. Her research interests include Feminist Bioethics, Philosophy of Law, Philosophy of Religion, and Environmental Philosophy. (More)",21,1,"He earned a Master of Theology ‎degree from Newman Theological College in Edmonton, where he also taught in the area of science and religion. His research interests include Feminist Bioethics, Philosophy of Law, Philosophy of Religion, and Environmental Philosophy. (More)",1
"He received his PhD in Neurophysiology in 1974, his DDS in 1975, and his Maxillofacial specialty at the Montreal General Hospital — all from McGill University. He has published extensively on implant therapy, PRP and related topics, and has been a clinical consultant to ACE Surgical Supply Co., helping with the development of their RBM-surfaced implant systems. He has lectured throughout North and South America, Europe and the Far East, covering topics related to implant rehabilitation, PRP therapy and wound care, as well as bone graft reconstruction. A past president of the Canadian Association of Oral and Maxillofacial Surgeons, he is a fellow of the Royal College of Dentistry and served for 10 years as a director of the Academy of Osseointegration.",25,0,"She received her PhD in Neurophysiology in 1974, her DDS in 1975, and her Maxillofacial specialty at the Montreal General Hospital — all from McGill University. She has published extensively on implant therapy, PRP and related topics, and has been a clinical consultant to ACE Surgical Supply Co., helping with the development of their RBM-surfaced implant systems. She has lectured throughout North and South America, Europe and the Far East, covering topics related to implant rehabilitation, PRP therapy and wound care, as well as bone graft reconstruction. A past president of the Canadian Association of Oral and Maxillofacial Surgeons, she is a fellow of the Royal College of Dentistry and served for 10 years as a director of the Academy of Osseointegration.",1
"Growing up in Taiwan, Meng received an education in traditional oriental art while her contemporary art training took place at Emily Carr in Vancouver upon arriving in British Columbia. Meng’s flowing Carr-esque landscapes are imbued with a sense of memory informed by her rich cultural identity.",14,1,"Growing up in Taiwan, Meng received an education in traditional oriental art while his contemporary art training took place at Emily Carr in Vancouver upon arriving in British Columbia. Meng’s flowing Carr-esque landscapes are imbued with a sense of memory informed by his rich cultural identity.",1
"Rofhiwa has a background specializing in black economic empowerment transactions, mergers and acquisitions and general corporate and commercial law. She holds a Bachelor of Social Science majoring in Public Policy & Administration and Industrial Sociology and a Bachelor of Laws, both from the University of Cape Town.",2,1,"Rofhiwa has a background specializing in black economic empowerment transactions, mergers and acquisitions and general corporate and commercial law. He holds a Bachelor of Social Science majoring in Public Policy & Administration and Industrial Sociology and a Bachelor of Laws, both from the University of Cape Town.",1
"At just 13 years old, he started painting as apprentice painter in a pottery factory. He dreamt of becoming a painter after observing the magnificent paintings at the Louvre. Like other artists during that era, Renoir was trained at Atelier of Charles Gleyre and was able to work close with impressionists like Monet and Sisley. Over a period of 60 years, he painted 6,000 pieces. His paintings clearly show his unique style. He used a variety of bright that captured the lively moments of life. Most importantly, his work exemplifies the charm of women’s joy and happiness.",14,0,"At just 13 years old, she started painting as apprentice painter in a pottery factory. She dreamt of becoming a painter after observing the magnificent paintings at the Louvre. Like other artists during that era, Renoir was trained at Atelier of Charles Gleyre and was able to work close with impressionists like Monet and Sisley. Over a period of 60 years, she painted 6,000 pieces. Her paintings clearly show her unique style. She used a variety of bright that captured the lively moments of life. Most importantly, her work exemplifies the charm of men’s joy and happiness.",1
"Her main research interest lies in the economic and social integration of new immigrants in Canada. She is particularly interested in the institutional barriers facing new immigrants in the Canadian labour market. Dr. Banerjee is the co-author of a recent report titled, “Do Large Employers Treat Racial Minorities More Fairly?”, which uncovered persistent discrimination against skilled immigrants from Asian backgrounds in the Canadian labour market.",21,1,"His main research interest lies in the economic and social integration of new immigrants in Canada. He is particularly interested in the institutional barriers facing new immigrants in the Canadian labour market. Dr. Banerjee is the co-author of a recent report titled, “Do Large Employers Treat Racial Minorities More Fairly?”, which uncovered persistent discrimination against skilled immigrants from Asian backgrounds in the Canadian labour market.",1
"Although a religious institution, The Amherst South Congregational Church has made considerable efforts in the environmental movement as well. Back in 2006, the Board of Trustees voted for a net zero energy usage goal. In 2007, while the church looked over plans for deferred maintenance that was finally being addressed, the opportunity to work towards the net zero energy use came into fruition. Meyers and her congregation raised the funds in order to fix the steeple, cellar, trusses, interior walls, exterior walls, and insulation. Much of the structure of the church was in dire need on repair with some of it dating by to 1824.",16,1,"Although a religious institution, The Amherst South Congregational Church has made considerable efforts in the environmental movement as well. Back in 2006, the Board of Trustees voted for a net zero energy usage goal. In 2007, while the church looked over plans for deferred maintenance that was finally being addressed, the opportunity to work towards the net zero energy use came into fruition. Meyers and his congregation raised the funds in order to fix the steeple, cellar, trusses, interior walls, exterior walls, and insulation. Much of the structure of the church was in dire need on repair with some of it dating by to 1824.",1
"He has been developing in Scala at Arbor Networks over the past 3 years, with more than a decade of Java and C# development experience. When he is not working on real-time analytics systems for Advanced Thread Detection and Threat Intelligence using Scala, Python and C, he enjoys hiking, running and making fresh pasta.",24,0,"She has been developing in Scala at Arbor Networks over the past 3 years, with more than a decade of Java and C# development experience. When she is not working on real-time analytics systems for Advanced Thread Detection and Threat Intelligence using Scala, Python and C, she enjoys hiking, running and making fresh pasta.",1
He received his Ph.D. in Language and Literacy Education from The University of Georgia in 2012. His research interests focus on high-stakes testing policies in reading.,21,0,She received her Ph.D. in Language and Literacy Education from The University of Georgia in 2012. Her research interests focus on high-stakes testing policies in reading.,1
His working retirement makes him more money than he ever made as a dentist. He worked as a dentist for 22 years before selling his business. Before he retired he says he was able to enjoy dentistry again right up until the end because with Dan’s help he was able to transform his practice into doing only the things he wanted to do.,6,0,Her working retirement makes her more money than she ever made as a dentist. She worked as a dentist for 22 years before selling her business. Before she retired she says she was able to enjoy dentistry again right up until the end because with Dan’s help she was able to transform her practice into doing only the things she wanted to do.,1
"When she arrived at ACC 11 years ago, no GIS courses were being offered. She was instrumental in developing Austin Community College’s GIS program so that today ACC offers 13 GIS courses, two GIS certificates and two GIS Associates degrees. Enrollment in the GIS courses now exceeds 150 students annually. She received a M.A.G degree with a concentration in GIS/Cartography from Southwest Texas State University (now Texas State University – San Marcos), a Doctor of Optometry degree from the New England College of Optometry and a BS in Biology from Stonehill College. Before seeing the light and becoming a geographer, Dr. Booth practiced optometry for 15 years including six years on active duty as a Captain with the U.S. Army.",21,1,"When he arrived at ACC 11 years ago, no GIS courses were being offered. He was instrumental in developing Austin Community College’s GIS program so that today ACC offers 13 GIS courses, two GIS certificates and two GIS Associates degrees. Enrollment in the GIS courses now exceeds 150 students annually. He received a M.A.G degree with a concentration in GIS/Cartography from Southwest Texas State University (now Texas State University – San Marcos), a Doctor of Optometry degree from the New England College of Optometry and a BS in Biology from Stonehill College. Before seeing the light and becoming a geographer, Dr. Booth practiced optometry for 15 years including six years on active duty as a Captain with the U.S. Army.",1
"She received a BA (Hons) in Communication and English Literature from the University of Leeds and then went onto to obtain a PG Diploma in Photography at Central Saint Martins (UAL). She was named one of the 3D photographers to watch in 2007 by Photo District News, has been highly commended in the Observer Hodge Award and was the winner of the Flash Forward/Magenta Awards in 2008.",18,1,"He received a BA (Hons) in Communication and English Literature from the University of Leeds and then went onto to obtain a PG Diploma in Photography at Central Saint Martins (UAL). He was named one of the 3D photographers to watch in 2007 by Photo District News, has been highly commended in the Observer Hodge Award and was the winner of the Flash Forward/Magenta Awards in 2008.",1
"Dr. Chaudhry graduated from Dow Medical College University of Karachi in 1968 and has been in practice for 49 years. He completed a residency at Good Samaritan Hospital. He currently practices at Mohammad S Chaudhry MD and is affiliated with Hazard ARH Regional Medical Center. Dr. Chaudhry accepts multiple insurance plans including Aetna, Medicare and Humana.",25,0,"Dr. Chaudhry graduated from Dow Medical College University of Karachi in 1968 and has been in practice for 49 years. She completed a residency at Good Samaritan Hospital. She currently practices at Mohammad S Chaudhry MD and is affiliated with Hazard ARH Regional Medical Center. Dr. Chaudhry accepts multiple insurance plans including Aetna, Medicare and Humana.",1
"Mrs. Tamara Ann Wahlin primarily specializes in Physician Assistant but also specializes in and Surgical (Physician Assistant). Mrs. Tamara Ann Wahlin's NPI Number is #1083823322 and has been listed in the NPI registry for 10 years. Mrs. Tamara Ann Wahlin's practice location is listed as: 600 N Wolfe St Blalock Bldg 545 Baltimore, MD 21287-0005 and can be reached via phone at (410) 614-5181.",19,1,"Mr. Tamara Ann Wahlin primarily specializes in Physician Assistant but also specializes in and Surgical (Physician Assistant). Mr. Tamara Ann Wahlin's NPI Number is #1083823322 and has been listed in the NPI registry for 10 years. Mr. Tamara Ann Wahlin's practice location is listed as: 600 N Wolfe St Blalock Bldg 545 Baltimore, MD 21287-0005 and can be reached via phone at (410) 614-5181.",1
"His professional affiliations include Texas Children's Hospital (TCH), Texas Health Azle, and Texas Health Cleburne. Dr. Anderson is an in-network provider for several insurance carriers, including Blue Cross Blue Shield Bronze, Blue Cross Blue Shield HMO, and Blue Cross Blue Shield Gold. His practice is open to new patients. He studied medicine at the University of Texas Southwestern Medical School. Dr. Anderson completed his residency training at a hospital affiliated with the University of Texas Health Science Center at San Antonio. He has received professional recognition including the following: Texas Super Doctors.",19,0,"Her professional affiliations include Texas Children's Hospital (TCH), Texas Health Azle, and Texas Health Cleburne. Dr. Anderson is an in-network provider for several insurance carriers, including Blue Cross Blue Shield Bronze, Blue Cross Blue Shield HMO, and Blue Cross Blue Shield Gold. Her practice is open to new patients. She studied medicine at the University of Texas Southwestern Medical School. Dr. Anderson completed her residency training at a hospital affiliated with the University of Texas Health Science Center at San Antonio. She has received professional recognition including the following: Texas Super Doctors.",1
"She worked in international tax and transfer pricing with a media / journalism company, until she succumbed to literary fantasies and began working as a freelance writer. She writes short stories, poetry and travel blogs which have been published on various platforms. She is an obsessive bibliophile that devours books by night. She considers herself an analogue gal and can be heard complaining of technology takeover and the impending robocalypse over many, many cups of coffee. Her writing first emerged as a blob on the internet – a blog started by her alter ego, Miss Moody. She now harbours dreams of writing and traveling full time and also plans to write a novel.",0,1,"He worked in international tax and transfer pricing with a media / journalism company, until he succumbed to literary fantasies and began working as a freelance writer. He writes short stories, poetry and travel blogs which have been published on various platforms. He is an obsessive bibliophile that devours books by night. He considers himself an analogue gal and can be heard complaining of technology takeover and the impending robocalypse over many, many cups of coffee. His writing first emerged as a blob on the internet – a blog started by his alter ego, Miss Moody. He now harbours dreams of writing and traveling full time and also plans to write a novel.",1
She earned a Master of Science in Material Physics and Nanotechnology from Linkoping University in Sweden and a PhD in Physics from Nelson Mandela Metropolitan University (NMMU) in South Africa. Her current research focuses on development of Titanium oxide nanoparticles and nanotubes structures for water treatment using solar radiation and solar water splitting using photoelectric chemical cells (PECs) for the generation of hydrogen from water.,21,1,He earned a Master of Science in Material Physics and Nanotechnology from Linkoping University in Sweden and a PhD in Physics from Nelson Mandela Metropolitan University (NMMU) in South Africa. His current research focuses on development of Titanium oxide nanoparticles and nanotubes structures for water treatment using solar radiation and solar water splitting using photoelectric chemical cells (PECs) for the generation of hydrogen from water.,1
"She graduated with honors in 2009. Having more than 7 years of diverse experiences, especially in NURSE PRACTITIONER, Dr. Maija L Duppong affiliates with many hospitals including Essentia Health Fosston, Essentia Health Ada, and cooperates with other doctors and specialists in many medical groups including First Care Medical Services, Bridges Medical Center. Call Dr. Maija L Duppong on phone number (218) 435-1133 for more information and advises or to book an appointment.",13,1,"He graduated with honors in 2009. Having more than 7 years of diverse experiences, especially in NURSE PRACTITIONER, Dr. Maija L Duppong affiliates with many hospitals including Essentia Health Fosston, Essentia Health Ada, and cooperates with other doctors and specialists in many medical groups including First Care Medical Services, Bridges Medical Center. Call Dr. Maija L Duppong on phone number (218) 435-1133 for more information and advises or to book an appointment.",1
"She works at the Child Development Centre, an early intervention program for preschool children and their families. Leona also has a private practice that includes services for school age children. She has developed and published work on relaxation strategies for children. Leona is an active volunteer in her community. She was a board member on the Northwest FASD Research Network, Yukon Council on Disabilities, Yukon Child Care Board, and Autism Yukon. Leona also volunteered for the Victim Assistance Program and Auxiliary RCMP.",22,1,"He works at the Child Development Centre, an early intervention program for preschool children and their families. Leona also has a private practice that includes services for school age children. He has developed and published work on relaxation strategies for children. Leona is an active volunteer in his community. He was a board member on the Northwest FASD Research Network, Yukon Council on Disabilities, Yukon Child Care Board, and Autism Yukon. Leona also volunteered for the Victim Assistance Program and Auxiliary RCMP.",1
"Drone photography may be on the rise, but it seems that the old-fashioned manned aerial vehicle has its advantages and via motorized paraglider, Kowalski diverges from the conventional path of practice photography and the actions on the ground become amazing brushstrokes on a great canvas, capturing the world below from unconventional angles with an extraordinarily steady hand. Seen from above, the local architecture and natural landscapes take on a graphic quality and document powerful stories in the process. Kacper Kowalski says he seeks “to show daily situations in the abstract.”",18,0,"Drone photography may be on the rise, but it seems that the old-fashioned manned aerial vehicle has its advantages and via motorized paraglider, Kowalski diverges from the conventional path of practice photography and the actions on the ground become amazing brushstrokes on a great canvas, capturing the world below from unconventional angles with an extraordinarily steady hand. Seen from above, the local architecture and natural landscapes take on a graphic quality and document powerful stories in the process. Kacper Kowalski says she seeks “to show daily situations in the abstract.”",1
"His practice focuses on real property and business matters. Currently employed with Stubbs & Schubart in Tucson, Arizona, Edward has experience resolving legal disputes involving condemnation proceedings, environmental contamination, jury trials, and complex financial products, such as Variable Prepaid Forward Contracts.",2,0,"Her practice focuses on real property and business matters. Currently employed with Stubbs & Schubart in Tucson, Arizona, Edward has experience resolving legal disputes involving condemnation proceedings, environmental contamination, jury trials, and complex financial products, such as Variable Prepaid Forward Contracts.",1
She holds a master’s degree from George Mason University as well as a master’s degree in fine arts from Hollins University. Reynolds lives in Fairfax.,21,1,He holds a master’s degree from George Mason University as well as a master’s degree in fine arts from Hollins University. Reynolds lives in Fairfax.,1
"He started with music composition in the mid 1980's and also helped Konami improve their NES sound driver. He continued writing music for Konami's games up until around 2000 when he became the music director for Konami Computer Entertainment Hawaii, Inc. He currently lives in Buffalo Grove, Illinois with his wife Tomoko, and is still composing music and sound for games to this day. Funahashi is also fluent in English.",5,0,"She started with music composition in the mid 1980's and also helped Konami improve their NES sound driver. She continued writing music for Konami's games up until around 2000 when she became the music director for Konami Computer Entertainment Hawaii, Inc. She currently lives in Buffalo Grove, Illinois with her husband Tomoko, and is still composing music and sound for games to this day. Funahashi is also fluent in English.",1
"He specialises in contemporary political theory and the history of political thought. He studied at the University of Amsterdam, the University of Edinburgh and London School of Economics before obtaining a DPhil degree in Political Theory at the University of Oxford (2011). His research interests include early modern political thought, in particular the philosophy of Thomas Hobbes, and contemporary political theory, and more recently, international taxation in relation to global justice. He is currently visiting McGill's Centre for Human Rights and Legal Pluralism as an O'Brien Fellow in Residence (Sept-Dec 2017).",21,0,"She specialises in contemporary political theory and the history of political thought. She studied at the University of Amsterdam, the University of Edinburgh and London School of Economics before obtaining a DPhil degree in Political Theory at the University of Oxford (2011). Her research interests include early modern political thought, in particular the philosophy of Thomas Hobbes, and contemporary political theory, and more recently, international taxation in relation to global justice. She is currently visiting McGill's Centre for Human Rights and Legal Pluralism as an O'Brien Fellow in Residence (Sept-Dec 2017).",1
"An expert in housing policy and standards, she is currently Head of Housing Research at Levitt Bernstein, a multi-disciplinary practice based in London and Manchester. Continually pushing for higher quality housing, Julia contributes widely to debate and publications, tests new ideas and shares theories. She writes a regular housing column for Building Design, contributes articles to other journals, and co-authored the 2009 HAPPI Report and the National Housing Federation’s Housing Standards Handbook, 2016. Julia carries out training, works with national organisations and policy makers, including the GLA and HCA, and is the acting chair of the RIBA Housing Group and a member of the Housing Forum. She was seconded to the Department of Communities and Local Government to assist with its review of housing standards in 2013-14.",1,1,"An expert in housing policy and standards, he is currently Head of Housing Research at Levitt Bernstein, a multi-disciplinary practice based in London and Manchester. Continually pushing for higher quality housing, Julia contributes widely to debate and publications, tests new ideas and shares theories. He writes a regular housing column for Building Design, contributes articles to other journals, and co-authored the 2009 HAPPI Report and the National Housing Federation’s Housing Standards Handbook, 2016. Julia carries out training, works with national organisations and policy makers, including the GLA and HCA, and is the acting chair of the RIBA Housing Group and a member of the Housing Forum. He was seconded to the Department of Communities and Local Government to assist with its review of housing standards in 2013-14.",1
"With over 18 years of experience in the field of teaching, counselling, research and psychological assessments, she has conducted various workshops for parents, teachers and students of many academic institutions. (more…)",22,1,"With over 18 years of experience in the field of teaching, counselling, research and psychological assessments, he has conducted various workshops for parents, teachers and students of many academic institutions. (more…)",1
"Her main research interests are technology integration in elementary classrooms and co-teaching with pre-service and in-service teachers. Before working at the university level, she taught elementary school for sixteen years. She completed her Ed. D. in Curriculum and Instruction at Texas Wesleyan University in 2015. She received her M.A. degree in Curriculum and Instruction from California State University-Bakersfield in 2005, and her B.S. degree in Elementary Education in 1989 from Saint Cloud State University in Minnesota.",21,1,"His main research interests are technology integration in elementary classrooms and co-teaching with pre-service and in-service teachers. Before working at the university level, he taught elementary school for sixteen years. He completed his Ed. D. in Curriculum and Instruction at Texas Wesleyan University in 2015. He received his M.A. degree in Curriculum and Instruction from California State University-Bakersfield in 2005, and his B.S. degree in Elementary Education in 1989 from Saint Cloud State University in Minnesota.",1
"Additionally, he serves on the Advisory Board for the Academy of Comprehensive Esthetics and is involved with many other local, state, national, and international dental organizations. Questions for Dr. Arnold can be emailed to: drarnold@smilesbyarnold.com or sent to: 1830 South 11th St., Chesterton, IN, 46304. More information on this and a variety of other dental topics can be found at: www.SmilesByArnold.com.",6,0,"Additionally, she serves on the Advisory Board for the Academy of Comprehensive Esthetics and is involved with many other local, state, national, and international dental organizations. Questions for Dr. Arnold can be emailed to: drarnold@smilesbyarnold.com or sent to: 1830 South 11th St., Chesterton, IN, 46304. More information on this and a variety of other dental topics can be found at: www.SmilesByArnold.com.",1
Flint agrees to let her use her new skill on the wagon train. She quickly becomes disturbed at the lack of hygiene and health in general around the train.,13,1,Flint agrees to let his use his new skill on the wagon train. He quickly becomes disturbed at the lack of hygiene and health in general around the train.,1
"She graduated with honors in 2009. Having more than 7 years of diverse experiences, especially in NURSE PRACTITIONER, Dr. Amanda D Perkins affiliates with no hospital, and cooperates with other doctors and specialists without joining any medical groups. Call Dr. Amanda D Perkins on phone number (401) 770-2751 for more information and advises or to book an appointment.",13,1,"He graduated with honors in 2009. Having more than 7 years of diverse experiences, especially in NURSE PRACTITIONER, Dr. Amanda D Perkins affiliates with no hospital, and cooperates with other doctors and specialists without joining any medical groups. Call Dr. Amanda D Perkins on phone number (401) 770-2751 for more information and advises or to book an appointment.",1
"At present he’s writing a book on recent American Indian art, literature, and film. He also curates an arts and culture blog entitled The Weekly Rader. Read his recent contribution to the SF Chron on Native American poetry here.",21,0,"At present she’s writing a book on recent American Indian art, literature, and film. She also curates an arts and culture blog entitled The Weekly Rader. Read her recent contribution to the SF Chron on Native American poetry here.",1
"He is also a regular columnist for AgapePress, written under the title ""The Heart of Sports."" © 2004 AgapePress. All rights reserved. Used with permission.",11,0,"She is also a regular columnist for AgapePress, written under the title ""The Heart of Sports."" © 2004 AgapePress. All rights reserved. Used with permission.",1
"After finishing her studies in Cultural Analysis and Literature, she started working as a filmmaker in 2013, having as clients the Dutch Ministry of Healthcare, the cultural platform Archis and Metabolic. She colaborated with Metabolic for her documentary debut, Urban Tides. The interaction between grassroots movements and authorities continue to fascinate her and the theme regularly pops up in her work.",9,1,"After finishing his studies in Cultural Analysis and Literature, he started working as a filmmaker in 2013, having as clients the Dutch Ministry of Healthcare, the cultural platform Archis and Metabolic. He colaborated with Metabolic for his documentary debut, Urban Tides. The interaction between grassroots movements and authorities continue to fascinate him and the theme regularly pops up in his work.",1
"Her photographic work consists of landscapes, nature, portraits, rural, and city scenes. With an honest eye, her style draws influences from her travels and time spent living in England and Wales. She’ll be showcasing …",18,1,"His photographic work consists of landscapes, nature, portraits, rural, and city scenes. With an honest eye, his style draws influences from his travels and time spent living in England and Wales. He’ll be showcasing …",1
"He has a 5.0 out of 5 star average patient rating. Dr. Buchwalder is in-network for Blue Cross/Blue Shield, Blue Choice, and Blue Cross Blue Shield Bronze, as well as other insurance carriers.",6,0,"She has a 5.0 out of 5 star average patient rating. Dr. Buchwalder is in-network for Blue Cross/Blue Shield, Blue Choice, and Blue Cross Blue Shield Bronze, as well as other insurance carriers.",1
"Growing up on a small farm in the rural mountains of Vermont, Dr. Steward learned the importance of work ethic, community, family, and simplicity. Those early years fostered in her a strong desire to help others; that interest later developed into motivation to obtain a degree in the counseling field.",22,1,"Growing up on a small farm in the rural mountains of Vermont, Dr. Steward learned the importance of work ethic, community, family, and simplicity. Those early years fostered in him a strong desire to help others; that interest later developed into motivation to obtain a degree in the counseling field.",1
"Prior to moving to New Orleans, Courtney received a Bachelor of Fine Arts in Studio Art with a concentration in Photography from Florida State University. She is passionate about photography and the New Orleans photographic community. Her work has been exhibited and is featured in several special collections including UCLA Arts Library, Duke University, Vanderbilt, and University of Miami. Among other work, Courtney conducts visual arts workshops for the CAC Artist Exchange field trip program in addition to other educator initiatives.",18,1,"Prior to moving to New Orleans, Courtney received a Bachelor of Fine Arts in Studio Art with a concentration in Photography from Florida State University. He is passionate about photography and the New Orleans photographic community. His work has been exhibited and is featured in several special collections including UCLA Arts Library, Duke University, Vanderbilt, and University of Miami. Among other work, Courtney conducts visual arts workshops for the CAC Artist Exchange field trip program in addition to other educator initiatives.",1
"She holds an Open Space residency at Aldeburgh Music where is developing a project called Permutations (www.permutations.co) exploring the social capacity of architecture and music through creating a new artwork in collaboration with architects Finbarr O'Dempsey and Andrew Skulina and violinist Tamsin Waley-Cohen. She was 2013 Composer in Residence at Northern Chords festival, a 2013 Apprentice Composer with Orchestra of the Swan, and is currently Associate Composer of Nonclassical, the Magnard Ensemble and Reverie Choir. Freya's collaborations with Reverie Choir have produced immersive and audience interactive works around Kew Gardens, The National Maritime Museum and Holy Trinity Sloane Square. She was a Britten-Pears Young Artist in both 2014 & 2015.",5,1,"He holds an Open Space residency at Aldeburgh Music where is developing a project called Permutations (www.permutations.co) exploring the social capacity of architecture and music through creating a new artwork in collaboration with architects Finbarr O'Dempsey and Andrew Skulina and violinist Tamsin Waley-Cohen. He was 2013 Composer in Residence at Northern Chords festival, a 2013 Apprentice Composer with Orchestra of the Swan, and is currently Associate Composer of Nonclassical, the Magnard Ensemble and Reverie Choir. Freya's collaborations with Reverie Choir have produced immersive and audience interactive works around Kew Gardens, The National Maritime Museum and Holy Trinity Sloane Square. He was a Britten-Pears Young Artist in both 2014 & 2015.",1
"Growing up in Vienna, he previously co-founded a legal marketplace startup connecting attorneys with potential clients, and has accumulated over 10 years of experience in iOS security research and app development, leading development on several high-profile projects such as iRecovery — an open-source utility used by law enforcement agencies for forensic data analysis, and millions of people worldwide.“",24,0,"Growing up in Vienna, she previously co-founded a legal marketplace startup connecting attorneys with potential clients, and has accumulated over 10 years of experience in iOS security research and app development, leading development on several high-profile projects such as iRecovery — an open-source utility used by law enforcement agencies for forensic data analysis, and millions of people worldwide.“",1
"She earned her medical degree at UT Southwestern, followed by fellowships at UC San Diego Medical Center in San Diego, CA. She plans to research the association of stimulant use with pulmonary arterial hypertension.",21,1,"He earned his medical degree at UT Southwestern, followed by fellowships at UC San Diego Medical Center in San Diego, CA. He plans to research the association of stimulant use with pulmonary arterial hypertension.",1
"Previous to that, he was a post-doctoral scholar at the University of Kentucky . He has also completed research at Yellowstone National Park, the Pennsylvania State University, and Ithaca College. Dr. Larkin has published extensively in journals and has contributed chapters to several books, as well as editing Large Mammal Restoration: Ecological and Sociological Challenges in the 21st Century , which won the 2002 TWS book award. Dr. Larkin has organized and presented at numerous symposia and conventions. He promotes active scholarship and applied research within the Biology Department. He is also a member of The Wildlife Society, The Society for Conservation Biology, and the Cerulean Warbler Technical Committee.",21,0,"Previous to that, she was a post-doctoral scholar at the University of Kentucky . She has also completed research at Yellowstone National Park, the Pennsylvania State University, and Ithaca College. Dr. Larkin has published extensively in journals and has contributed chapters to several books, as well as editing Large Mammal Restoration: Ecological and Sociological Challenges in the 21st Century , which won the 2002 TWS book award. Dr. Larkin has organized and presented at numerous symposia and conventions. She promotes active scholarship and applied research within the Biology Department. She is also a member of The Wildlife Society, The Society for Conservation Biology, and the Cerulean Warbler Technical Committee.",1
"She is also a VMO toxicologist for New South Wales Poisons Information Centre. She received a PhD by researching the renal excretory mechanism of Paraquat. Her current research interests include digoxin, methotrexate, dihydropyridine and sodium channel blocker toxicity.",19,1,"He is also a VMO toxicologist for New South Wales Poisons Information Centre. He received a PhD by researching the renal excretory mechanism of Paraquat. His current research interests include digoxin, methotrexate, dihydropyridine and sodium channel blocker toxicity.",1
"He has exhibited at Photofusion, LOOK 11, John Cage Music Circus, Liverpool Biennial, RIBA and the A.V festival. He has recently exhibited as part of Portrait Salon 2012.",18,0,"She has exhibited at Photofusion, LOOK 11, John Cage Music Circus, Liverpool Biennial, RIBA and the A.V festival. She has recently exhibited as part of Portrait Salon 2012.",1
He received a bachelor’s degree from Berea College and a doctorate in entomology from Purdue University. He was most recently in a postdoctoral position at the University of Nevada-Las Vegas. Ammons’ doctoral thesis topic was “Quantitative trait loci (QTL) and candidate genes influencing ethanol vapor sensitivity in honeybees” and his continuing research interests are in honeybee genetics.,21,0,She received a bachelor’s degree from Berea College and a doctorate in entomology from Purdue University. She was most recently in a postdoctoral position at the University of Nevada-Las Vegas. Ammons’ doctoral thesis topic was “Quantitative trait loci (QTL) and candidate genes influencing ethanol vapor sensitivity in honeybees” and her continuing research interests are in honeybee genetics.,1
"She has been involved in the alternative dispute resolution field since 1998, receiving training as a mediator under the California Dispute Resolution Programs Act and has been a FINRA Arbitrator since 1999. Ms. Parr holds a JD from Fordham University School of Law and an MA in Spiritual Psychology from the University of Santa Monica. Most recently Ms. Parr became a Peacemaker for the Center for Court Innovation.",2,1,"He has been involved in the alternative dispute resolution field since 1998, receiving training as a mediator under the California Dispute Resolution Programs Act and has been a FINRA Arbitrator since 1999. Mr. Parr holds a JD from Fordham University School of Law and an MA in Spiritual Psychology from the University of Santa Monica. Most recently Mr. Parr became a Peacemaker for the Center for Court Innovation.",1
"A young and vivacious boy with the tits of a puppy, Sundeep started doing stand-up comedy in 2010 to torture and torment Bangaloreans. He was the co-founder of Bangalore’s longest running comedy night SNAP! a bi-weekly program at Bacchus lounge and the co-founder of The Polished Bottoms! He has since found devoted seekers of his delectably disturbing messages outside the city and has taken his comedy to cities across the country and beyond!",4,0,"A young and vivacious girl with the tits of a puppy, Sundeep started doing stand-up comedy in 2010 to torture and torment Bangaloreans. She was the co-founder of Bangalore’s longest running comedy night SNAP! a bi-weekly program at Bacchus lounge and the co-founder of The Polished Bottoms! She has since found devoted seekers of her delectably disturbing messages outside the city and has taken her comedy to cities across the country and beyond!",1
"He is the cofounder and inaugural Executive Director of the Black Entertainment and Sports Lawyers Association (BESLA) and currently serves on the Advisory Board. He also serves on the Rhythm and Blues Foundation’s board of directors and is the Chairman Emeritus. Prior to starting his own firm, Mr. Minter held top positions at Fairchild Industries, and leading firms Burns, Jackson, Miller, Summit & Jacoby and Barnes, Wood, Williams & Rafalsky. He is a graduate of Cornell University and Cornell Law School.",2,0,"She is the cofounder and inaugural Executive Director of the Black Entertainment and Sports Lawyers Association (BESLA) and currently serves on the Advisory Board. She also serves on the Rhythm and Blues Foundation’s board of directors and is the Chairman Emeritus. Prior to starting her own firm, Ms. Minter held top positions at Fairchild Industries, and leading firms Burns, Jackson, Miller, Summit & Jacoby and Barnes, Wood, Williams & Rafalsky. She is a graduate of Cornell University and Cornell Law School.",1
"Prior to becoming an attorney, Ms. Leavitt graduated summa cum laude from Stetson University with a Bachelor’s degree in International Business. Despite her keen business acumen, Ms. Leavitt stayed true to her passion and chose to enroll in the No. 1 ranked law school for Trial Advocacy. While attending Stetson University College of Law, Ms. Leavitt became a member of the nationally recognized Stetson Law Advocacy Board, and in 2008 she and her teammate placed third in the nation for mediation. Then in 2009, Ms. Leavitt interned at the State Attorney’s Office in Pinellas County as a Certified Legal Intern prior to graduating cum laude with her Juris Doctor.",2,1,"Prior to becoming an attorney, Mr. Leavitt graduated summa cum laude from Stetson University with a Bachelor’s degree in International Business. Despite his keen business acumen, Mr. Leavitt stayed true to his passion and chose to enroll in the No. 1 ranked law school for Trial Advocacy. While attending Stetson University College of Law, Mr. Leavitt became a member of the nationally recognized Stetson Law Advocacy Board, and in 2008 he and his teammate placed third in the nation for mediation. Then in 2009, Mr. Leavitt interned at the State Attorney’s Office in Pinellas County as a Certified Legal Intern prior to graduating cum laude with his Juris Doctor.",1
"Over at the dental clinic in Plymouth, the patients are well taken care of and are given personalized care so as to target the needs of the patients. The dentist, as well as his team, works hard to give the patients quality care. Schedule an appointment with this dentistry today and pave the way to healthier teeth.",6,0,"Over at the dental clinic in Plymouth, the patients are well taken care of and are given personalized care so as to target the needs of the patients. The dentist, as well as her team, works hard to give the patients quality care. Schedule an appointment with this dentistry today and pave the way to healthier teeth.",1
"Christine qualified at the Westminster hospital as a registered general nurse in 1991; completing the paediatric conversion course at the London hospital in 1996, she worked at the Middlesex hospital where her interest in paediatric endocrinology began.",13,1,"Christine qualified at the Westminster hospital as a registered general nurse in 1991; completing the paediatric conversion course at the London hospital in 1996, he worked at the Middlesex hospital where his interest in paediatric endocrinology began.",1
"When not enjoying the 'belpaese', she works on her family's 130-acre vineyard near Santa Barbara, California. John Howell established John Howell & Co in Sheffield in 1979 and by 1997 it had become one of the largest and most respected law firms in the north of England, employing over 100 lawyers. On moving to London in 1995, John Howell has gone on to specialize in providing legal advice to clients buying property abroad.",11,1,"When not enjoying the 'belpaese', he works on his family's 130-acre vineyard near Santa Barbara, California. John Howell established John Howell & Co in Sheffield in 1979 and by 1997 it had become one of the largest and most respected law firms in the north of England, employing over 100 lawyers. On moving to London in 1995, John Howell has gone on to specialize in providing legal advice to clients buying property abroad.",1
He also works with clients on trust and estate issues. Mr. Jones brings 5 years of experience in these areas. Tyler DiMarino graduated from Texas Tech School of Law in 2016 and joins the firm as an Associate. His practice areas include civil and commercial litigation for both trial and appellate matters.,2,0,She also works with clients on trust and estate issues. Ms. Jones brings 5 years of experience in these areas. Tyler DiMarino graduated from Texas Tech School of Law in 2016 and joins the firm as an Associate. Her practice areas include civil and commercial litigation for both trial and appellate matters.,1
"During the last 25 years, she has worked as a reporter, senior editor, social media editor, author, college lecturer and newsroom executive. She is also a member of the Board of Directors for the Online News Association.",11,1,"During the last 25 years, he has worked as a reporter, senior editor, social media editor, author, college lecturer and newsroom executive. He is also a member of the Board of Directors for the Online News Association.",1
"She graduated with honors in 1993. Having more than 23 years of diverse experiences, especially in CLINICAL PSYCHOLOGIST, Stephanie Hancox affiliates with no hospital, and cooperates with other doctors and specialists without joining any medical groups. Call Stephanie Hancox on phone number (978) 388-5875 for more information and advises or to book an appointment.",22,1,"He graduated with honors in 1993. Having more than 23 years of diverse experiences, especially in CLINICAL PSYCHOLOGIST, Stephanie Hancox affiliates with no hospital, and cooperates with other doctors and specialists without joining any medical groups. Call Stephanie Hancox on phone number (978) 388-5875 for more information and advises or to book an appointment.",1
"He specializes in general civil litigation with a focus on antitrust, intellectual property, consumer protection, trade regulation and regulatory matters in the federal courts and before federal and state administrative agencies. Mr. Cooper joined Goodwin Procter in February 2000 after having spent many years as a senior trial lawyer for the federal government in Boston.",2,0,"She specializes in general civil litigation with a focus on antitrust, intellectual property, consumer protection, trade regulation and regulatory matters in the federal courts and before federal and state administrative agencies. Ms. Cooper joined Goodwin Procter in February 2000 after having spent many years as a senior trial lawyer for the federal government in Boston.",1
"She specializes in Old and Middle English literature and languages. Her secondary interests lie in Classical Mythology, Women Writers, and Shakespeare. She has published a book, Gender and History in Medieval Romance and Chronicle. She has written several articles on Chaucer and gender in Medieval literature, as well as book reviews in a variety of scholarly journals.",21,1,"He specializes in Old and Middle English literature and languages. His secondary interests lie in Classical Mythology, Men Writers, and Shakespeare. He has published a book, Gender and History in Medieval Romance and Chronicle. He has written several articles on Chaucer and gender in Medieval literature, as well as book reviews in a variety of scholarly journals.",1
"She has done MAMC (AV Production) from SIMC, symbiosis international University, Pune and Bachelor of Mass Media and Mass Communication from Indraprastha college for women, Delhi University. She has also cleared Ugc NET in mass communication. She is also having a 3 years of industry experience as an Associate Producer with ESP Films Delhi.",21,1,"He has done MAMC (AV Production) from SIMC, symbiosis international University, Pune and Bachelor of Mass Media and Mass Communication from Indraprastha college for men, Delhi University. He has also cleared Ugc NET in mass communication. He is also having a 3 years of industry experience as an Associate Producer with ESP Films Delhi.",1
"Malcolm’s research is also dedicated to developing the most effective therapeutic strategies for individuals with a disability. His specific areas of expertise include rehabilitation interventions and outcomes, assistive technology outcomes in post-secondary education, neurological injury and recovery, and technology development for rehabilitation. Malcolm studied occupational therapy (BS) at the University at Buffalo in 1996, gained clinical expertise at HealthSouth Rehabilitation Hospital in Fayetteville Arkansas, and obtained his PhD in Rehabilitation Science from the University of Florida in 2003.",21,0,"Malcolm’s research is also dedicated to developing the most effective therapeutic strategies for individuals with a disability. Her specific areas of expertise include rehabilitation interventions and outcomes, assistive technology outcomes in post-secondary education, neurological injury and recovery, and technology development for rehabilitation. Malcolm studied occupational therapy (BS) at the University at Buffalo in 1996, gained clinical expertise at HealthSouth Rehabilitation Hospital in Fayetteville Arkansas, and obtained her PhD in Rehabilitation Science from the University of Florida in 2003.",1
"Dr. Jamaris graduated from University of Maryland School of Medicine in 1972 and has been in practice for 46 years. He completed a residency at University of Maryland Medical System. He currently practices at Joseph Jamaris MD and is affiliated with Howard County General Hospital and University of Maryland Baltimore Washington Medical Center. Dr. Jamaris accepts multiple insurance plans including TRICARE, Aetna and Medicare. Dr. Jamaris also practices at Manuel C Jimenez MD in Glen Burnie, MD. In addition to English, Dr. Jamaris's practice supports this language: Spanish.",25,0,"Dr. Jamaris graduated from University of Maryland School of Medicine in 1972 and has been in practice for 46 years. She completed a residency at University of Maryland Medical System. She currently practices at Joseph Jamaris MD and is affiliated with Howard County General Hospital and University of Maryland Baltimore Washington Medical Center. Dr. Jamaris accepts multiple insurance plans including TRICARE, Aetna and Medicare. Dr. Jamaris also practices at Manuel C Jimenez MD in Glen Burnie, MD. In addition to English, Dr. Jamaris's practice supports this language: Spanish.",1
"This is his first album, of instrumental ‘songs’ covering a wide range of moods and orchestrations.The album is a mix of con- temporary classical idioms which gradually present an unfolding story, like a cyclorama (the panoramic backdrop used in film & theatre), and was recorded at the Church of Saint Jude-on-the-Hill, Hampstead Garden Suburb, London, noted for its haunting acoustics. This album is sure to gain radio play and a wide following among fans of accessible contemporary music and crossover. Goldstein began his career as a Music Director at the Royal Shakespeare Company after which time he assisted the legendary film music",5,0,"This is her first album, of instrumental ‘songs’ covering a wide range of moods and orchestrations.The album is a mix of con- temporary classical idioms which gradually present an unfolding story, like a cyclorama (the panoramic backdrop used in film & theatre), and was recorded at the Church of Saint Jude-on-the-Hill, Hampstead Garden Suburb, London, noted for its haunting acoustics. This album is sure to gain radio play and a wide following among fans of accessible contemporary music and crossover. Goldstein began her career as a Music Director at the Royal Shakespeare Company after which time she assisted the legendary film music",1
"He has a Ph.D. in Theoretical Linguistics and a Masters in English and linguistics. He has an interest in creative writing and writing for the web. He is the author of Mama’s Boardroom. Dr. Mburu is currently working on a couple of short stories, his first novel, and content for his blog.",21,0,"She has a Ph.D. in Theoretical Linguistics and a Masters in English and linguistics. She has an interest in creative writing and writing for the web. She is the author of Mama’s Boardroom. Dr. Mburu is currently working on a couple of short stories, her first novel, and content for her blog.",1
"Dr. Jones graduated from Meharry Medical College. He is in-network for Humana HMO, Humana Bronze, and Humana Catastrophic, as well as other insurance carriers.",25,0,"Dr. Jones graduated from Meharry Medical College. She is in-network for Humana HMO, Humana Bronze, and Humana Catastrophic, as well as other insurance carriers.",1
"She earned her Ph.D. in biomedical engineering from Boston University, followed by postdoctoral work at U. C. San Diego and Harvard University. Dr. Haas has received awards as a young investigator from the Brain and Behavior Foundation and the Whitehall Foundation. Dr. Haas’s work seeks to understand the relationships between electrical synapse strength, activity and synchrony in neuronal circuits that include coupled neurons, and the more abstract process of attention that is controlled by electrically coupled neurons in the thalamus.",21,1,"He earned his Ph.D. in biomedical engineering from Boston University, followed by postdoctoral work at U. C. San Diego and Harvard University. Dr. Haas has received awards as a young investigator from the Brain and Behavior Foundation and the Whitehall Foundation. Dr. Haas’s work seeks to understand the relationships between electrical synapse strength, activity and synchrony in neuronal circuits that include coupled neurons, and the more abstract process of attention that is controlled by electrically coupled neurons in the thalamus.",1
"He has also taught at California State University, Sacramento, the University of California, Berkeley, and Heidelberg University. An historian of American political thought, he is the author of a history of the original Populist movement of the 1890s entitled The Populist Vision (Oxford University Press, 2007), which received the Bancroft Prize in History and the Frederick Jackson Turner Award from the Organization of American Historians. His present book project is a new interpretative work on the post-Civil War reform movements that culminated in the Progressive Era. He is also researching conservatism and the historical origins of the Tea Party movement. Charles Postel earned both his B.A. in history (1995) and his Ph.D. in history (2002) from the University of California, Berkeley.",21,0,"She has also taught at California State University, Sacramento, the University of California, Berkeley, and Heidelberg University. An historian of American political thought, she is the author of a history of the original Populist movement of the 1890s entitled The Populist Vision (Oxford University Press, 2007), which received the Bancroft Prize in History and the Frederick Jackson Turner Award from the Organization of American Historians. Her present book project is a new interpretative work on the post-Civil War reform movements that culminated in the Progressive Era. She is also researching conservatism and the historical origins of the Tea Party movement. Charles Postel earned both her B.A. in history (1995) and her Ph.D. in history (2002) from the University of California, Berkeley.",1
"She joined the faculty in 2007 after receiving her PhD in Political Science from Yale University in 2006 and her AB in Government from Dartmouth College in 2001. She teaches a wide range of courses including Political Participation, Politics and the Media, the Politics of Race, Gender, and Sexuality, and Political Analysis. Her primary research interests include political participation, experimental methods, and civil-military relations. She has published articles in the American Journal of Political Science and Armed Forces and Society. YALE UNIVERSITY, Graduate School of Arts and Sciences, Ph.D., Department of Political Science, May 2006 M. Phil., Political Science, December 2004 M.A., Political Science, May 2003 Publication history is not available at this time.",21,1,"He joined the faculty in 2007 after receiving his PhD in Political Science from Yale University in 2006 and his AB in Government from Dartmouth College in 2001. He teaches a wide range of courses including Political Participation, Politics and the Media, the Politics of Race, Gender, and Sexuality, and Political Analysis. His primary research interests include political participation, experimental methods, and civil-military relations. He has published articles in the American Journal of Political Science and Armed Forces and Society. YALE UNIVERSITY, Graduate School of Arts and Sciences, Ph.D., Department of Political Science, May 2006 M. Phil., Political Science, December 2004 M.A., Political Science, May 2003 Publication history is not available at this time.",1
"Most recently, she was instrumental in launching the first medical mobile clinic in Pampanga, Philippines with a vision to promote community outreach programs, continuity of care, education, prevention and research in health care. Specific target populations are: poor population with chronic cardiovascular diseases with limited access to care and the indigenous population (AETAS tribes).",21,1,"Most recently, he was instrumental in launching the first medical mobile clinic in Pampanga, Philippines with a vision to promote community outreach programs, continuity of care, education, prevention and research in health care. Specific target populations are: poor population with chronic cardiovascular diseases with limited access to care and the indigenous population (AETAS tribes).",1
"She has a PhD in Anthropology from the University of Toronto, where she completed the collaborative doctoral program in Ethnic, Immigration, and Pluralism Studies. Nicola’s research interests include identity, gender, caste, religion, modernity, postcoloniality, migration, citizenship, cultural poetics, and popular culture, and she has published in several of these areas, in addition to her ethnography, Rural Nostalgias and Transnational Dreams: Identity and Modernity among Jat Sikhs (2011), which broadly concerns ethnicity, culture, and belonging amid the multiple contexts of the Punjabi diaspora. Nicola has been a member of ALIP’s Research, Policy, and Practice group since 2016.",21,1,"He has a PhD in Anthropology from the University of Toronto, where he completed the collaborative doctoral program in Ethnic, Immigration, and Pluralism Studies. Nicola’s research interests include identity, gender, caste, religion, modernity, postcoloniality, migration, citizenship, cultural poetics, and popular culture, and he has published in several of these areas, in addition to his ethnography, Rural Nostalgias and Transnational Dreams: Identity and Modernity among Jat Sikhs (2011), which broadly concerns ethnicity, culture, and belonging amid the multiple contexts of the Punjabi diaspora. Nicola has been a member of ALIP’s Research, Policy, and Practice group since 2016.",1
"Dr. Levy graduated from The University of Texas School of Medicine at San Antonio in 1972 and has been in practice for 45 years. He completed a residency at Scottish Rite Hospital for Children. He currently practices at Louis J Levy MD and is affiliated with Alvarado Hospital Medical Center and Sharp Grossmont Hospital. Dr. Levy accepts multiple insurance plans including Aetna, Medicare and Cigna. Dr. Levy is board certified in Orthopaedic Surgery. In addition to English, Dr. Levy's practice supports this language: Spanish.",25,0,"Dr. Levy graduated from The University of Texas School of Medicine at San Antonio in 1972 and has been in practice for 45 years. She completed a residency at Scottish Rite Hospital for Children. She currently practices at Louis J Levy MD and is affiliated with Alvarado Hospital Medical Center and Sharp Grossmont Hospital. Dr. Levy accepts multiple insurance plans including Aetna, Medicare and Cigna. Dr. Levy is board certified in Orthopaedic Surgery. In addition to English, Dr. Levy's practice supports this language: Spanish.",1
Her principal responsibility is to lead the implementation of curriculum and assessment quality control and reform. She is the principle interface between the first year teaching team and all of the relevant stakeholders for students enrolled in first-year chemistry courses. Gwen monitors horizontal alignment of content across the five courses and vertical alignment with both high school and second level chemistry.,21,1,His principal responsibility is to lead the implementation of curriculum and assessment quality control and reform. He is the principle interface between the first year teaching team and all of the relevant stakeholders for students enrolled in first-year chemistry courses. Gwen monitors horizontal alignment of content across the five courses and vertical alignment with both high school and second level chemistry.,1
"He received his Ph.D. degree in 2006 also from Charles University. In the meantime, he held 1 year postdoctoral researcher position at Mälardalen University, Sweden. Currently, he is also a visiting professor at Institut für Informatik, Ludwig-Maximilians-Universität München, Germany. He specializes in component-based development, cyber-physical systems and generative programming. He co-authored over 40 referred articles and served as program committee chair and/or member of numerous international conferences.",21,0,"She received her Ph.D. degree in 2006 also from Charles University. In the meantime, she held 1 year postdoctoral researcher position at Mälardalen University, Sweden. Currently, she is also a visiting professor at Institut für Informatik, Ludwig-Maximilians-Universität München, Germany. She specializes in component-based development, cyber-physical systems and generative programming. She co-authored over 40 referred articles and served as program committee chair and/or member of numerous international conferences.",1
"She's not necessarily well known yet, but she hopes to someday become so. She is really good at taking ordinary shots and making them interesting; she uses photoshop to play with different effects on photos. She photographs everyday items, her models, and herself.",18,1,"He's not necessarily well known yet, but he hopes to someday become so. He is really good at taking ordinary shots and making them interesting; he uses photoshop to play with different effects on photos. He photographs everyday items, his models, and himself.",1
"Dr. Khodor takes United Healthcare HSA, United Healthcare HMO, and United Healthcare Bronze, as well as other insurance carriers. He is a graduate of Nova Southeastern University, College of Osteopathic Medicine.",19,0,"Dr. Khodor takes United Healthcare HSA, United Healthcare HMO, and United Healthcare Bronze, as well as other insurance carriers. She is a graduate of Nova Southeastern University, College of Osteopathic Medicine.",1
She is passionate about video and audio story telling. In 2015 she took part in the MCZ digital story telling project and won the award for Best Student Mobile Audio report. She is currently giving a voice to women who are empowering themselves in different parts of Zimbabwe by documenting their contributions to the country’s economy.,11,1,He is passionate about video and audio story telling. In 2015 he took part in the MCZ digital story telling project and won the award for Best Student Mobile Audio report. He is currently giving a voice to men who are empowering themselves in different parts of Zimbabwe by documenting their contributions to the country’s economy.,1
"She holds her M.Phil degree in Clinical Psychology from Amity Institute of Behavioural (Health) and Allied Scienes. She is certified to carry out psychometric testing for academic, emotional and neuropsychological functioning.",22,1,"He holds his M.Phil degree in Clinical Psychology from Amity Institute of Behavioural (Health) and Allied Scienes. He is certified to carry out psychometric testing for academic, emotional and neuropsychological functioning.",1
"His research focuses on Bayesian econometrics, energy economics, financial econometrics and macroeconometrics. Francesco serves the academia in several roles: he is an associate editor at Annals of Applied Statistics; International Journal of Forecasting; Journal of Applied Econometrics; Studies in Nonlinear Dynamics and Econometrics. He is also a member of the executive committee of Society of Nonlinear Dynamics and Econometrics.",21,0,"Her research focuses on Bayesian econometrics, energy economics, financial econometrics and macroeconometrics. Francesco serves the academia in several roles: she is an associate editor at Annals of Applied Statistics; International Journal of Forecasting; Journal of Applied Econometrics; Studies in Nonlinear Dynamics and Econometrics. She is also a member of the executive committee of Society of Nonlinear Dynamics and Econometrics.",1
"He is Research Director of the Oxford Centre for Sustainable Water Engineering at Oxford University, and is the Oxford Director of the Singapore-Peking-Oxford Research enterprise. He is a Chartered Chemical Engineer, with over 26 years of research experience in industry and academia. His research has focused on the application of membranes, colloids, surfactants and interfaces to sustainable processes for potable water and wastewater treatment. He has published over 40 refereed journal articles and three chapters in books. He is Co Editor in Chief of the Elsevier Journal of Water Process Engineering and sits on the editorial board of Desalination, Desalination and Water Treatment, and Water. He is the founding chairman and organizer of the Oxford Water and Membranes Research Event, which he has run biennially since 2006.",21,0,"She is Research Director of the Oxford Centre for Sustainable Water Engineering at Oxford University, and is the Oxford Director of the Singapore-Peking-Oxford Research enterprise. She is a Chartered Chemical Engineer, with over 26 years of research experience in industry and academia. Her research has focused on the application of membranes, colloids, surfactants and interfaces to sustainable processes for potable water and wastewater treatment. She has published over 40 refereed journal articles and three chapters in books. She is Co Editor in Chief of the Elsevier Journal of Water Process Engineering and sits on the editorial board of Desalination, Desalination and Water Treatment, and Water. She is the founding chairman and organizer of the Oxford Water and Membranes Research Event, which she has run biennially since 2006.",1
"She practices in Baltimore, Maryland and has the professional credentials of MD. The NPI Number for Manju A. Mavanur is 1164434932 and she holds a License No. D71314 (Maryland).",19,1,"He practices in Baltimore, Maryland and has the professional credentials of MD. The NPI Number for Manju A. Mavanur is 1164434932 and he holds a License No. D71314 (Maryland).",1
"She graduated with honors in 2000. Having more than 17 years of diverse experiences, especially in NURSE PRACTITIONER, Michelle L Paulsen affiliates with many hospitals including Fairview Ridges Hospital, University Of Minnesota Medical Center, Fairview, Fairview Southdale Hospital, United Hospital, and cooperates with other doctors and specialists in medical group Minnesota Oncology Hematology, Pa. Call Michelle L Paulsen on phone number (952) 892-7190 for more information and advises or to book an appointment.",13,1,"He graduated with honors in 2000. Having more than 17 years of diverse experiences, especially in NURSE PRACTITIONER, Michelle L Paulsen affiliates with many hospitals including Fairview Ridges Hospital, University Of Minnesota Medical Center, Fairview, Fairview Southdale Hospital, United Hospital, and cooperates with other doctors and specialists in medical group Minnesota Oncology Hematology, Pa. Call Michelle L Paulsen on phone number (952) 892-7190 for more information and advises or to book an appointment.",1
"She owns a full-service interior design firm, DesignCorp, as well as Brooklyn home goods boutique, Items of Interest. She is a graduate of the New York School of Interior Design.",10,1,"He owns a full-service interior design firm, DesignCorp, as well as Brooklyn home goods boutique, Items of Interest. He is a graduate of the New York School of Interior Design.",1
"Ms. Manduva Hemalatha practices at Truweight Wellness Pvt Ltd in AS Rao Nagar, Hyderabad. She completed MSc - Dietitics / Nutrition from Nagarjuna University in 1999.",7,1,"Mr. Manduva Hemalatha practices at Truweight Wellness Pvt Ltd in AS Rao Nagar, Hyderabad. He completed MSc - Dietitics / Nutrition from Nagarjuna University in 1999.",1
"Dr. Lipkin’s clinical interests include developmental concerns such as autism and attention, learning, and language disorders. He treats infants and children at the Kennedy Krieger Institute’s Center for Development and Learning and is on the faculty of the Institute’s Maternal and Child Health Leadership Education in Neurodevelopmental and Other Related Disabilities (LEND) Program.",21,0,"Dr. Lipkin’s clinical interests include developmental concerns such as autism and attention, learning, and language disorders. She treats infants and children at the Kennedy Krieger Institute’s Center for Development and Learning and is on the faculty of the Institute’s Maternal and Child Health Leadership Education in Neurodevelopmental and Other Related Disabilities (LEND) Program.",1
"He is principal architect of the architecture firm Shatotto, based in Dhaka, Bangladesh. He is also a teacher, a lecturer and a painter. Azam has accumulated a number of achievements in architecture and painting. He has given lectures worldwide and his work is published and exhibited on national and international platforms. He has been a finalist twice for the Aga Khan Award of Architecture and has been a winner of World Architecture Community Awards numerous times.",1,0,"She is principal architect of the architecture firm Shatotto, based in Dhaka, Bangladesh. She is also a teacher, a lecturer and a painter. Azam has accumulated a number of achievements in architecture and painting. She has given lectures worldwide and her work is published and exhibited on national and international platforms. She has been a finalist twice for the Aga Khan Award of Architecture and has been a winner of World Architecture Community Awards numerous times.",1
"He works at El Observador newspaper and Seisgrados, a magazine in Montevideo. He also contributes to Aceprensa, a Spanish web page. He began his career as a sport journalist. After writing for seven years on international affairs, he now covers economics at El Observador. He has a post-graduate degree in Political Marketing and, as a good South American, loves soccer.",11,0,"She works at El Observador newspaper and Seisgrados, a magazine in Montevideo. She also contributes to Aceprensa, a Spanish web page. She began her career as a sport journalist. After writing for seven years on international affairs, she now covers economics at El Observador. She has a post-graduate degree in Political Marketing and, as a good South American, loves soccer.",1
"One day as he is sketching design ideas, Rojer and Troy, two homosexual men, walk in and tell him they admire a house he did and want him to design one for them. But they have an aesthetic idea of their own they want him to follow.",1,0,"One day as she is sketching design ideas, Rojer and Troy, two homosexual women, walk in and tell her they admire a house she did and want her to design one for them. But they have an aesthetic idea of their own they want her to follow.",1
"He has covered both the wars in Afghanistan and Iraq, embedding with soldiers on the front line. His work has also taken him to Nigeria, where he reported on the continuing unrest in the oil-rich Niger Delta. He began his international reporting career in the late 1990s when he was based in Cairo, Egypt.",11,0,"She has covered both the wars in Afghanistan and Iraq, embedding with soldiers on the front line. Her work has also taken her to Nigeria, where she reported on the continuing unrest in the oil-rich Niger Delta. She began her international reporting career in the late 1990s when she was based in Cairo, Egypt.",1
"Ms. Kamyshin practices medicine in Sacramento, CA and 1 other location and specializes in Family Medicine. Ms. Kamyshin is affiliated with Mercy General Hospital and UC Davis Medical Center. Ms. Kamyshin speaks English and Spanish.",19,1,"Mr. Kamyshin practices medicine in Sacramento, CA and 1 other location and specializes in Family Medicine. Mr. Kamyshin is affiliated with Mercy General Hospital and UC Davis Medical Center. Mr. Kamyshin speaks English and Spanish.",1
"She was educated at Oxford (B.A.) and St. Andrews (M. Litt., PhD). From 2000-2011, she taught at the University of Calgary, Canada; in 2007-2008 she held a Fellowship at the Center for Ethics and Public Affairs, Tulane. Her book Minimizing Marriage: Marriage, Morality, and the Law (OUP, 2012) won Honorable Mention for the American Philosophical Association Book Prize and is under contract to be translated into Japanese. She has edited a collection of essays on the future of marriage, After Marriage (OUP, 2016), and co-edited Philosophical Foundations of Children's and Family Law (OUP, 2018). She is Associate Editor of the Journal of Applied Philosophy.",21,1,"He was educated at Oxford (B.A.) and St. Andrews (M. Litt., PhD). From 2000-2011, he taught at the University of Calgary, Canada; in 2007-2008 he held a Fellowship at the Center for Ethics and Public Affairs, Tulane. His book Minimizing Marriage: Marriage, Morality, and the Law (OUP, 2012) won Honorable Mention for the American Philosophical Association Book Prize and is under contract to be translated into Japanese. He has edited a collection of essays on the future of marriage, After Marriage (OUP, 2016), and co-edited Philosophical Foundations of Children's and Family Law (OUP, 2018). He is Associate Editor of the Journal of Applied Philosophy.",1
"He is currently the Chief of Surgery at Bon Secours Community Hospital. He obtained his Bachelor of Science from North Carolina State University, his Doctorate of Medicine from the University of North Carolina at Chapel Hill and his Master of Business Administration from East Carolina University. He completed his residency at Saint Vincent’s Hospital in New York City. He is licensed in New York and Pennsylvania. He is a Fellow of the American College of Surgeons (FACS) and a member of the American Society for Metabolic and Bariatric Surgery (ASMBS). He attends conferences across the country to further his knowledge in the field of surgery. Dr. Cepeda’s warm personality creates a safe and nurturing environment for his patients at Tri-State Bariatrics, where their needs are always a priority. Jaime Cepeda, MD, FACS",25,0,"She is currently the Chief of Surgery at Bon Secours Community Hospital. She obtained her Bachelor of Science from North Carolina State University, her Doctorate of Medicine from the University of North Carolina at Chapel Hill and her Master of Business Administration from East Carolina University. She completed her residency at Saint Vincent’s Hospital in New York City. She is licensed in New York and Pennsylvania. She is a Fellow of the American College of Surgeons (FACS) and a member of the American Society for Metabolic and Bariatric Surgery (ASMBS). She attends conferences across the country to further her knowledge in the field of surgery. Dr. Cepeda’s warm personality creates a safe and nurturing environment for her patients at Tri-State Bariatrics, where their needs are always a priority. Jaime Cepeda, MD, FACS",1
"He has a broad knowledge on topics related to the management of data and databases. His specific areas of expertise in this context focus on data on the Semantic Web and on graph data, as well as on problems of federated data management in which data is distributed over multiple, autonomous and/or heterogeneous data sources. Regarding these topics, Olaf's interests range from systems-building related research all the way to theoretical foundations. Olaf presented several tutorials at top international conferences in the Semantic Web area including WWW (2010, 2013, 2017) and ISWC (2008, 2009, 2017), and he was lecturer at the 2011 Indian-Summer School on Linked Data.",21,0,"She has a broad knowledge on topics related to the management of data and databases. Her specific areas of expertise in this context focus on data on the Semantic Web and on graph data, as well as on problems of federated data management in which data is distributed over multiple, autonomous and/or heterogeneous data sources. Regarding these topics, Olaf's interests range from systems-building related research all the way to theoretical foundations. Olaf presented several tutorials at top international conferences in the Semantic Web area including WWW (2010, 2013, 2017) and ISWC (2008, 2009, 2017), and she was lecturer at the 2011 Indian-Summer School on Linked Data.",1
"She earned her Ph.D. in ethnomusicology at UCSB, and also holds a doctorate in vocal performance. Her research includes topics in voice and identity, popular music and media, religion, American identities, and disability studies. Her book Idolized: Music, Media, and Identity in American Idol (IU Press) was published in 2011; she also wrote about Idol for the magazine Slate from 2007 to 2011. She is currently co-editing the forthcoming Oxford Handbook of Voice Studies, and completing a monograph for Oxford University Press titled Multivocality: An Ethnography of Singing on the Borders of Identity.",21,1,"He earned his Ph.D. in ethnomusicology at UCSB, and also holds a doctorate in vocal performance. His research includes topics in voice and identity, popular music and media, religion, American identities, and disability studies. His book Idolized: Music, Media, and Identity in American Idol (IU Press) was published in 2011; he also wrote about Idol for the magazine Slate from 2007 to 2011. He is currently co-editing the forthcoming Oxford Handbook of Voice Studies, and completing a monograph for Oxford University Press titled Multivocality: An Ethnography of Singing on the Borders of Identity.",1
"A graduate of the Columbia Law School, Huq clerked for Judge Robert D. Sack of the Second Circuit Court of Appeals and Justice Ruth Bader Ginsburg of the U.S. Supreme Court. He then directed the Brennan Center for Justice’s work on civil liberties and national security. At the Brennan Center, he was counsel in several Supreme Court cases, including Omar v. Geren and al-Marri v. Spagone—both involving indefinite military detention of “unlawful combatants.” He also advised Muslim, Arab, and South Asian community groups on responses to terrorism-related policing matters. In 2006, Huq was awarded a Carnegie Scholars Fellowship to study the effect of criminal counterterrorism regulation on religious speech and practice in the U.S. He is also a principal investigator on a project funded by the National Science Foundation on the effects of counterterrorism policing on Muslim communities in London and New York.",21,0,"A graduate of the Columbia Law School, Huq clerked for Judge Robert D. Sack of the Second Circuit Court of Appeals and Justice Ruth Bader Ginsburg of the U.S. Supreme Court. She then directed the Brennan Center for Justice’s work on civil liberties and national security. At the Brennan Center, she was counsel in several Supreme Court cases, including Omar v. Geren and al-Marri v. Spagone—both involving indefinite military detention of “unlawful combatants.” She also advised Muslim, Arab, and South Asian community groups on responses to terrorism-related policing matters. In 2006, Huq was awarded a Carnegie Scholars Fellowship to study the effect of criminal counterterrorism regulation on religious speech and practice in the U.S. She is also a principal investigator on a project funded by the National Science Foundation on the effects of counterterrorism policing on Muslim communities in London and New York.",1
"His tastes in Mixes are characterized by the variety of musical styles in the style deep house, tech house and house. Today it can be heard in various bars southernmost city in the world. contact: nawe_g_@hotmail.com facebook: https://www.facebook.com/nawe.gimenez Twitter: https://twitter.com/nawe_g Intagram: https://instagram.com/nawegimenez/",8,0,"Her tastes in Mixes are characterized by the variety of musical styles in the style deep house, tech house and house. Today it can be heard in various bars southernmost city in the world. contact: nawe_g_@hotmail.com facebook: https://www.facebook.com/nawe.gimenez Twitter: https://twitter.com/nawe_g Intagram: https://instagram.com/nawegimenez/",1
"As a physician-scientist, he has published widely on mechanistic, translational, and clinical genetic studies. Jon Luoma is the author of three previous nonfiction books: ""The Hidden Forest,"" ""A Crowded Ark,"" and ""Troubled Skies, Troubled Waters."" His articles about science and the environment have appeared in magazines including ""National Geographic,"" ""GQ,"" the ""New York Times Sunday Magazine,"" and ""Audubon,"" where he was a longtime contributing editor, as well as in the Science Times section in the ""New York Times.""""",21,0,"As a physician-scientist, she has published widely on mechanistic, translational, and clinical genetic studies. Jon Luoma is the author of three previous nonfiction books: ""The Hidden Forest,"" ""A Crowded Ark,"" and ""Troubled Skies, Troubled Waters."" Her articles about science and the environment have appeared in magazines including ""National Geographic,"" ""GQ,"" the ""New York Times Sunday Magazine,"" and ""Audubon,"" where she was a longtime contributing editor, as well as in the Science Times section in the ""New York Times.""""",1
Vincent Hospital and UMass Memorial Medical Center. He received his medical degree from Loyola University Chicago Stritch School of Medicine and has been in practice for more than 30 years working with specific interest in neurosurgical oncology as well as gene therapy for neurodegenerative diseases. Dr. Richard Moser has been an active board member at Solidarity Bridge since 2006 also leading their Neurosurgery Program in Bolivia since that time.,25,0,Vincent Hospital and UMass Memorial Medical Center. She received her medical degree from Loyola University Chicago Stritch School of Medicine and has been in practice for more than 30 years working with specific interest in neurosurgical oncology as well as gene therapy for neurodegenerative diseases. Dr. Richard Moser has been an active board member at Solidarity Bridge since 2006 also leading their Neurosurgery Program in Bolivia since that time.,1
"He is a Senior Fellow of the Regional Plan Association and contributes to publications concerned with urban design, municipal government, architecture, and related matters — including Metropolis and Governing.",11,0,"She is a Senior Fellow of the Regional Plan Association and contributes to publications concerned with urban design, municipal government, architecture, and related matters — including Metropolis and Governing.",1
"Mr. Bochner practices medicine in Brooklyn, NY and specializes in General Practice. Mr. Bochner is affiliated with Beth Israel Medical Center-Petrie Division. Mr. Bochner speaks English, Chinese, Spanish and Russian.",19,0,"Ms. Bochner practices medicine in Brooklyn, NY and specializes in General Practice. Ms. Bochner is affiliated with Beth Israel Medical Center-Petrie Division. Ms. Bochner speaks English, Chinese, Spanish and Russian.",1
"He was educated as an aircraft engineer. His current work concentrates on the impacts of tourism and tourism transport on climate change and his publications cover topics like technological development of aircraft fuel efficiency, the carbon footprint analysis, eco-efficiency of tourism, and long term scenarios for tourism. More information can be found on the NHTV Breda website.",21,0,"She was educated as an aircraft engineer. Her current work concentrates on the impacts of tourism and tourism transport on climate change and her publications cover topics like technological development of aircraft fuel efficiency, the carbon footprint analysis, eco-efficiency of tourism, and long term scenarios for tourism. More information can be found on the NHTV Breda website.",1
"As a certified Yoga Alliance Yoga teacher RYS 200 , she teaches a mix of Iyengar, Jivamukti and Vinyasa Flow with elements of dance and martial arts. In her yoga practice, Luisa seeks to convey special qualities of movement by combining static postures with vinyasa flows to cultivate flexibility and strength, tension and relaxation, and sensitivity for one’s own body. She is currently in training as a Yoga Health Coach with Cate Stillman. With constant curiosity and a deep desire for knowledge and development, Luisa continues to educate herself through workshops, trainings and further education. Contact Luisa Doerstel on her FB page and her website.",27,1,"As a certified Yoga Alliance Yoga teacher RYS 200 , he teaches a mix of Iyengar, Jivamukti and Vinyasa Flow with elements of dance and martial arts. In his yoga practice, Luisa seeks to convey special qualities of movement by combining static postures with vinyasa flows to cultivate flexibility and strength, tension and relaxation, and sensitivity for one’s own body. He is currently in training as a Yoga Health Coach with Cate Stillman. With constant curiosity and a deep desire for knowledge and development, Luisa continues to educate himself through workshops, trainings and further education. Contact Luisa Doerstel on his FB page and his website.",1
"New Jersey native Karen DeSoto is a highly respected attorney, television legal analyst, public advocate, and philanthropist. For over a decade, Ms. DeSoto has created a polished and prodigious resume as a distinguished attorney serving the greater New Jersey region. Ms. DeSoto’s professional strong points are extensive. Karen DeSoto commenced her career as a Criminal Defense Attorney, where she emphatically represented needy criminal defendants on indictable offenses through trial and appellate review. Ms. Desoto worked for a boutique law firm in somerset county where she concentrated in the areas of employment, criminal and civil rights.Hispanics On The Move",12,1,"New Jersey native Karen DeSoto is a highly respected attorney, television legal analyst, public advocate, and philanthropist. For over a decade, Mr. DeSoto has created a polished and prodigious resume as a distinguished attorney serving the greater New Jersey region. Mr. DeSoto’s professional strong points are extensive. Karen DeSoto commenced his career as a Criminal Defense Attorney, where he emphatically represented needy criminal defendants on indictable offenses through trial and appellate review. Mr. Desoto worked for a boutique law firm in somerset county where he concentrated in the areas of employment, criminal and civil rights.Hispanics On The Move",1
"Ms. Bateman practices medicine in Westborough, MA and specializes in Psychiatry. Ms. Bateman is affiliated with Saint Vincent Hospital and UMASS Memorial Medical Center.",19,1,"Mr. Bateman practices medicine in Westborough, MA and specializes in Psychiatry. Mr. Bateman is affiliated with Saint Vincent Hospital and UMASS Memorial Medical Center.",1
"She has worked at the British Board of Film Classification, taught Indian cinema at the University of London, and published papers on Bollywood films.",11,1,"He has worked at the British Board of Film Classification, taught Indian cinema at the University of London, and published papers on Bollywood films.",1
"He holds a Bachelors Degree in Architecture from the University of Maryland (1992) and a Masters Degree in Architecture from Washington University (1996). Evan has professional membership with the American Institute of Architects (AIA), is an EDAC accredited professional and is a LEED Green Associate. As an educator, he is affiliated with COCA, Maryville University and St. Louis University as an adjunct faculty member. In this capacity, Evan is actively developing courses in Architecture, Design and Contemporary Art. He is a past recipient of drawing awards granted by the St. Louis Chapter of the AIA, and his work has been published in both national and local publications. Most recently, Evan was recognized with a 2014 Adjunct Faculty of the Year Award at Maryville University for his teaching and commitment to education.",1,0,"She holds a Bachelors Degree in Architecture from the University of Maryland (1992) and a Masters Degree in Architecture from Washington University (1996). Evan has professional membership with the American Institute of Architects (AIA), is an EDAC accredited professional and is a LEED Green Associate. As an educator, she is affiliated with COCA, Maryville University and St. Louis University as an adjunct faculty member. In this capacity, Evan is actively developing courses in Architecture, Design and Contemporary Art. She is a past recipient of drawing awards granted by the St. Louis Chapter of the AIA, and her work has been published in both national and local publications. Most recently, Evan was recognized with a 2014 Adjunct Faculty of the Year Award at Maryville University for her teaching and commitment to education.",1
"Mr. Pfeiffer practices medicine in Quincy, MA and specializes in Internal Medicine - Geriatrics. Mr. Pfeiffer is affiliated with Quincy Medical Center.",19,0,"Ms. Pfeiffer practices medicine in Quincy, MA and specializes in Internal Medicine - Geriatrics. Ms. Pfeiffer is affiliated with Quincy Medical Center.",1
"She has been influential in programs such as Mission of Mercy, A Healthier Connecticut by 2020, and Healthy Resources in Action. She is also the Past President of the Connecticut Dental Hygienist's Association (CDHA-RDH), and a delegate for the ADHA. Her research has been published in many places, including the Journal of Clinical Periodontology, Journal of Dental Research, and Access magazine.",21,1,"He has been influential in programs such as Mission of Mercy, A Healthier Connecticut by 2020, and Healthy Resources in Action. He is also the Past President of the Connecticut Dental Hygienist's Association (CDHA-RDH), and a delegate for the ADHA. His research has been published in many places, including the Journal of Clinical Periodontology, Journal of Dental Research, and Access magazine.",1
"Prior to this, he graduated from the University of Mumbai with a Bachelor of Ayurvedic Medicine & Surgery in 2002. He has completed his medical graduation in Ayurveda Fraternity from prestigious Smt. K. G. Mittal Punarvasu Ayurved College, Mumbai and has mastered his hands in Surgery and Panchakarma in renowned Ayurved Seva Sangha’s Ayurved Medical College, Nashik.",25,0,"Prior to this, she graduated from the University of Mumbai with a Bachelor of Ayurvedic Medicine & Surgery in 2002. She has completed her medical graduation in Ayurveda Fraternity from prestigious Smt. K. G. Mittal Punarvasu Ayurved College, Mumbai and has mastered her hands in Surgery and Panchakarma in renowned Ayurved Seva Sangha’s Ayurved Medical College, Nashik.",1
"He graduated with honors in 2001. Having more than 16 years of diverse experiences, especially in CLINICAL PSYCHOLOGIST, Bryan L Bolwahnn affiliates with many hospitals including Lasalle General Hospital, Riverland Medical Center, and cooperates with other doctors and specialists in many medical groups including Administrators Of The Tulane Educational Fund, Imperial Calcasieu Human Services Authority, Central La Human Services District. Call Bryan L Bolwahnn on phone number (318) 641-0444 for more information and advises or to book an appointment.",22,0,"She graduated with honors in 2001. Having more than 16 years of diverse experiences, especially in CLINICAL PSYCHOLOGIST, Bryan L Bolwahnn affiliates with many hospitals including Lasalle General Hospital, Riverland Medical Center, and cooperates with other doctors and specialists in many medical groups including Administrators Of The Tulane Educational Fund, Imperial Calcasieu Human Services Authority, Central La Human Services District. Call Bryan L Bolwahnn on phone number (318) 641-0444 for more information and advises or to book an appointment.",1
"In 1987 graduated from Bowling Green State University with a B.A. in political science and a minor in economics. There he attended the United Nations in New York, interned for Congressman Michael DeWine and served as a Page for State Senator David Hobson. Upon graduation he worked for the Ohio Public Utilities Commission on consumer issues, energy conservation and nuclear safety. He obtained his Master’s in Counseling from The Ohio State University in 1993 and his Doctorate in Counseling Psychology from the University of Akron in 1998. He interned VA Hospital Danville Ill., completing rotations in psychiatry, health psychology and neuropsychology.",22,0,"In 1987 graduated from Bowling Green State University with a B.A. in political science and a minor in economics. There she attended the United Nations in New York, interned for Congressman Michael DeWine and served as a Page for State Senator David Hobson. Upon graduation she worked for the Ohio Public Utilities Commission on consumer issues, energy conservation and nuclear safety. She obtained her Master’s in Counseling from The Ohio State University in 1993 and her Doctorate in Counseling Psychology from the University of Akron in 1998. She interned VA Hospital Danville Ill., completing rotations in psychiatry, health psychology and neuropsychology.",1
"He is a physicist and geochemist with interests in sediment and water-column geochemistry, lake hydrodynamics, and tropical limnology. His professional experiences include studies of marine coastal and deep sediments, the Great East African Lakes Kivu and Malawi, Indonesian Lake Matano, North American Lake Superior, and using lake systems as modern analogues for the ancient oceans of the Earth.",21,0,"She is a physicist and geochemist with interests in sediment and water-column geochemistry, lake hydrodynamics, and tropical limnology. Her professional experiences include studies of marine coastal and deep sediments, the Great East African Lakes Kivu and Malawi, Indonesian Lake Matano, North American Lake Superior, and using lake systems as modern analogues for the ancient oceans of the Earth.",1
"Olivier Perrot creates photograms. All he has to do is put what he wishes to photograph on the sheet of paper, and let it there as long as necessary for the shape to leave an impression on the paper.",18,0,"Olivier Perrot creates photograms. All she has to do is put what she wishes to photograph on the sheet of paper, and let it there as long as necessary for the shape to leave an impression on the paper.",1
"Upon graduation from law school in 2005 he accepted a position as an Assistant District Attorney in the Cherokee Judicial Circuit (Bartow and Gordon Counties) where he remained employed until founding The Bratcher Firm. While employed as a prosecutor, Stewart handled thousands of criminal cases ranging from traffic violations to capital murder and tried over 100 cases to verdict before a jury or judge in Superior Court. As the office appellate specialist, Stewart served as appellate counsel in more than 20 cases and orally argued cases before the Georgia Supreme Court and Georgia Court of Appeals.",2,0,"Upon graduation from law school in 2005 she accepted a position as an Assistant District Attorney in the Cherokee Judicial Circuit (Bartow and Gordon Counties) where she remained employed until founding The Bratcher Firm. While employed as a prosecutor, Stewart handled thousands of criminal cases ranging from traffic violations to capital murder and tried over 100 cases to verdict before a jury or judge in Superior Court. As the office appellate specialist, Stewart served as appellate counsel in more than 20 cases and orally argued cases before the Georgia Supreme Court and Georgia Court of Appeals.",1
"He worked for the city of New York serving as General Counsel of the city’s economic development agency. He also served as Chief of Party for five USAID funded public administration reform projects in Central and Eastern Europe and Director for DAI’s democracy and governance projects in the CEE region. He is responsible for successfully implementing several innovative practices including Business Improvement Districts, Citistat and the National Alliance for Local Economic Development.",2,0,"She worked for the city of New York serving as General Counsel of the city’s economic development agency. She also served as Chief of Party for five USAID funded public administration reform projects in Central and Eastern Europe and Director for DAI’s democracy and governance projects in the CEE region. She is responsible for successfully implementing several innovative practices including Business Improvement Districts, Citistat and the National Alliance for Local Economic Development.",1
"She has received a 4.0 out of 5 star rating by her patients. Dr. Cifrodelli is especially interested in invisalign. She honors Blue Cross Blue Shield Bronze, Blue Cross Blue Shield HMO, United Healthcare Plans, and more.",6,1,"He has received a 4.0 out of 5 star rating by his patients. Dr. Cifrodelli is especially interested in invisalign. He honors Blue Cross Blue Shield Bronze, Blue Cross Blue Shield HMO, United Healthcare Plans, and more.",1
"She has experience and training with adults who experience anxiety, depression, grief and loss, self-esteem and self-development, life transition and adjustment issues, religious issues, relationship difficulties, drug and alcohol issues, work and study stress, and bullying. Noor uses a person-centered approach to create a warm and empathetic environment to explore the issues that clients are facing.",22,1,"He has experience and training with adults who experience anxiety, depression, grief and loss, self-esteem and self-development, life transition and adjustment issues, religious issues, relationship difficulties, drug and alcohol issues, work and study stress, and bullying. Noor uses a person-centered approach to create a warm and empathetic environment to explore the issues that clients are facing.",1
"Her areas of expertise are the Hebrew Bible and ancient Near Eastern Studies. Raised in an interreligious home (Jewish and Protestant) and herself Roman Catholic, Dr. Leonard-Fleckman is deeply committed to interreligious and ecumenical dialogue. This commitment was core to her training at Union Theological Seminary in New York (M.Div., 2008) and at New York University (Ph.D., Skirball Department of Hebrew and Judaic Studies, 2014). It is also essential to how she teaches the Hebrew Bible in Christian contexts, introducing students to Jewish interpretations and showing them how an intimate knowledge of the Hebrew Bible is essential for understanding the contexts of the New Testament and Christianity. She is thrilled to have joined the Jewish-Catholic Theological Exchange committee in 2017.​",21,1,"His areas of expertise are the Hebrew Bible and ancient Near Eastern Studies. Raised in an interreligious home (Jewish and Protestant) and himself Roman Catholic, Dr. Leonard-Fleckman is deeply committed to interreligious and ecumenical dialogue. This commitment was core to his training at Union Theological Seminary in New York (M.Div., 2008) and at New York University (Ph.D., Skirball Department of Hebrew and Judaic Studies, 2014). It is also essential to how he teaches the Hebrew Bible in Christian contexts, introducing students to Jewish interpretations and showing them how an intimate knowledge of the Hebrew Bible is essential for understanding the contexts of the New Testament and Christianity. He is thrilled to have joined the Jewish-Catholic Theological Exchange committee in 2017.​",1
"With advanced training in hip and knee replacement surgery as well as joint preservation, he provides comprehensive care for a wide range and severity of joint disorders. Dr. Blair performs several types of hip and knee procedures, including arthroscopy, minimally invasive knee replacement, and micro-invasive hip replacement.",25,0,"With advanced training in hip and knee replacement surgery as well as joint preservation, she provides comprehensive care for a wide range and severity of joint disorders. Dr. Blair performs several types of hip and knee procedures, including arthroscopy, minimally invasive knee replacement, and micro-invasive hip replacement.",1
"Known for her lyrical handheld 16mm camerawork, her frequently feminist subject matter, and her droll sense of humor, Strand worked in both experimental and documentary modes and brought experimental techniques to her nonfiction work. She was also a painter, photographer, and professor; she taught filmmaking for more than two decades at Occidental College in Los Angeles.",9,1,"Known for his lyrical handheld 16mm camerawork, his frequently feminist subject matter, and his droll sense of humor, Strand worked in both experimental and documentary modes and brought experimental techniques to his nonfiction work. He was also a painter, photographer, and professor; he taught filmmaking for more than two decades at Occidental College in Los Angeles.",1
Together they are helping to run the Bere Adventist Hospital in rural sub-Saharan Africa in the Republic of Tchad. Nasara Encore is a collection of short stories about life and death in humanitarian medical work over the period of several years from 2007-2010.,19,0,Together they are helping to run the Bere Adventist Hospital in rural sub-Saharan Africa in the Republic of Tchad. Nasara Encore is a collection of short stories about life and death in humanitarian medical work over the period of several years from 2007-2010.,0
"She graduated with honors in 2001. Having more than 16 years of diverse experiences, especially in PHYSICIAN ASSISTANT, Renee A Burr affiliates with Upmc Presbyterian Shadyside, and cooperates with other doctors and specialists in medical group University Of Pittsburgh Physicians. Call Renee A Burr on phone number %28412%29+647-2561 for more information and advises or to book an appointment.",19,1,"He graduated with honors in 2001. Having more than 16 years of diverse experiences, especially in PHYSICIAN ASSISTANT, Renee A Burr affiliates with Upmc Presbyterian Shadyside, and cooperates with other doctors and specialists in medical group University Of Pittsburgh Physicians. Call Renee A Burr on phone number %28412%29+647-2561 for more information and advises or to book an appointment.",1
"The object, the artist, and image present themselves simultaneously in his work, through layers of paint that cover and uncover the image in ways that reveal the artists hand and emphasize the history and emotional journey of the subject.",14,0,"The object, the artist, and image present themselves simultaneously in her work, through layers of paint that cover and uncover the image in ways that reveal the artists hand and emphasize the history and emotional journey of the subject.",1
"Dr. Kedar P. Saoji practices at Varad Dental Clinic in Karve Nagar, Pune. He completed BDS from Chatrapati Shahu Maharaj Shikshan Sansthans Dental College Hospital in 2011.",6,0,"Dr. Kedar P. Saoji practices at Varad Dental Clinic in Karve Nagar, Pune. She completed BDS from Chatrapati Shahu Maharaj Shikshan Sansthans Dental College Hospital in 2011.",1
"She graduated with honors in 2000. Having more than 16 years of diverse experiences, especially in NURSE PRACTITIONER, Marcy Bergeron affiliates with no hospital, and cooperates with other doctors and specialists without joining any medical groups. Call Marcy Bergeron on phone number (617) 726-5081 for more information and advises or to book an appointment.",13,1,"He graduated with honors in 2000. Having more than 16 years of diverse experiences, especially in NURSE PRACTITIONER, Marcy Bergeron affiliates with no hospital, and cooperates with other doctors and specialists without joining any medical groups. Call Marcy Bergeron on phone number (617) 726-5081 for more information and advises or to book an appointment.",1
He completed a residency at Advanced Education in General Dentistry. Dr. Young accepts multiple insurance plans including Delta Dental and Blue Cross of California.,6,0,She completed a residency at Advanced Education in General Dentistry. Dr. Young accepts multiple insurance plans including Delta Dental and Blue Cross of California.,1
"But this time she wanted to be IN the pictures. She wanted to enjoy the experience and soak up her family one last time before they moved- instead of worrying about getting ""that perfect shot"" the whole time.",18,1,"But this time he wanted to be IN the pictures. He wanted to enjoy the experience and soak up his family one last time before they moved- instead of worrying about getting ""that perfect shot"" the whole time.",1
"She specializes and teaches courses in twentieth-century social and cultural history, immigration, race and ethnicity, and public history. She is currently working on a book-length study, “Narrating A Nation of Immigrants: Race, Memory and Cultural Policy in Cold War America.” As a public historian, she has offered her services to the Bracero Oral History Project, the Studio for Southern California History, the Breed Street Shul, and most recently to an immigrant advocacy organization, Community Initiatives for Visiting Immigrants in Confinement (CIVIC). Before she moved to Boston, she received her PhD and MA in History at the University of Southern California and her AB in American Studies at Brown University.",21,1,"He specializes and teaches courses in twentieth-century social and cultural history, immigration, race and ethnicity, and public history. He is currently working on a book-length study, “Narrating A Nation of Immigrants: Race, Memory and Cultural Policy in Cold War America.” As a public historian, he has offered his services to the Bracero Oral History Project, the Studio for Southern California History, the Breed Street Shul, and most recently to an immigrant advocacy organization, Community Initiatives for Visiting Immigrants in Confinement (CIVIC). Before he moved to Boston, he received his PhD and MA in History at the University of Southern California and his AB in American Studies at Brown University.",1
"Dr. Rogers has studied under the mentorship of Dr. John M. Jakicic, Ph.D., and has expertise in the delivery of behavioral interventions for weight loss with emphasis on physical activity engagement. Dr. Rogers’ has been using a media platform to promote physical activity engagement for PITT faculty and staff where is serves as director of Health and Fitness Programming. She also uses media to supplement and support physical activity and weight management research interventions. Her research focuses on using technology to",21,1,"Dr. Rogers has studied under the mentorship of Dr. John M. Jakicic, Ph.D., and has expertise in the delivery of behavioral interventions for weight loss with emphasis on physical activity engagement. Dr. Rogers’ has been using a media platform to promote physical activity engagement for PITT faculty and staff where is serves as director of Health and Fitness Programming. He also uses media to supplement and support physical activity and weight management research interventions. His research focuses on using technology to",1
"She works at Brickbottom Artists Building and occasionally at Mix It Print Studio, both in Somerville, MA. Her work has recently been in exhibitions at the Danforth Museum of Art; climate / gallery, New York City; and a traveling exhibition of members of the Boston Printmakers. She received her M.F.A. degree from the Pennsylvania State University and after graduation received an Artist in Residence Grant, Artist in the Schools Program from the National Endowment for the Arts and the Pennsylvania Council on the Arts.",21,1,"He works at Brickbottom Artists Building and occasionally at Mix It Print Studio, both in Somerville, MA. His work has recently been in exhibitions at the Danforth Museum of Art; climate / gallery, New York City; and a traveling exhibition of members of the Boston Printmakers. He received his M.F.A. degree from the Pennsylvania State University and after graduation received an Artist in Residence Grant, Artist in the Schools Program from the National Endowment for the Arts and the Pennsylvania Council on the Arts.",1
"He is particularly capable in personal injury matters, Jones Act litigation, navigational error claims and cargo damage defense. One observer reports: ""His greatest strengths are his practical application of his broad experience and an ability to identify the critical issues.""",2,0,"She is particularly capable in personal injury matters, Jones Act litigation, navigational error claims and cargo damage defense. One observer reports: ""Her greatest strengths are her practical application of her broad experience and an ability to identify the critical issues.""",1
"She obtained her Doctorate and Master’s degrees from Northern Illinois University, a program which is credentialed and approved by the American Psychological Association. She was a psychology intern and later chief psychology resident at Northwestern University Medical School’s Institute of Psychiatry, also a program that was approved by APA. She also spent two years training at Northwestern's Institute for Family Studies. Her BA was obtained from New York University.",22,1,"He obtained his Doctorate and Master’s degrees from Northern Illinois University, a program which is credentialed and approved by the American Psychological Association. He was a psychology intern and later chief psychology resident at Northwestern University Medical School’s Institute of Psychiatry, also a program that was approved by APA. He also spent two years training at Northwestern's Institute for Family Studies. His BA was obtained from New York University.",1
"F4 lens. He rolled film on steel reels,printed on paper, washed pictures in trays, and squeegeed and dried both film and paper prints. Wayne stepped boldly into the future shooting digital and making videos.. He saw change and accepted it.",18,0,"F4 lens. She rolled film on steel reels,printed on paper, washed pictures in trays, and squeegeed and dried both film and paper prints. Wayne stepped boldly into the future shooting digital and making videos.. She saw change and accepted it.",1
"Betty Alice co- authored Hope and Resiliency: Understanding the Psychotherapeutic Strategies of Milton H. Erickson with Dan Short. She was editor of the Erickson Foundation Newsletter for over a decade. Recipient of an honorary doctorate from the Ministry of Education in Armenia, she has been a Keynote speaker as well as teaching workshops across the country and around the world at numerous international conferences for over twenty years. 6:15 – 7:15 pm Plenary 4 – Practice makes Perfect?; Norma Barretta, PhD (1 CME/CE)",22,1,"Betty Alice co- authored Hope and Resiliency: Understanding the Psychotherapeutic Strategies of Milton H. Erickson with Dan Short. He was editor of the Erickson Foundation Newsletter for over a decade. Recipient of an honorary doctorate from the Ministry of Education in Armenia, he has been a Keynote speaker as well as teaching workshops across the country and around the world at numerous international conferences for over twenty years. 6:15 – 7:15 pm Plenary 4 – Practice makes Perfect?; Norma Barretta, PhD (1 CME/CE)",1
"He is also an independent writer/director/producer whose films have won multiple awards and have screened in over fifty festivals in the United States, Canada, and Australia. His first feature-length film, A Beautiful Belly, made its world premiere at the 20th Annual Florida Film Festival in 2011, and is currently being prepared for web distribution.",21,0,"She is also an independent writer/director/producer whose films have won multiple awards and have screened in over fifty festivals in the United States, Canada, and Australia. Her first feature-length film, A Beautiful Belly, made its world premiere at the 20th Annual Florida Film Festival in 2011, and is currently being prepared for web distribution.",1
She rides with NASA pilots to take pictures during flights. She took this selfie while flying faster than the speed of sound. That is more than 750 miles per hour!,18,1,He rides with NASA pilots to take pictures during flights. He took this selfie while flying faster than the speed of sound. That is more than 750 miles per hour!,1
"His research interests include the maritime history of medieval Japan, intercultural exchange in premodern East Asia, and cross-cultural cartography in fifteenth- and sixteenth-century East Asia.",21,0,"Her research interests include the maritime history of medieval Japan, intercultural exchange in premodern East Asia, and cross-cultural cartography in fifteenth- and sixteenth-century East Asia.",1
"He is especially interested in sports health. His hospital/clinic affiliations include Sutter Medical Network, Sutter Davis Hospital, and Sutter Roseville Medical Center. After completing medical school at the University of Nevada School of Medicine, Dr. Yee performed his residency at a hospital affiliated with the University of Arizona, a hospital affiliated with the University of Washington, and a hospital affiliated with the University of California, Davis. Dr. Yee takes several insurance carriers, including Anthem, Blue Cross/Blue Shield, and Medi-Cal. He has an open panel.",19,0,"She is especially interested in sports health. Her hospital/clinic affiliations include Sutter Medical Network, Sutter Davis Hospital, and Sutter Roseville Medical Center. After completing medical school at the University of Nevada School of Medicine, Dr. Yee performed her residency at a hospital affiliated with the University of Arizona, a hospital affiliated with the University of Washington, and a hospital affiliated with the University of California, Davis. Dr. Yee takes several insurance carriers, including Anthem, Blue Cross/Blue Shield, and Medi-Cal. She has an open panel.",1
"Kendall is the receipient of a 2014 Guggenheim Fellowship in Film/Video, and has also received fellowships from The MacDowell Colony, The Film Society of Lincoln Center, and the Sundance Institute. He graduated with a Masters in Fine Arts from the School of Visual Arts and currently lives in Philadelphia.",9,0,"Kendall is the receipient of a 2014 Guggenheim Fellowship in Film/Video, and has also received fellowships from The MacDowell Colony, The Film Society of Lincoln Center, and the Sundance Institute. She graduated with a Masters in Fine Arts from the School of Visual Arts and currently lives in Philadelphia.",1
"A contributor to V Magazine and Flip Collective, Jenny Bahn also maintains her own blog, jennyblovesyou.com and her first book Brooklyn Love Stories is available for purchase now. Follower her on Twitter @jennybahn. Meet all the Clevers Casandra ArmourArianna SchioldagerKate FergusonAbby SternKristian WilsonJenny BahnKamala KirkDominique FongDariush AzimiAmée LaTourHolly Grigg-Spall ‎Amanda OliverScott MuskaKatie LewinChina MossSofia Barrett-IbarriaAlicia WallaceDiana LevyBetsy FarberChris BrownGlenn DunksEugenia MaciasSimone WolffMelissa StettenJennifer StithBeth LalondeKim WindykaTiernan HebronLeia BellingerLindy KirkStephanie MatthiasClever DudeTracy Le More from Jenny:",12,1,"A contributor to V Magazine and Flip Collective, Jenny Bahn also maintains his own blog, jennyblovesyou.com and his first book Brooklyn Love Stories is available for purchase now. Follower him on Twitter @jennybahn. Meet all the Clevers Casandra ArmourArianna SchioldagerKate FergusonAbby SternKristian WilsonJenny BahnKamala KirkDominique FongDariush AzimiAmée LaTourHolly Grigg-Spall ‎Amanda OliverScott MuskaKatie LewinChina MossSofia Barrett-IbarriaAlicia WallaceDiana LevyBetsy FarberChris BrownGlenn DunksEugenia MaciasSimone WolffMelissa StettenJennifer StithBeth LalondeKim WindykaTiernan HebronLeia BellingerLindy KirkStephanie MatthiasClever DudeTracy Le More from Jenny:",1
"His research has explored how Mexican-origin learners use language and literacy in and out of school in communities in the U.S.-Mexico borderlands, central Mexico, and Illinois. Currently he is studying the role of bi-literacy as a generator of human capital in a Spanish/English dual language school. With Chris Hall and Rachel Wicaksono, Professor Smith is co-author of Mapping Applied Linguistics: A Guide for Students and Practitioners.",21,0,"Her research has explored how Mexican-origin learners use language and literacy in and out of school in communities in the U.S.-Mexico borderlands, central Mexico, and Illinois. Currently she is studying the role of bi-literacy as a generator of human capital in a Spanish/English dual language school. With Chris Hall and Rachel Wicaksono, Professor Smith is co-author of Mapping Applied Linguistics: A Guide for Students and Practitioners.",1
"He graduated from the University of Oklahoma, College of Medicine, and holds a Master’s degree from the University of Nebraska. Steve completed Orthopedic Residency training at Andrews Air Force Base, Maryland. He was trained as a medical laboratory technician at the Armed Forces Institute of Pathology, Washington D.C. While in the Air Force Steve achieved the Air Force Meritorious Service Medals, Commendation Medals and Achievement Medals. He was also Air University Physician Assistant of the Year.",19,0,"She graduated from the University of Oklahoma, College of Medicine, and holds a Master’s degree from the University of Nebraska. Steve completed Orthopedic Residency training at Andrews Air Force Base, Maryland. She was trained as a medical laboratory technician at the Armed Forces Institute of Pathology, Washington D.C. While in the Air Force Steve achieved the Air Force Meritorious Service Medals, Commendation Medals and Achievement Medals. She was also Air University Physician Assistant of the Year.",1
"When he was fifteen years old he ran away to join the Navy. He later worked as a brick maker and a timber feller. Martin now writes full time. His books include After the Axe Men (Penguin) ""The Clothes Prop Man"" (Wakefield Press) and the forthcoming ""Home Town Burial"" (Cornford Press) a collection of personal and autobiographical poetry. In this program Martin talks about his life and work to Mike Ladd, and David Field reads Martin's poems selected from ""Home Town Burial"".Producer: Mike Ladd",20,0,"When she was fifteen years old she ran away to join the Navy. She later worked as a brick maker and a timber feller. Martin now writes full time. Her books include After the Axe Women (Penguin) ""The Clothes Prop Woman"" (Wakefield Press) and the forthcoming ""Home Town Burial"" (Cornford Press) a collection of personal and autobiographical poetry. In this program Martin talks about her life and work to Mike Ladd, and David Field reads Martin's poems selected from ""Home Town Burial"".Producer: Mike Ladd",1
"His current documentary, Shored Up, is about coastal development and rising sea levels in the U.S. in the aftermath of Hurricane Sandy and will be nationally broadcast on DirecTV beginning on October 24th. He was the Associate Producer of A Sea Change, the acclaimed documentary about ocean acidification broadcast on Discovery’s Planet Green in 2009, and Two Square Miles, about a small town’s fight to prevent a coal-fired cement plant from building in their midst, broadcast on PBS’ Independent Lens in 2006. He has won awards for his films Diorama, Education on the Rosebud Reservation and Radical Notions, including grand prize awards at film festivals in the United States and Europe. Ben has an MFA in Film and Media Arts from Temple University and a BA from Vassar College. Register here.",9,0,"Her current documentary, Shored Up, is about coastal development and rising sea levels in the U.S. in the aftermath of Hurricane Sandy and will be nationally broadcast on DirecTV beginning on October 24th. She was the Associate Producer of A Sea Change, the acclaimed documentary about ocean acidification broadcast on Discovery’s Planet Green in 2009, and Two Square Miles, about a small town’s fight to prevent a coal-fired cement plant from building in their midst, broadcast on PBS’ Independent Lens in 2006. She has won awards for her films Diorama, Education on the Rosebud Reservation and Radical Notions, including grand prize awards at film festivals in the United States and Europe. Ben has an MFA in Film and Media Arts from Temple University and a BA from Vassar College. Register here.",1
"Her research and teaching focus on modernist and postmodernist British and American literature, basic elements of literary theory and critical thinking, transculturalism, poetics and translations. Her most recent book Rushdie’s Cross-pollinations was published at Junimea Press in 2013.",21,1,"His research and teaching focus on modernist and postmodernist British and American literature, basic elements of literary theory and critical thinking, transculturalism, poetics and translations. His most recent book Rushdie’s Cross-pollinations was published at Junimea Press in 2013.",1
"He has over 17 years experience working in public schools, as a classroom teacher, an arts coordinator, a drama/music specialist and a digital media teacher.",26,0,"She has over 17 years experience working in public schools, as a classroom teacher, an arts coordinator, a drama/music specialist and a digital media teacher.",1
"She is known to perfectly handle device/coil closure of shunt lesions, ballooning & stenting procedures, routine pediatric echo, fetal echo and other modalities used in diagnosis of pediatric cardiac diseases.",19,1,"He is known to perfectly handle device/coil closure of shunt lesions, ballooning & stenting procedures, routine pediatric echo, fetal echo and other modalities used in diagnosis of pediatric cardiac diseases.",1
"He blogs about the political economy of global health, epidemiology, sociology, economics and much more at EpiAnalysis. @sanjayb493 James Hudspeth is a hospitalist at Boston University, a lead member of the NGO Physicians for Haiti, and a global health advocate. His prior work in global health focused on HIV/AIDS activism through the American Medical Students Association and clinical research in HIV/TB performed in South Africa. @jameshudspeth",19,0,"She blogs about the political economy of global health, epidemiology, sociology, economics and much more at EpiAnalysis. @sanjayb493 James Hudspeth is a hospitalist at Boston University, a lead member of the NGO Physicians for Haiti, and a global health advocate. Her prior work in global health focused on HIV/AIDS activism through the American Medical Students Association and clinical research in HIV/TB performed in South Africa. @jameshudspeth",1
"He previously held the position of corporate law and governance professor at the University of Cape Town (UCT). According to private university Monash South Africa, where he heads the department of law, Mongalo is the deputy chairperson of the Specialist Committee on Company Law in South Africa.",21,0,"She previously held the position of corporate law and governance professor at the University of Cape Town (UCT). According to private university Monash South Africa, where she heads the department of law, Mongalo is the deputy chairperson of the Specialist Committee on Company Law in South Africa.",1
"She graduated from Westminster College with a degree in graphic design, YSU with a degree in Art education and spent a year studying at the Art Institute of Pittsburgh. She specializes in wedding, engagement, family, senior, maternity, toddler and newborn portraits.",18,1,"He graduated from Westminster College with a degree in graphic design, YSU with a degree in Art education and spent a year studying at the Art Institute of Pittsburgh. He specializes in wedding, engagement, family, senior, maternity, toddler and newborn portraits.",1
"Dr. Batteau received his PhD in Anthropology from the University of Chicago in 1978, and has held positions at Michigan State University (Associate Professor), the Institute for Illinois (founder and Executive Director), and Wizdom Systems, Inc. (Director of Research). In 1984-85 Dr. Batteau held the American Anthropological Association’s Congressional Fellowship, under which he worked on economic development legislation in the U.S. Senate.",21,0,"Dr. Batteau received her PhD in Anthropology from the University of Chicago in 1978, and has held positions at Michigan State University (Associate Professor), the Institute for Illinois (founder and Executive Director), and Wizdom Systems, Inc. (Director of Research). In 1984-85 Dr. Batteau held the American Anthropological Association’s Congressional Fellowship, under which she worked on economic development legislation in the U.S. Senate.",1
"She has taught childbirth education classes for the Jefferson County Health Department, and teaches and provides birth doula services for clients at Healthy Start.",13,1,"He has taught childbirth education classes for the Jefferson County Health Department, and teaches and provides birth doula services for clients at Healthy Start.",1
"Dr. Rosen graduated from Baylor College of Medicine in 1982 and has been in practice for 36 years. He currently practices at Brattleboro General Surgery and is affiliated with Brattleboro Memorial Hospital. Dr. Rosen accepts multiple insurance plans including Aetna, Harvard Pilgrim and Tufts Health Plan. In addition to English, Dr. Rosen's practice supports this language: Spanish.",25,0,"Dr. Rosen graduated from Baylor College of Medicine in 1982 and has been in practice for 36 years. She currently practices at Brattleboro General Surgery and is affiliated with Brattleboro Memorial Hospital. Dr. Rosen accepts multiple insurance plans including Aetna, Harvard Pilgrim and Tufts Health Plan. In addition to English, Dr. Rosen's practice supports this language: Spanish.",1
"Prior to joining the School of Hotel Administration, he taught both undergraduate and graduate real estate courses at the University of North Carolina at Chapel Hill’s Kenan-Flagler Business School and New York University’s Leonard N.",21,0,"Prior to joining the School of Hotel Administration, she taught both undergraduate and graduate real estate courses at the University of North Carolina at Chapel Hill’s Kenan-Flagler Business School and New York University’s Leonard N.",1
"He is a child psychiatrist working in private practice and with LGBTI foster children. He received his PhD in the History of Science from Harvard University, and his MD from the Harvard Medical School-MIT Program in Health Sciences and Technology. He is the editor of Science and Homosexualities (1997) and guest editor of a special volume on intersexuality, Journal of Gay & Lesbian Psychotherapy (2006). He is the author of The Erotic Imagination: French Histories of Perversity (1997) and Homosexuality and Science: A Guide to the Debates (2002). His current research interest is in transgender and intersex children and adolescents.",21,0,"She is a child psychiatrist working in private practice and with LGBTI foster children. She received her PhD in the History of Science from Harvard University, and her MD from the Harvard Medical School-MIT Program in Health Sciences and Technology. She is the editor of Science and Homosexualities (1997) and guest editor of a special volume on intersexuality, Journal of Gay & Lesbian Psychotherapy (2006). She is the author of The Erotic Imagination: French Histories of Perversity (1997) and Homosexuality and Science: A Guide to the Debates (2002). Her current research interest is in transgender and intersex children and adolescents.",1
"Marc's company, Timber Creek Capital specializes in venture capital, providing start-up funds for a variety of different companies. Marc himself offers expert insight into business planning and strategy, to help get ideas off the ground, and out into the real world.",12,0,"Marc's company, Timber Creek Capital specializes in venture capital, providing start-up funds for a variety of different companies. Marc herself offers expert insight into business planning and strategy, to help get ideas off the ground, and out into the real world.",1
"He is an international British freelance journalist who was formerly a reporter with a London (United Kingdom) newspaper and has been a frequent contributor to UCB UK, a British Christian radio station. He has reported for ANS from Jamaica, Mexico, Nicaragua, Israel, Jordan, China and Russia. Michael is a member in good standing of the National Writers Union, Society of Professional Journalists, Religion Newswriters Association, Evangelical Press Association and International Press Association. Publication date: January 2, 2013",11,0,"She is an international British freelance journalist who was formerly a reporter with a London (United Kingdom) newspaper and has been a frequent contributor to UCB UK, a British Christian radio station. She has reported for ANS from Jamaica, Mexico, Nicaragua, Israel, Jordan, China and Russia. Michael is a member in good standing of the National Writers Union, Society of Professional Journalists, Religion Newswriters Association, Evangelical Press Association and International Press Association. Publication date: January 2, 2013",1
"Dr. Arshia Anjum .A practices at Vasan Dental Care in JP Nagar 1 Phase, Bangalore. She completed BDS from SJM Dental College and Hospital, Chitradurga in 2014. She is a member of Karnataka State Dental Council.",6,1,"Dr. Arshia Anjum .A practices at Vasan Dental Care in JP Nagar 1 Phase, Bangalore. He completed BDS from SJM Dental College and Hospital, Chitradurga in 2014. He is a member of Karnataka State Dental Council.",1
"She also has experience working with individuals experiencing appearance-based distress and body image disturbance, as well as those coping with stress related to health and associated medical procedures and impact on quality of life. Her approach to treatment involves collaborative goal setting with patients to determine areas for intervention and the use of evidence-based treatment methods tailored to each individual. Weekly therapy sessions are geared toward helping individuals more effectively manage their distressing symptoms and improve their daily functioning across a number of domains (e.g., social relationships, family functioning, occupational functioning) to enhance their overall quality of life.",22,1,"He also has experience working with individuals experiencing appearance-based distress and body image disturbance, as well as those coping with stress related to health and associated medical procedures and impact on quality of life. His approach to treatment involves collaborative goal setting with patients to determine areas for intervention and the use of evidence-based treatment methods tailored to each individual. Weekly therapy sessions are geared toward helping individuals more effectively manage their distressing symptoms and improve their daily functioning across a number of domains (e.g., social relationships, family functioning, occupational functioning) to enhance their overall quality of life.",1
"She has experience in a range of businesses, from SME’S to Large listed companies and has gained insight in an array of industries such as Professional Services, Engineering, IT, FMCG, Education and Financial Services. She has her own practice as an Independent Industrial Psychologist and provides the following professional services:",22,1,"He has experience in a range of businesses, from SME’S to Large listed companies and has gained insight in an array of industries such as Professional Services, Engineering, IT, FMCG, Education and Financial Services. He has his own practice as an Independent Industrial Psychologist and provides the following professional services:",1
"She has directed animated and live action films, which have been awarded and screened at multiple international film festivals. She is based in London but her love for the moving image began in Greece, where she studied Arts and Design at the Technological Institute of Athens. She is currently working on a documentary and is doing video work for the Cartoon Museum in London.",9,1,"He has directed animated and live action films, which have been awarded and screened at multiple international film festivals. He is based in London but his love for the moving image began in Greece, where he studied Arts and Design at the Technological Institute of Athens. He is currently working on a documentary and is doing video work for the Cartoon Museum in London.",1
"Ms. Betco practices medicine in Rancho Cucamonga, CA and specializes in Pediatrics. Ms. Betco is affiliated with San Antonio Community Hospital. Ms. Betco speaks English and Spanish.",19,1,"Mr. Betco practices medicine in Rancho Cucamonga, CA and specializes in Pediatrics. Mr. Betco is affiliated with San Antonio Community Hospital. Mr. Betco speaks English and Spanish.",1
She has been active in CHH’s community initiative; Fit Together and developed an eight week nutrition and movement program for at-risk children. She is also a certified health coach and fitness instructor.,7,1,He has been active in CHH’s community initiative; Fit Together and developed an eight week nutrition and movement program for at-risk children. He is also a certified health coach and fitness instructor.,1
"A Buergenthal Scholar at The George Washington University Law School, he serves as Of Counsel to McMahon & Associates, and is the Principal Attorney at UmarLaw, a litigation and immigration law firm.",2,0,"A Buergenthal Scholar at The George Washington University Law School, she serves as Of Counsel to McMahon & Associates, and is the Principal Attorney at UmarLaw, a litigation and immigration law firm.",1
"He focuses on extending WebSphere runtime services ""into the network,"" along with software-development tools that enable rapid exploitation of these services.",24,0,"She focuses on extending WebSphere runtime services ""into the network,"" along with software-development tools that enable rapid exploitation of these services.",1
Miss Kenya has worked on many big time projects and runs her own charity Isabella Barrett’s Brand The Glitzy Girl Sponsors Eden Wood’s Red Carpet Premiere Party for Universal Pictures,12,1,Miss Kenya has worked on many big time projects and runs his own charity Isabella Barrett’s Brand The Glitzy Boy Sponsors Eden Wood’s Red Carpet Premiere Party for Universal Pictures,1
"In 1995 he started his occupational training in medicine and since worked as a doctor. One year ago he began to demonstrate his skills to interested people. It is hard to say, whether his shows are based on medical knowledge or Liu just gains attraction through entertaining tricks. However, the audience is fascinated by him.",19,0,"In 1995 she started her occupational training in medicine and since worked as a doctor. One year ago she began to demonstrate her skills to interested people. It is hard to say, whether her shows are based on medical knowledge or Liu just gains attraction through entertaining tricks. However, the audience is fascinated by her.",1
"He attends a number of CME’s and workshops to learn the new things, in order give his patients the most advanced and latest advice regarding their problems. At his clinic, he does routine consultations, minor surgical procedures and Nasal/Voice Box (larynx) endoscopies with the help of advanced gadgets.",25,0,"She attends a number of CME’s and workshops to learn the new things, in order give her patients the most advanced and latest advice regarding their problems. At her clinic, she does routine consultations, minor surgical procedures and Nasal/Voice Box (larynx) endoscopies with the help of advanced gadgets.",1
"He studies applied microeconomics and industrial organization, with a specific focus on defense and terrorism, and has published several papers on the optimal structure of defense industries. In addition to teaching, he is a Senior Economist at Compass Lexecon, a consulting firm that provides economic and financial analysis of legal and business issues to law firms, corporations and government agencies. At Compass Lexecon, he collaborates with lawyers and economists to prepare economic expert reports for antitrust, labor, and securities cases and has worked extensively on cases related to the tobacco, health insurance, private equity and technology industries.",21,0,"She studies applied microeconomics and industrial organization, with a specific focus on defense and terrorism, and has published several papers on the optimal structure of defense industries. In addition to teaching, she is a Senior Economist at Compass Lexecon, a consulting firm that provides economic and financial analysis of legal and business issues to law firms, corporations and government agencies. At Compass Lexecon, she collaborates with lawyers and economists to prepare economic expert reports for antitrust, labor, and securities cases and has worked extensively on cases related to the tobacco, health insurance, private equity and technology industries.",1
"Her patients include children, adults, teens, couples and families. Her goal is to help patients stop reliving relationships that don’t allow them to understand their actual potential – at work, in their family lives and communities. Connie Micale has a Masters Degree in Social Work from Case Western Reserve University and postgraduate training in transformational therapeutic modalities such as: Psychodrama, Hypnotherapy, Trauma therapy, Dialectical Behavioral Therapy (DBT), Eye Movement Desensitization Reprocessing (EMDR), etc.",22,1,"His patients include children, adults, teens, couples and families. His goal is to help patients stop reliving relationships that don’t allow them to understand their actual potential – at work, in their family lives and communities. Connie Micale has a Masters Degree in Social Work from Case Western Reserve University and postgraduate training in transformational therapeutic modalities such as: Psychodrama, Hypnotherapy, Trauma therapy, Dialectical Behavioral Therapy (DBT), Eye Movement Desensitization Reprocessing (EMDR), etc.",1
"Mr. Bravo practices medicine in San Diego, CA and specializes in Family Medicine. Mr. Bravo is affiliated with Scripps Mercy Hospital, Sharp Memorial Hospital and Paradise Valley Hospital. Mr. Bravo speaks English and Spanish.",19,0,"Ms. Bravo practices medicine in San Diego, CA and specializes in Family Medicine. Ms. Bravo is affiliated with Scripps Mercy Hospital, Sharp Memorial Hospital and Paradise Valley Hospital. Ms. Bravo speaks English and Spanish.",1
"Anne teaches as an associate professor of English and Creative Writing at the Institute of American Indian Arts. Her poetry has been published or is forthcoming in Orion Magazine, The American Journal of Poetry, The Georgia Review, Nimrod Journal, Flyway: Journal of Writing and Environment, About Place Journal, Tar River, Terrain.org, Whitefish Review, and elsewhere. Her poems have been nominated for a Pushcart prize and are included in Nature and Environmental Writing: A Craft Guide and Anthology. Anne has been a writer-in-residence at the Andrews Forest Writers’ Residency and the Sitka Center for Art and Ecology.",20,1,"Anne teaches as an associate professor of English and Creative Writing at the Institute of American Indian Arts. His poetry has been published or is forthcoming in Orion Magazine, The American Journal of Poetry, The Georgia Review, Nimrod Journal, Flyway: Journal of Writing and Environment, About Place Journal, Tar River, Terrain.org, Whitefish Review, and elsewhere. His poems have been nominated for a Pushcart prize and are included in Nature and Environmental Writing: A Craft Guide and Anthology. Anne has been a writer-in-residence at the Andrews Forest Writers’ Residency and the Sitka Center for Art and Ecology.",1
"A former Assistant District Attorney General, he has prosecuted and defended a wide range of criminal actions across general sessions court, grand jury and criminal courts across Tennessee. Federico is also experienced in immigration litigation against the federal government.",2,0,"A former Assistant District Attorney General, she has prosecuted and defended a wide range of criminal actions across general sessions court, grand jury and criminal courts across Tennessee. Federico is also experienced in immigration litigation against the federal government.",1
"Originally from Britain, his degrees are from Leicester and Nottingham. Before joining Cape Breton University, he taught for six years at the University of Zimbabwe.",21,0,"Originally from Britain, her degrees are from Leicester and Nottingham. Before joining Cape Breton University, she taught for six years at the University of Zimbabwe.",1
"Last semester, she had an idea. Oral history projects aren’t really anything new, but in the past, those recordings have typically ended up in dusty archives somewhere, never to be heard again. So, with the help of her students, she started building a digital, on-line archive of recorded interviews the students had done as part of the class.",21,1,"Last semester, he had an idea. Oral history projects aren’t really anything new, but in the past, those recordings have typically ended up in dusty archives somewhere, never to be heard again. So, with the help of his students, he started building a digital, on-line archive of recorded interviews the students had done as part of the class.",1
"Her research interests are in multicultural counseling competencies, minorities’ performance on standardized tests, and assessments used on culturally and linguistically diverse students.",21,1,"His research interests are in multicultural counseling competencies, minorities’ performance on standardized tests, and assessments used on culturally and linguistically diverse students.",1
"She was also a Policy Advisor, Asia-Pacific, to the former Minister of Foreign Affairs, the Honourable Stéphane Dion. She teaches political economy and Asia-Pacific politics, and her research interests include the governance of global extractive commodity markets, the relationship between global rebalancing and systemic change in the international economy, the political economy of the Asia-Pacific region, China in particular,  and Canada-China relations. Pascale Massot was the 2014-2015 Cadieux-Léger Fellow at the Department of Foreign Affairs, Trade and Development Canada, where she worked on projects ranging from Canada’s World Economic Forum engagement strategy, Asia Competencies and academic outreach. She was a visiting scholar at the Chinese Academy of Social Sciences in Beijing and a visiting PhD Candidate at Peking University’s Center for International Political Economy.",21,1,"He was also a Policy Advisor, Asia-Pacific, to the former Minister of Foreign Affairs, the Honourable Stéphane Dion. He teaches political economy and Asia-Pacific politics, and his research interests include the governance of global extractive commodity markets, the relationship between global rebalancing and systemic change in the international economy, the political economy of the Asia-Pacific region, China in particular,  and Canada-China relations. Pascale Massot was the 2014-2015 Cadieux-Léger Fellow at the Department of Foreign Affairs, Trade and Development Canada, where he worked on projects ranging from Canada’s World Economic Forum engagement strategy, Asia Competencies and academic outreach. He was a visiting scholar at the Chinese Academy of Social Sciences in Beijing and a visiting PhD Candidate at Peking University’s Center for International Political Economy.",1
"She completed her BDS degree in 2010, then moved to earn her MDS degree in Prosthodontics & Implantology in 2015 from CSMSS Dental College, Aurangabad. She was a consultant Prosthodontist in various clinics Pune, India.",6,1,"He completed his BDS degree in 2010, then moved to earn his MDS degree in Prosthodontics & Implantology in 2015 from CSMSS Dental College, Aurangabad. He was a consultant Prosthodontist in various clinics Pune, India.",1
"He has been photographing amphibians and reptiles for many years, and his photographs have been published in books, museum exhibits, and web pages. His research and scientific publications address the biomechanics and physiology of movement in animals, particularly snakes.Special interests: amphibians and reptiles; anatomy, biomechanics, and physiologyTotal Photos Contributed: 147 [View all photos] or [See a list of all photos] or [View most recent photos]",21,0,"She has been photographing amphibians and reptiles for many years, and her photographs have been published in books, museum exhibits, and web pages. Her research and scientific publications address the biomechanics and physiology of movement in animals, particularly snakes.Special interests: amphibians and reptiles; anatomy, biomechanics, and physiologyTotal Photos Contributed: 147 [View all photos] or [See a list of all photos] or [View most recent photos]",1
"He is also Associate Program Director of the Plastic Surgery Residency, and Program Director of the Microvascular Surgery Fellowship. His professional organisations include Plastic Surgery Research Council, American Society for Reconstructive Microsurgery, American Society for Reconstructive Transplantation, Memphis Robotic Surgical Society, American Society of Plastic Surgeons, etc.",21,0,"She is also Associate Program Director of the Plastic Surgery Residency, and Program Director of the Microvascular Surgery Fellowship. Her professional organisations include Plastic Surgery Research Council, American Society for Reconstructive Microsurgery, American Society for Reconstructive Transplantation, Memphis Robotic Surgical Society, American Society of Plastic Surgeons, etc.",1
"He received his Ph.D. from Southern Illinois University, and he is currently researching various topics concerning the relationship between ethics and aesthetics in the work of thinkers such as Michel Foucault, Walter Benjamin, and Stanley Cavell. His dissertation examined the significance of curiosity in the work of Martin Heidegger. Citation Styles:",21,0,"She received her Ph.D. from Southern Illinois University, and she is currently researching various topics concerning the relationship between ethics and aesthetics in the work of thinkers such as Michel Foucault, Walter Benjamin, and Stanley Cavell. Her dissertation examined the significance of curiosity in the work of Martin Heidegger. Citation Styles:",1
"Her research focuses on methods and tools to support the specification of complete, correct behavior of software systems used in environments that pose risks of loss as a consequence of failures and misuse. This includes Web-based and e-commerce systems in which the security of personal and private information is particularly vulnerable. To this end, she has developed a leadership role in research, education and outreach with her three current initiatives.",21,1,"His research focuses on methods and tools to support the specification of complete, correct behavior of software systems used in environments that pose risks of loss as a consequence of failures and misuse. This includes Web-based and e-commerce systems in which the security of personal and private information is particularly vulnerable. To this end, he has developed a leadership role in research, education and outreach with his three current initiatives.",1
"Ms. Richards practices medicine in New Iberia, LA and specializes in Family Medicine and Psychiatry. Ms. Richards is affiliated with Dauterive Hospital and Iberia Medical Center. Ms. Richards speaks English and Spanish.",19,1,"Mr. Richards practices medicine in New Iberia, LA and specializes in Family Medicine and Psychiatry. Mr. Richards is affiliated with Dauterive Hospital and Iberia Medical Center. Mr. Richards speaks English and Spanish.",1
"He is also research scientist emeritus at the Institute for Social Research, of which he was a founder. Dr. Kahn was the director of the Survey Research Center from 1970 to 1976.",22,0,"She is also research scientist emeritus at the Institute for Social Research, of which she was a founder. Dr. Kahn was the director of the Survey Research Center from 1970 to 1976.",1
"She is a mathematical biologist who specializes in the applications of topological methods and computational tools to the study of DNA packing, DNA-protein interactions, and DNA rearrangements.",21,1,"He is a mathematical biologist who specializes in the applications of topological methods and computational tools to the study of DNA packing, DNA-protein interactions, and DNA rearrangements.",1
"Her areas of clinical expertise include pediatric pulmonary medicine and sleep disorders. She is director of the Johns Hopkins Pediatric Sleep Center.Dr. Sterni received her medical degree from the Johns Hopkins University School of Medicine. She also completed her residency in pediatrics and her fellowship in pediatric pulmonary medicine at Johns Hopkins.Her research focuses on pediatric sleep disorders.She was recognized by Baltimore Magazine as a top doctor in pediatric pulmonology in 2013, 2011 and 2010.",21,1,"His areas of clinical expertise include pediatric pulmonary medicine and sleep disorders. He is director of the Johns Hopkins Pediatric Sleep Center.Dr. Sterni received his medical degree from the Johns Hopkins University School of Medicine. He also completed his residency in pediatrics and his fellowship in pediatric pulmonary medicine at Johns Hopkins.His research focuses on pediatric sleep disorders.He was recognized by Baltimore Magazine as a top doctor in pediatric pulmonology in 2013, 2011 and 2010.",1
"Prior to Tintri, Ed was the Principal Systems Architect at Data Domain, and a key contributor to the first and subsequent releases of Data Domain’s file system. He was responsible for innovations like the BOOST deduplication protocol and replication. Prior to Data Domain, Ed was at Zambeel and Compaq Systems Research Center. He has a Ph.D. from UC Berkeley in Computer Science, where he was an original member of the Berkeley RAID team.",1,0,"Prior to Tintri, Ed was the Principal Systems Architect at Data Domain, and a key contributor to the first and subsequent releases of Data Domain’s file system. She was responsible for innovations like the BOOST deduplication protocol and replication. Prior to Data Domain, Ed was at Zambeel and Compaq Systems Research Center. She has a Ph.D. from UC Berkeley in Computer Science, where she was an original member of the Berkeley RAID team.",1
"Dr. Meredith graduated from Harvard Medical School in 2007 and has been in practice for 10 years. He currently practices at Woodland Healthcare Clinic Family Practice D & E and is affiliated with Woodland Memorial Hospital. Dr. Meredith accepts multiple insurance plans including Aetna, Medicare and PacifiCare (UnitedHealthcare). Dr. Meredith also practices at Woodland Healthcare Clinic Urology in Woodland, CA. In addition to English, Dr. Meredith's practice supports these languages: Vietnamese, French and Spanish.",25,0,"Dr. Meredith graduated from Harvard Medical School in 2007 and has been in practice for 10 years. She currently practices at Woodland Healthcare Clinic Family Practice D & E and is affiliated with Woodland Memorial Hospital. Dr. Meredith accepts multiple insurance plans including Aetna, Medicare and PacifiCare (UnitedHealthcare). Dr. Meredith also practices at Woodland Healthcare Clinic Urology in Woodland, CA. In addition to English, Dr. Meredith's practice supports these languages: Vietnamese, French and Spanish.",1
"She graduated with honors in 1973. Having more than 44 years of diverse experiences, especially in CLINICAL PSYCHOLOGIST, Elayne Weiner affiliates with no hospital, and cooperates with other doctors and specialists without joining any medical groups. Call Elayne Weiner on phone number (781) 639-0457 for more information and advises or to book an appointment.",22,1,"He graduated with honors in 1973. Having more than 44 years of diverse experiences, especially in CLINICAL PSYCHOLOGIST, Elayne Weiner affiliates with no hospital, and cooperates with other doctors and specialists without joining any medical groups. Call Elayne Weiner on phone number (781) 639-0457 for more information and advises or to book an appointment.",1
Carlson's research interests include the use of human-centered co-creative methods in communicating health or social issues within micro-communities. His current design research includes the design and testing of maps for disease prevention and awareness; design and testing of alternative communication systems for food recalls; and the use of co-creative/participatory methods for instructional coaching of primary and secondary educators.,21,0,Carlson's research interests include the use of human-centered co-creative methods in communicating health or social issues within micro-communities. Her current design research includes the design and testing of maps for disease prevention and awareness; design and testing of alternative communication systems for food recalls; and the use of co-creative/participatory methods for instructional coaching of primary and secondary educators.,1
"His work has been featured in TIME, Wired, Fast Company, CNN,The Atlantic, VICE, It's Nice That, Inked Magazine, Gizmodo, The Huffington Post, Paper Journal, Elle and various other publications. Instagram: @petergarritanoEmail: petergarritano@gmail.com",18,0,"Her work has been featured in TIME, Wired, Fast Company, CNN,The Atlantic, VICE, It's Nice That, Inked Magazine, Gizmodo, The Huffington Post, Paper Journal, Elle and various other publications. Instagram: @petergarritanoEmail: petergarritano@gmail.com",1
"Her specialty is in Human Services, School Nursing. She does not presently work in this field. University of Detroit, Michigan: Human Services – Nursing, 1978-1984. Henry Ford College, Dearborn, Michigan: Associate in Science. 1973 – 1976. Dean’s List 1974.",13,1,"His specialty is in Human Services, School Nursing. He does not presently work in this field. University of Detroit, Michigan: Human Services – Nursing, 1978-1984. Henry Ford College, Dearborn, Michigan: Associate in Science. 1973 – 1976. Dean’s List 1974.",1
"He is an author of Performance By Design: The Systematic Selection, Design, and Development of Performance Technologies, 5 e-Learning Activities: Making Online Courses Interactive, and E-Learning Companion: A Student’s Guide to Online Success. In addition, he has co-authored two books on educational planning and more than 60 articles on instructional design, strategic planning, needs assessment, distance education, and performance technology. Dr. Watkins is an active member of the International Society for Performance Improvement (ISPI) and was a vice president of the Inter-American Distance Education Consortium (CREAD). In 2005 Ryan was a visiting scientist with the National Science Foundation. For more information please visit http://www.ryanrwatkins. com or http://www.how2elearn.com.",21,0,"She is an author of Performance By Design: The Systematic Selection, Design, and Development of Performance Technologies, 5 e-Learning Activities: Making Online Courses Interactive, and E-Learning Companion: A Student’s Guide to Online Success. In addition, she has co-authored two books on educational planning and more than 60 articles on instructional design, strategic planning, needs assessment, distance education, and performance technology. Dr. Watkins is an active member of the International Society for Performance Improvement (ISPI) and was a vice president of the Inter-American Distance Education Consortium (CREAD). In 2005 Ryan was a visiting scientist with the National Science Foundation. For more information please visit http://www.ryanrwatkins. com or http://www.how2elearn.com.",1
"She previously spent three years at DNAinfo reporting on Lakeview and, later, the West Loop and Pilsen. From her hometown of Toledo, Ohio, to Galesburg, Ill. and Appleton, Wis., she traversed the Midwest covering crime and courts before landing in Chicago. She lives in Bridgeport and enjoys restaurants, concerts and binge-watching Netflix with one of her three pets curled up in her lap. Follow Ariel on Twitter at @arielfab.",11,1,"He previously spent three years at DNAinfo reporting on Lakeview and, later, the West Loop and Pilsen. From his hometown of Toledo, Ohio, to Galesburg, Ill. and Appleton, Wis., he traversed the Midwest covering crime and courts before landing in Chicago. He lives in Bridgeport and enjoys restaurants, concerts and binge-watching Netflix with one of his three pets curled up in his lap. Follow Ariel on Twitter at @arielfab.",1
"She is a pioneer in the area of integrating mindfulness-based programs in business, health care and academic settings. She is a licensed therapist, educator and certified Teacher in Mindfulness-Based Stress Reduction. She studied at Harvard University and is the author of innovative articles such as “Opening the Heart at Stanford, Google and Beyond” and “The Science of Goodness”.",26,1,"He is a pioneer in the area of integrating mindfulness-based programs in business, health care and academic settings. He is a licensed therapist, educator and certified Teacher in Mindfulness-Based Stress Reduction. He studied at Harvard University and is the author of innovative articles such as “Opening the Heart at Stanford, Google and Beyond” and “The Science of Goodness”.",1
"Her research expertise includes breast cancer screening behavior, health disparities, Latino/a health, and community-based cancer prevention/education research. Dr. Espinoza's recent research projects employed culturally appropriate strategies for reaching Latino/a populations via teatro (Chicano theater), Freire-style pedagogy for adult education, and lay health educators/navigators (promotoras/comadres).",21,1,"His research expertise includes breast cancer screening behavior, health disparities, Latino/a health, and community-based cancer prevention/education research. Dr. Espinoza's recent research projects employed culturally appropriate strategies for reaching Latino/a populations via teatro (Chicano theater), Freire-style pedagogy for adult education, and lay health educators/navigators (promotoras/comadres).",1
"She taught K-12, undergraduate and graduate levels in visual arts education prior to her appointment at Buffalo State. She received her Ph.D in art education at University of Illinois, Urbana-Champaign in 2009 and served as a visiting assistant professor at the same school before joining Buffalo State. She is a recipient of the 2010-2011 SUNY Faculty Diversity and Educational Equity Program research award.",21,1,"He taught K-12, undergraduate and graduate levels in visual arts education prior to his appointment at Buffalo State. He received his Ph.D in art education at University of Illinois, Urbana-Champaign in 2009 and served as a visiting assistant professor at the same school before joining Buffalo State. He is a recipient of the 2010-2011 SUNY Faculty Diversity and Educational Equity Program research award.",1
"On average, patients gave him a rating of 4.0 stars out of 5. Areas of expertise for Dr. Christensen include thyroid problems, gallbladder removal surgery (cholecystectomy), and thyroid surgery. He is professionally affiliated with BayCare Physician Partners, St. Joseph's Hospital - North, and BayCare Medical Group. He accepts several insurance carriers, including Blue Cross Blue Shield EPO, Blue Cross Blue Shield Bronze, and Blue Cross Blue Shield HMO. Dr. Christensen studied medicine at Indiana University School of Medicine.",25,0,"On average, patients gave her a rating of 4.0 stars out of 5. Areas of expertise for Dr. Christensen include thyroid problems, gallbladder removal surgery (cholecystectomy), and thyroid surgery. She is professionally affiliated with BayCare Physician Partners, St. Joseph's Hospital - North, and BayCare Medical Group. She accepts several insurance carriers, including Blue Cross Blue Shield EPO, Blue Cross Blue Shield Bronze, and Blue Cross Blue Shield HMO. Dr. Christensen studied medicine at Indiana University School of Medicine.",1
"He earned his Ph.D. in Chemical Engineering from the University of Minnesota. Tzanakakis did his postdoctoral training at the Stem Cell Institute of the University of Minnesota and at the Diabetes Center of the University of California, San Francisco. His laboratory’s research interests are in the area of stem cell engineering, particularly for diabetes and heart disease applications. Implementing a combination of experiment- and computation-based approaches, the overarching goal of his research is the realization of the potential of stem cells in regenerative medicine.",21,0,"She earned her Ph.D. in Chemical Engineering from the University of Minnesota. Tzanakakis did her postdoctoral training at the Stem Cell Institute of the University of Minnesota and at the Diabetes Center of the University of California, San Francisco. Her laboratory’s research interests are in the area of stem cell engineering, particularly for diabetes and heart disease applications. Implementing a combination of experiment- and computation-based approaches, the overarching goal of her research is the realization of the potential of stem cells in regenerative medicine.",1
"Nayfehs research interest is in the application of mechanics in the analysis, design, and manufacture of a advanced materials and structures. He had published and authored over 30 papers and conducted short courses and workshops dealing with his research interest. Nayfeh has collaborated with Hosni in establishing the Design an Rapid Prototyping Laboratory at UCF. DRPL is equipped with state-of-the-art equipment for design and RP. The research presented in this paper was conducted in the DRPL. Nayfeh is a member of AIAA, ASME, ASCE, AAM,",21,0,"Nayfehs research interest is in the application of mechanics in the analysis, design, and manufacture of a advanced materials and structures. She had published and authored over 30 papers and conducted short courses and workshops dealing with her research interest. Nayfeh has collaborated with Hosni in establishing the Design an Rapid Prototyping Laboratory at UCF. DRPL is equipped with state-of-the-art equipment for design and RP. The research presented in this paper was conducted in the DRPL. Nayfeh is a member of AIAA, ASME, ASCE, AAM,",1
"Over the past couple of years, Jeffrey McLaughlin, MD has twice attempted to scale the steep face of the Matterhorn in the Swiss Alps. He was turned back both times because of thunder, lightning and ice storms. In early August this year, on his third try, Dr. McLaughlin and a guide successfully climbed to the 14,700 ft. summit, accompanied by stiff winds and temperatures hovering at 15 degrees F.",25,0,"Over the past couple of years, Jeffrey McLaughlin, MD has twice attempted to scale the steep face of the Matterhorn in the Swiss Alps. She was turned back both times because of thunder, lightning and ice storms. In early August this year, on her third try, Dr. McLaughlin and a guide successfully climbed to the 14,700 ft. summit, accompanied by stiff winds and temperatures hovering at 15 degrees F.",1
"His artistic search is not to comment on politics, psychology, sociology, religion or human relationships. He is interested in exploring the language of painting as an end unto itself. This purity of intent connects him to the world of American abstract expressionism whose critic philosopher, Clement Greenberg, drew attention to the fact that renouncing narrative liberated the language of painting to be of itself without the need for anything else. The first cubisms of Picasso and Braque were also essentially concerned with language and revolutionising the picture plane, but there was still a narrative to be portrayed; the same could be said for literature, where within the experimental language of James Joyce in 'Finnegans Wake' there is still a story being recounted.",14,0,"Her artistic search is not to comment on politics, psychology, sociology, religion or human relationships. She is interested in exploring the language of painting as an end unto itself. This purity of intent connects her to the world of American abstract expressionism whose critic philosopher, Clement Greenberg, drew attention to the fact that renouncing narrative liberated the language of painting to be of itself without the need for anything else. The first cubisms of Picasso and Braque were also essentially concerned with language and revolutionising the picture plane, but there was still a narrative to be portrayed; the same could be said for literature, where within the experimental language of James Joyce in 'Finnegans Wake' there is still a story being recounted.",1
"Patient ratings for Dr. Marriott average 4.5 stars out of 5. Clinical interests for Dr. Marriott include holistic approaches, temporomandibular joint disorder (TMJ), and activator methods. He accepts Anthem, Blue Cross/Blue Shield, and Self-Pay/Uninsured insurance. Dr. Marriott has received the following distinction: Athletic honors in Gymnastics CA State Champion and All American winner.",3,0,"Patient ratings for Dr. Marriott average 4.5 stars out of 5. Clinical interests for Dr. Marriott include holistic approaches, temporomandibular joint disorder (TMJ), and activator methods. She accepts Anthem, Blue Cross/Blue Shield, and Self-Pay/Uninsured insurance. Dr. Marriott has received the following distinction: Athletic honors in Gymnastics CA State Champion and All American winner.",1
"In 1998, and again in 2005, he was recognized for his excellence in teaching by being selected to be included in the Who's Who Among Americas Teachers. He is also a recognized leader in online economics education, receiving an award at the Eleventh International Conference on College Teaching & Learning for ""Innovative Excellence in Teaching, Learning and Technology”.",26,0,"In 1998, and again in 2005, she was recognized for her excellence in teaching by being selected to be included in the Who's Who Among Americas Teachers. She is also a recognized leader in online economics education, receiving an award at the Eleventh International Conference on College Teaching & Learning for ""Innovative Excellence in Teaching, Learning and Technology”.",1
"She received her Ph.D. in political science from The George Washington University. Her research and teaching interests lie in international security and U.S. foreign policy. Her work has appeared or is forthcoming in the Bulletin of the Atomic Sciences, International Studies Perspectives, International Studies Quarterly, Security Studies, Survival, and The Washington Quarterly. She is currently completing a book project exploring how leaders decide to use preventive military force as a counter-proliferation strategy against adversarial nuclear programs.",21,1,"He received his Ph.D. in political science from The George Washington University. His research and teaching interests lie in international security and U.S. foreign policy. His work has appeared or is forthcoming in the Bulletin of the Atomic Sciences, International Studies Perspectives, International Studies Quarterly, Security Studies, Survival, and The Washington Quarterly. He is currently completing a book project exploring how leaders decide to use preventive military force as a counter-proliferation strategy against adversarial nuclear programs.",1
"Soha is admitted to practice in Kentucky. Prior to joining Legal Aid in July 2008, Soha served as a Compliance Officer at Expungement Assistance Services.",2,1,"Soha is admitted to practice in Kentucky. Prior to joining Legal Aid in July 2008, Soha served as a Compliance Officer at Expungement Assistance Services.",0
"She holds an MFA in Creative Writing from the University of Guelph. She is completing her second manuscript, Tell, based on her thesis, a collection of poems in response to the 1997 murder of Reena Virk. She is also a student of flamenco, gardening and birding.",20,1,"He holds an MFA in Creative Writing from the University of Guelph. He is completing his second manuscript, Tell, based on his thesis, a collection of poems in response to the 1997 murder of Reena Virk. He is also a student of flamenco, gardening and birding.",1
She graduated from Academy of Art University in 2010 with a BFA in Photography. Her fine art photography focuses on black and white pinhole photography. Ashley makes her own cameras out of wood and found objects to shoot pinhole photographs. She also does editorial photography and weddings.,18,1,He graduated from Academy of Art University in 2010 with a BFA in Photography. His fine art photography focuses on black and white pinhole photography. Ashley makes his own cameras out of wood and found objects to shoot pinhole photographs. He also does editorial photography and weddings.,1
"EVO Minecraft MOOC is a 5-week session that has taken place in Minecraft, a wiki, and Google+ Community space each Jan / Feb since 2015. The presenter conceived the idea for EVO Minecraft MOOC as a way that he himself could develop expertise in the game and thereby use it with students. Other teachers were attracted to the concept, including some who had some experience in the game. Participants were attracted to the session for the same reasons — not that their learning paths had been prescribed for them in a neatly pre-set syllabus but that by entering the “game” or session, learning would happen for them in a way that participants would come to understand by experiencing the process that Ito et al (2010) characterize as “hanging out, messing around, and geeking out.”",26,0,"EVO Minecraft MOOC is a 5-week session that has taken place in Minecraft, a wiki, and Google+ Community space each Jan / Feb since 2015. The presenter conceived the idea for EVO Minecraft MOOC as a way that she herself could develop expertise in the game and thereby use it with students. Other teachers were attracted to the concept, including some who had some experience in the game. Participants were attracted to the session for the same reasons — not that their learning paths had been prescribed for them in a neatly pre-set syllabus but that by entering the “game” or session, learning would happen for them in a way that participants would come to understand by experiencing the process that Ito et al (2010) characterize as “hanging out, messing around, and geeking out.”",1
"He has worked as an academic at the Open University and the Universities of Sheffield and Nottingham in the UK, and at the University of Auckland and Victoria University of Wellington in NZ. He has also worked as a Senior Scientist at Landcare Research.",1,0,"She has worked as an academic at the Open University and the Universities of Sheffield and Nottingham in the UK, and at the University of Auckland and Victoria University of Wellington in NZ. She has also worked as a Senior Scientist at Landcare Research.",1
"He holds MA in Fine Art at Central Saint Martin’s College and his work has been shown in festivals and galleries around the world including BFI Flare, Queer Lisboa, Barbican Gallery, Centre Pompidou, Pica Australia, NYC Mix and Exile Gallery. He is the founder and director of the creative platform The Queer Archive.",9,0,"She holds MA in Fine Art at Central Saint Martin’s College and her work has been shown in festivals and galleries around the world including BFI Flare, Queer Lisboa, Barbican Gallery, Centre Pompidou, Pica Australia, NYC Mix and Exile Gallery. She is the founder and director of the creative platform The Queer Archive.",1
"His research interest includes Neuromodulation of identified sensory and motor neurons, Quantal assessment of neurotransmission, Understanding the basic components involved in vesicular release at nerve terminals, Skeletal and skeletal muscle physiology and pathology, Sterological methods for characterization of synaptic structures.",21,0,"Her research interest includes Neuromodulation of identified sensory and motor neurons, Quantal assessment of neurotransmission, Understanding the basic components involved in vesicular release at nerve terminals, Skeletal and skeletal muscle physiology and pathology, Sterological methods for characterization of synaptic structures.",1
"He gives an insight into the challenges faced by clinicians when providing care to elite athletes. When considering treatment options, it is important to be aware of which medicines are subject to restrictions under the World Anti-Doping Agency list of prohibited substances.",19,0,"She gives an insight into the challenges faced by clinicians when providing care to elite athletes. When considering treatment options, it is important to be aware of which medicines are subject to restrictions under the World Anti-Doping Agency list of prohibited substances.",1
"She studied both Psychology and Economics as an undergraduate at Rutgers University, followed by doctoral work in Psychological & Brain Sciences at Johns Hopkins University. After postdoctoral training at the University of California, Davis Center for Mind and Brain, she arrived at CU Denver in 2016 and setup the Laboratory for Integrative Vision. Her research is focused on the question of how visual perception and cognitive mechanisms interact to influence behavior and subjective experience. She is particularly interested in how this might vary across mental health disorders, as well as within the typical population. Multiple methodologies including psychophysics, EEG recording, and eye-tracking are used to investigate these questions.",21,1,"He studied both Psychology and Economics as an undergraduate at Rutgers University, followed by doctoral work in Psychological & Brain Sciences at Johns Hopkins University. After postdoctoral training at the University of California, Davis Center for Mind and Brain, he arrived at CU Denver in 2016 and setup the Laboratory for Integrative Vision. His research is focused on the question of how visual perception and cognitive mechanisms interact to influence behavior and subjective experience. He is particularly interested in how this might vary across mental health disorders, as well as within the typical population. Multiple methodologies including psychophysics, EEG recording, and eye-tracking are used to investigate these questions.",1
"Dr. Chua graduated from Far Eastern University Institute of Medicine Nicanor Reyes Medical Foundation in 1970 and has been in practice for 48 years. He completed a residency at Sinai Medical Center. Dr. Chua also specializes in Bariatric Medicine (Obesity Medicine). He currently practices at Wisconsin Bariatrics SC and is affiliated with Aurora St Luke's Medical Center. Dr. Chua accepts multiple insurance plans including Aetna, Medicare and Blue Cross Blue Shield of Illinois. Dr. Chua also practices at Aurora St Lukes Medical Center in Milwaukee, WI. In addition to English, Dr. Chua's practice supports this language: Spanish.",25,0,"Dr. Chua graduated from Far Eastern University Institute of Medicine Nicanor Reyes Medical Foundation in 1970 and has been in practice for 48 years. She completed a residency at Sinai Medical Center. Dr. Chua also specializes in Bariatric Medicine (Obesity Medicine). She currently practices at Wisconsin Bariatrics SC and is affiliated with Aurora St Luke's Medical Center. Dr. Chua accepts multiple insurance plans including Aetna, Medicare and Blue Cross Blue Shield of Illinois. Dr. Chua also practices at Aurora St Lukes Medical Center in Milwaukee, WI. In addition to English, Dr. Chua's practice supports this language: Spanish.",1
"Department of Environmental Conservation. He is currently a Section Chief in OG's Bureau of Remediation.He supervises a team of attorneys and a paralegal, which is responsible for providing legal assistance to the DEC's remedial programs, including the Brownfield Cleanup Program, the State Superfund Program, the Environmental Restoration Program, and the RCRA Corrective Action Program.",2,0,"Department of Environmental Conservation. She is currently a Section Chief in OG's Bureau of Remediation.She supervises a team of attorneys and a paralegal, which is responsible for providing legal assistance to the DEC's remedial programs, including the Brownfield Cleanup Program, the State Superfund Program, the Environmental Restoration Program, and the RCRA Corrective Action Program.",1
"His areas of expertise include high risk pregnancy. Dr. McNanley takes Medicare insurance. Before completing his residency at a hospital affiliated with the University of Tennessee, Dr. McNanley attended medical school at the University of Illinois College of Medicine at Chicago. He is affiliated with Park Nicollet Clinic - Meadowbrook. Dr. McNanley welcomes new patients.",19,0,"Her areas of expertise include high risk pregnancy. Dr. McNanley takes Medicare insurance. Before completing her residency at a hospital affiliated with the University of Tennessee, Dr. McNanley attended medical school at the University of Illinois College of Medicine at Chicago. She is affiliated with Park Nicollet Clinic - Meadowbrook. Dr. McNanley welcomes new patients.",1
"She graduated with honors in 2007. Having more than 10 years of diverse experiences, especially in NURSE PRACTITIONER, Emma B Cempron affiliates with no hospital, and cooperates with other doctors and specialists in many medical groups including Scott A. Rubin Pc, Eugene Rosenman Md Ltd. Call Emma B Cempron on phone number (702) 580-7209 for more information and advises or to book an appointment.",13,1,"He graduated with honors in 2007. Having more than 10 years of diverse experiences, especially in NURSE PRACTITIONER, Emma B Cempron affiliates with no hospital, and cooperates with other doctors and specialists in many medical groups including Scott A. Rubin Pc, Eugene Rosenman Md Ltd. Call Emma B Cempron on phone number (702) 580-7209 for more information and advises or to book an appointment.",1
"She practices in Fort Wayne, Indiana and has the professional credentials of RN. The NPI Number for Teresa M Bower is 1033391578 and she holds a License No. 28093534A (Indiana).",13,1,"He practices in Fort Wayne, Indiana and has the professional credentials of RN. The NPI Number for Teresa M Bower is 1033391578 and he holds a License No. 28093534A (Indiana).",1
"She earned a Bachelor's Degree in Education from Miami University of Ohio and a Master's Degree in Special Education from The University of Arkansas. During her 37 years of teaching, she taught most of the elementary grades including kindergarten. Deborah also taught at a private school for students with developmental delay as well as being a special education teacher in AISD. She gained state certification to teach gifted and talented students.",26,1,"He earned a Bachelor's Degree in Education from Miami University of Ohio and a Master's Degree in Special Education from The University of Arkansas. During him 37 years of teaching, he taught most of the elementary grades including kindergarten. Deborah also taught at a private school for students with developmental delay as well as being a special education teacher in AISD. He gained state certification to teach gifted and talented students.",1
"She studies representation, elections, political parties, and public goods distributions at the local level in the United States. She is the author of Political Monopolies in American Cities: The Rise and Fall of Bosses and Reformers (University of Chicago Press) and has published numerous articles in journals such as the American Journal of Political Science, The Journal of Politics, American Politics Research, UAR, and Political Research Quarterly.",21,1,"He studies representation, elections, political parties, and public goods distributions at the local level in the United States. He is the author of Political Monopolies in American Cities: The Rise and Fall of Bosses and Reformers (University of Chicago Press) and has published numerous articles in journals such as the American Journal of Political Science, The Journal of Politics, American Politics Research, UAR, and Political Research Quarterly.",1
"His work on comics and fandom has appeared in a number of journals, including The European Journal of American Studies, Transformative Works and Cultures, Studies in Comics, Journal of Fandom Studies, The Iowa Journal of Cultural Studies, and The Velvet Light Trap. His monograph on the Batman television series was published by Wayne State University Press in 2014. His book Tomorrow is Yesterday: Memory and Affect in 50 Years of Star Trek World-Building is forthcoming from Amsterdam University Press.",21,0,"Her work on comics and fandom has appeared in a number of journals, including The European Journal of American Studies, Transformative Works and Cultures, Studies in Comics, Journal of Fandom Studies, The Iowa Journal of Cultural Studies, and The Velvet Light Trap. Her monograph on the Batman television series was published by Wayne State University Press in 2014. Her book Tomorrow is Yesterday: Memory and Affect in 50 Years of Star Trek World-Building is forthcoming from Amsterdam University Press.",1
"She has recently graduated Eastern Connecticut State University with a Secondary English Education degree with a minor writing concentration. She has also been the chief literary editor of the university’s literary magazine Eastern Exposure. She has had previous work published in Eastern Exposure (1, 2, &3), The New Plains Review, Silkword 4, Nefarious Ballerina, The North Central Review, Imitation Fruit, and The World Voice Project: Inspiring a Conscience Signature. At 23 years of age, she is currently developing and finishing her own manuscript. ______________________________________________________________",20,1,"He has recently graduated Eastern Connecticut State University with a Secondary English Education degree with a minor writing concentration. He has also been the chief literary editor of the university’s literary magazine Eastern Exposure. He has had previous work published in Eastern Exposure (1, 2, &3), The New Plains Review, Silkword 4, Nefarious Ballerina, The North Central Review, Imitation Fruit, and The World Voice Project: Inspiring a Conscience Signature. At 23 years of age, he is currently developing and finishing his own manuscript. ______________________________________________________________",1
"He graduated from Baldwin High School in 2003, Georgia College & State University in 2006, and the Walter F. Georgia School of Law in 2009, where he was a member of the Mercer Law Review and Journal of Southern Legal History. McMullen practiced law in Macon for five years before returning to Milledgeville in 2015. He is active in the community as the Worship Committee Chairman for First United Methodist Church, Secretary for the Milledgeville Jaycees, Senior Steward of Benevolent Lodge #3 F&AM, Trustee of Lockerly Arboretum and board member of the Old Capital Museum Society. McMullen lives with his wife, Ruth, and sons Jack and George in Milledgeville.",2,0,"She graduated from Baldwin High School in 2003, Georgia College & State University in 2006, and the Walter F. Georgia School of Law in 2009, where she was a member of the Mercer Law Review and Journal of Southern Legal History. McMullen practiced law in Macon for five years before returning to Milledgeville in 2015. She is active in the community as the Worship Committee Chairman for First United Methodist Church, Secretary for the Milledgeville Jaycees, Senior Steward of Benevolent Lodge #3 F&AM, Trustee of Lockerly Arboretum and board member of the Old Capital Museum Society. McMullen lives with her husband, Ruth, and sons Jack and George in Milledgeville.",1
"She is possibly India's first photographer who specializes in photographing new born babies, would be moms, pets and families. She also runs a company under the name of ""Kids Say Cheese"" to Shikha Khanna.",18,1,"He is possibly India's first photographer who specializes in photographing new born babies, would be moms, pets and families. He also runs a company under the name of ""Kids Say Cheese"" to Shikha Khanna.",1
"She graduated with honors in 2004. Having more than 13 years of diverse experiences, especially in CLINICAL PSYCHOLOGIST, Maria C Graf affiliates with no hospital, and cooperates with other doctors and specialists in medical group Dean Health Systems Inc. Call Maria C Graf on phone number (608) 825-3008 for more information and advises or to book an appointment.",22,1,"He graduated with honors in 2004. Having more than 13 years of diverse experiences, especially in CLINICAL PSYCHOLOGIST, Maria C Graf affiliates with no hospital, and cooperates with other doctors and specialists in medical group Dean Health Systems Inc. Call Maria C Graf on phone number (608) 825-3008 for more information and advises or to book an appointment.",1
"For the past 15 years, he has designed and supported publishing tools for IBM's Information Development community. Don provides XML expertise for Information Design and Development in IBM's e-business Operating Systems Solutions area and for IBM Corporate User Technology. He has represented IBM on the W3C XSL Working Group and is presently IBM's alternate rep for the W3C CSS Working Group. Don holds a dual-major Bachelor of Arts degree in English and Journalism and a Master of Arts degree in Technical and Professional Communication (with a minor in Computer Science) from New Mexico State University.",24,0,"For the past 15 years, she has designed and supported publishing tools for IBM's Information Development community. Don provides XML expertise for Information Design and Development in IBM's e-business Operating Systems Solutions area and for IBM Corporate User Technology. She has represented IBM on the W3C XSL Working Group and is presently IBM's alternate rep for the W3C CSS Working Group. Don holds a dual-major Bachelor of Arts degree in English and Journalism and a Master of Arts degree in Technical and Professional Communication (with a minor in Computer Science) from New Mexico State University.",1
"MeTEOR Education is driven by a desire to get the right tools into the hands of teachers like Mrs. McDonald. When a partnership like this comes together it all adds up, and the students win.",26,1,"MeTEOR Education is driven by a desire to get the right tools into the hands of teachers like Mr. McDonald. When a partnership like this comes together it all adds up, and the students win.",1
"He has over 19 years experience in the finance domain. He has been associated with DP World for 3 years and was in charges of Finance at DP World Nhava Sheva prior to being posted at DP World Vallarpadam . His current responsibilities include Finance, Accounts and procurement. Read Biography Rajeev Menon",0,0,"She has over 19 years experience in the finance domain. She has been associated with DP World for 3 years and was in charges of Finance at DP World Nhava Sheva prior to being posted at DP World Vallarpadam . Her current responsibilities include Finance, Accounts and procurement. Read Biography Rajeev Menon",1
"One of four partners in a full-service family practice, she also provides geriatric outreach to Downtown Eastside hotels through the Strathcona Mental Health Team and works with BC Women’s Sexual Assault Service.",19,1,"One of four partners in a full-service family practice, he also provides geriatric outreach to Downtown Eastside hotels through the Strathcona Mental Health Team and works with BC Men’s Sexual Assault Service.",1
"His past work has included being a staff attorney with the National Health Law Program in Los Angeles, where he co-founded a Medicare Advocacy Project, and Disability Rights New Mexico. Michael has extensive experience with educational presentations for community groups and professionals, and has received advocacy awards from the New Mexico State Conference on Aging, and the National Aging and Law Conference.",2,0,"Her past work has included being a staff attorney with the National Health Law Program in Los Angeles, where she co-founded a Medicare Advocacy Project, and Disability Rights New Mexico. Michael has extensive experience with educational presentations for community groups and professionals, and has received advocacy awards from the New Mexico State Conference on Aging, and the National Aging and Law Conference.",1
"Dr. M. Ganesh Raja practices at Vijaya Dental Clinic in Ayanavaram, Chennai. He completed BDS from Saveetha Dental College and Hospital, Chennai (Madras) in 2010. He is a member of FAGE ( Fellowship in Association of General Education). Some of the services provided by the doctor are: Dental Checkup (General),Dental Examinations,Crowns and Bridges Fixing,Artificial Teeth and Tooth Extraction etc.",6,0,"Dr. M. Ganesh Raja practices at Vijaya Dental Clinic in Ayanavaram, Chennai. She completed BDS from Saveetha Dental College and Hospital, Chennai (Madras) in 2010. She is a member of FAGE ( Fellowship in Association of General Education). Some of the services provided by the doctor are: Dental Checkup (General),Dental Examinations,Crowns and Bridges Fixing,Artificial Teeth and Tooth Extraction etc.",1
"Her research focuses on hunter-gatherer societies in the Near East, North Africa and Arabia with the aim of reconstructing human-environment interactions during the Late Pleistocene. The transition between hunting and gathering and farming in this region is well-studied, but tends to focus on … Continued",21,1,"His research focuses on hunter-gatherer societies in the Near East, North Africa and Arabia with the aim of reconstructing human-environment interactions during the Late Pleistocene. The transition between hunting and gathering and farming in this region is well-studied, but tends to focus on … Continued",1
"She designs and implements research projects to elucidate the most effective and efficient means of disseminating and implementing research findings so as to optimize their utility for potential end users and other stakeholders. In addition, she serves as communication liaison for the University of Kentucky’s Superfund Research Program and is Co-Leader of the Program’s Research Translation Core, where she works with stakeholder groups to improve mutual understandings of environmental health issues.",21,1,"He designs and implements research projects to elucidate the most effective and efficient means of disseminating and implementing research findings so as to optimize their utility for potential end users and other stakeholders. In addition, he serves as communication liaison for the University of Kentucky’s Superfund Research Program and is Co-Leader of the Program’s Research Translation Core, where he works with stakeholder groups to improve mutual understandings of environmental health issues.",1
He holds a Masters degree in Mathematics from the Indian Institute of Technology. His current focus is on power and performance optimization of software applications on dual-core platforms. His e-mail is karthikeyan.krishnan@intel.com.,24,0,She holds a Masters degree in Mathematics from the Indian Institute of Technology. Her current focus is on power and performance optimization of software applications on dual-core platforms. Her e-mail is karthikeyan.krishnan@intel.com.,1
"Dr. Yin's research is on how public disability and retirement policies affect the economic behavior and well-being of vulnerable populations, such as the elderly and the disabled. In particular, she focuses on how public policies, e.g., Social Security programs and Medicare policies, affect their health status and economic well-being, and how the policies shape their benefit claiming behavior and receipt, and labor supply decisions. Na received her PhD in Economics from State University of New York at Stony Brook and BA in Economics from Renmin University in Beijing. Associated Research Projects",21,1,"Dr. Yin's research is on how public disability and retirement policies affect the economic behavior and well-being of vulnerable populations, such as the elderly and the disabled. In particular, he focuses on how public policies, e.g., Social Security programs and Medicare policies, affect their health status and economic well-being, and how the policies shape their benefit claiming behavior and receipt, and labor supply decisions. Na received his PhD in Economics from State University of New York at Stony Brook and BA in Economics from Renmin University in Beijing. Associated Research Projects",1
"Wes spent his first two years out of law school working for the Louisville Metro Public Defender’s Office where he gained critical litigation skills and courtroom experience. Now he uses those skills to advocate for the firm’s criminal defense and general litigation clients. Wes was admitted to the bar in October 2015. Prior to that, he spent over ten years in the United States Air Force in the intelligence field.",2,0,"Wes spent her first two years out of law school working for the Louisville Metro Public Defender’s Office where she gained critical litigation skills and courtroom experience. Now she uses those skills to advocate for the firm’s criminal defense and general litigation clients. Wes was admitted to the bar in October 2015. Prior to that, she spent over ten years in the United States Air Force in the intelligence field.",1
"Dr. Bhojani accepts Aetna EPO, Blue Cross/Blue Shield, and Aetna Medicare, as well as other insurance carriers. He studied medicine at the University of Texas Southwestern Medical School. He has received the distinction of Texas Rising Stars. His hospital/clinic affiliations include Memorial Hermann Southwest Hospital and Memorial Hermann Sugar Land Hospital.",19,0,"Dr. Bhojani accepts Aetna EPO, Blue Cross/Blue Shield, and Aetna Medicare, as well as other insurance carriers. She studied medicine at the University of Texas Southwestern Medical School. She has received the distinction of Texas Rising Stars. Her hospital/clinic affiliations include Memorial Hermann Southwest Hospital and Memorial Hermann Sugar Land Hospital.",1
"Cheong Chin Siong practices at Red Horse Chinese Medical and Trading in Bugis, Singapore. He completed Diploma in TCM from Singapore College of TCM, Singapore in 2003. Some of the services provided by the him are: Cupping Therapy,TuiNa,Emotions & Stress Related Conditions,Men's Health and Women's Health etc.",19,0,"Cheong Chin Siong practices at Red Horse Chinese Medical and Trading in Bugis, Singapore. She completed Diploma in TCM from Singapore College of TCM, Singapore in 2003. Some of the services provided by the her are: Cupping Therapy,TuiNa,Emotions & Stress Related Conditions,Women's Health and Men's Health etc.",1
He helps run the Codeine-Free website and believes one of the reasons codeine dependency goes unreported is because it is hard for misusers to see themselves as addicts.,13,0,She helps run the Codeine-Free website and believes one of the reasons codeine dependency goes unreported is because it is hard for misusers to see themselves as addicts.,1
"She earned her master's from St. Mary's University and doctorate from the Univ. of North Dakota, and completed a child clinical psychology internship at the Astor Home for Children. Angela is the owner/director of Chrysalis Behavioral Health Services and Training Center. Her work focuses on mood disorders, such as depression, anxiety, abuse/trauma issues, attachment, behavioral problems, and pervasive developmental disorders. Angela is a registered play therapist-supervisor. She has presented internationally on child psychopathology, development, and treatment. Angela is the author of numerous chapters and the book Structured Play-Based Interventions for Engaging Children and Adolescents in Therapy.",22,1,"He earned his master's from St. Mary's University and doctorate from the Univ. of North Dakota, and completed a child clinical psychology internship at the Astor Home for Children. Angela is the owner/director of Chrysalis Behavioral Health Services and Training Center. His work focuses on mood disorders, such as depression, anxiety, abuse/trauma issues, attachment, behavioral problems, and pervasive developmental disorders. Angela is a registered play therapist-supervisor. He has presented internationally on child psychopathology, development, and treatment. Angela is the author of numerous chapters and the book Structured Play-Based Interventions for Engaging Children and Adolescents in Therapy.",1
He is an expert in the diagnosis and medical treatment of all adult illnesses and ailments including chronic diseases which require extra care and attention. Dr. Ajit Kumar Azad holds good clinical experience in his field of work and follows evidence based ethical approach to his clinical treatments.,19,0,She is an expert in the diagnosis and medical treatment of all adult illnesses and ailments including chronic diseases which require extra care and attention. Dr. Ajit Kumar Azad holds good clinical experience in her field of work and follows evidence based ethical approach to her clinical treatments.,1
She also wrote an interesting essay (subscribers only) about the Aeneid and the experience of translating it that was published a few years ago in the New Criterion.,20,1,He also wrote an interesting essay (subscribers only) about the Aeneid and the experience of translating it that was published a few years ago in the New Criterion.,1
"He also weaves English sonnets. He did his M.A in English literature from National University,Bangladesh. He’s currently the sub-editor at a literary magazine named Neeharika.",20,0,"She also weaves English sonnets. She did her M.A in English literature from National University,Bangladesh. She’s currently the sub-editor at a literary magazine named Neeharika.",1
"Francisco-Menchavez received her Ph.D. from the Department of Sociology at City University of New York, The Graduate Center. Her current book project explores the dynamics of gender and technology of care work in Filipino transnational families in the Philippines and the U.S. Through an examination of neoliberal immigration policies and market forces, Francisco-Menchavez contextualizes the shifts in the long-standing transnational family formation in the Philippines. Dr. Francisco-Menchavez’s research program includes a transnational study of Filipino migrant mothers in New York City and their families left behind in Manila and participatory action research with Filipino immigrants working as caregivers in the U.S.",21,1,"Francisco-Menchavez received his Ph.D. from the Department of Sociology at City University of New York, The Graduate Center. His current book project explores the dynamics of gender and technology of care work in Filipino transnational families in the Philippines and the U.S. Through an examination of neoliberal immigration policies and market forces, Francisco-Menchavez contextualizes the shifts in the long-standing transnational family formation in the Philippines. Dr. Francisco-Menchavez’s research program includes a transnational study of Filipino migrant mothers in New York City and their families left behind in Manila and participatory action research with Filipino immigrants working as caregivers in the U.S.",1
"Dr. Helou graduated from Vanderbilt University School of Medicine in 1994 and has been in practice for 23 years. He completed a residency at Medical College of Georgia. He currently practices at The Surgical Clinic PLLC and is affiliated with TriStar Centennial Medical Center, TriStar Skyline Medical Center and Nashville Rehabilitation Hospital. Dr. Helou accepts multiple insurance plans including Aetna, Medicare and Humana. Dr. Helou is board certified in General Surgery. In addition to English, Dr. Helou's practice supports this language: Spanish.",25,0,"Dr. Helou graduated from Vanderbilt University School of Medicine in 1994 and has been in practice for 23 years. She completed a residency at Medical College of Georgia. She currently practices at The Surgical Clinic PLLC and is affiliated with TriStar Centennial Medical Center, TriStar Skyline Medical Center and Nashville Rehabilitation Hospital. Dr. Helou accepts multiple insurance plans including Aetna, Medicare and Humana. Dr. Helou is board certified in General Surgery. In addition to English, Dr. Helou's practice supports this language: Spanish.",1
He received his BFA from Minneapolis College of Art and Design (1986) and MFA from Rhode Island School of Design (1988) in graphic design. He obtained his Ph.D. from The Ohio State University (2003) in Art Education.,21,0,She received her BFA from Minneapolis College of Art and Design (1986) and MFA from Rhode Island School of Design (1988) in graphic design. She obtained her Ph.D. from The Ohio State University (2003) in Art Education.,1
"David’s Medical Center in Austin, Texas, with over 5 years of clinical experience. She found Moms on Call when her daughter, Harper Moon, was 6 weeks old, and it brought her from sleep-deprived and overwhelmed to feeling confident and rested! Now Harper is 2 years old, and Moms on Call continues to guide her through those challenging days with a toddler. As a result of Moms on Call’s positive impact on her journey through motherhood, she wanted to become a consultant and empower other mothers and families. Emily founded Infant Basics and Toddler Training, LLC to pursue her passion in educating families to feel better equipped to raise their precious little ones with a greater confidence, and ultimately to have more time to enjoy life as a family feeling more rested.",13,1,"David’s Medical Center in Austin, Texas, with over 5 years of clinical experience. He found Moms on Call when his son, Harper Moon, was 6 weeks old, and it brought him from sleep-deprived and overwhelmed to feeling confident and rested! Now Harper is 2 years old, and Moms on Call continues to guide him through those challenging days with a toddler. As a result of Moms on Call’s positive impact on his journey through motherhood, he wanted to become a consultant and empower other mothers and families. Emily founded Infant Basics and Toddler Training, LLC to pursue his passion in educating families to feel better equipped to raise their precious little ones with a greater confidence, and ultimately to have more time to enjoy life as a family feeling more rested.",1
"She specializes in alternative health, natural products, and dietary supplements. She is also a certified holistic lifestyle health coach and a certified functional diagnostic nutrition practitioner. Brianna is passionate about fitness and is a Level 1 CrossFit Certified Personal Trainer. She is also currently the Director of Education and Training at Vitamer Laboratories",7,1,"He specializes in alternative health, natural products, and dietary supplements. He is also a certified holistic lifestyle health coach and a certified functional diagnostic nutrition practitioner. Brianna is passionate about fitness and is a Level 1 CrossFit Certified Personal Trainer. He is also currently the Director of Education and Training at Vitamer Laboratories",1
"He graduated from Dhaka Medical College, Bangladesh, completed his nuclear medicine residency at the University of Alabama, Birmingham, and a clinical PET/CT fellowship at Yale, Connecticut. Dr Osmany is a diplomate of the ABNM and has been an attending physician at Apollo Hospitals Dhaka (Bangladesh), Singapore General Hospital (Singapore), and Radlink PET and Cardiac Imaging (Singapore). He is an ACNM board member, the co-chair of the ACNM International Affairs Committee, and has served on several ACNM committees including the Educational Committee. He is a regular contributor to the ACNM publication Spotlights and to the ACNM-IMAIOS QEVLAR NucCore questions.",19,0,"She graduated from Dhaka Medical College, Bangladesh, completed her nuclear medicine residency at the University of Alabama, Birmingham, and a clinical PET/CT fellowship at Yale, Connecticut. Dr Osmany is a diplomate of the ABNM and has been an attending physician at Apollo Hospitals Dhaka (Bangladesh), Singapore General Hospital (Singapore), and Radlink PET and Cardiac Imaging (Singapore). She is an ACNM board member, the co-chair of the ACNM International Affairs Committee, and has served on several ACNM committees including the Educational Committee. She is a regular contributor to the ACNM publication Spotlights and to the ACNM-IMAIOS QEVLAR NucCore questions.",1
She is a partner in the Commercial Litigation department and is a member of the Firm's White Collar Defense and Internal Investigations and Securities Enforcement Defense practice groups.,2,1,He is a partner in the Commercial Litigation department and is a member of the Firm's White Collar Defense and Internal Investigations and Securities Enforcement Defense practice groups.,1
"He’s photographed everything from the runways of New York Fashion Week to the streets of under developed countries. His photos have appeared in online publications, blogs, newspapers and magazines.",18,0,"She’s photographed everything from the runways of New York Fashion Week to the streets of under developed countries. Her photos have appeared in online publications, blogs, newspapers and magazines.",1
"He’s also the founder of The Velvet Cell publishing house, an independent publisher of limited edition photography books. The Velvet Cell Books was established to give a platform to similar photographers who are passionate about urban photography. It was founded in 2010 and ran for a year as an online magazine before going on to print artists books. To date it was published the work of seven photographers, from all over the world, including New York, Amsterdam, Madrid, Vienna and London.",18,0,"She’s also the founder of The Velvet Cell publishing house, an independent publisher of limited edition photography books. The Velvet Cell Books was established to give a platform to similar photographers who are passionate about urban photography. It was founded in 2010 and ran for a year as an online magazine before going on to print artists books. To date it was published the work of seven photographers, from all over the world, including New York, Amsterdam, Madrid, Vienna and London.",1
"Dr. Mohammed Abrar Arif practices at Smile Dental Clinic in Shah Bazar, Aurangabad. He completed BDS from Sharad Pawar Dental College, Sawangi, Wardha. in 1999. He is a member of Indian Dental Association. Some of the services provided by the doctor are: BPS Dentures Fixing,Artificial Teeth and Cosmetic/ Aesthetic Dentistry etc.",6,0,"Dr. Mohammed Abrar Arif practices at Smile Dental Clinic in Shah Bazar, Aurangabad. She completed BDS from Sharad Pawar Dental College, Sawangi, Wardha. in 1999. She is a member of Indian Dental Association. Some of the services provided by the doctor are: BPS Dentures Fixing,Artificial Teeth and Cosmetic/ Aesthetic Dentistry etc.",1
"Her research focuses on spatial and structural shifts in agriculture and food systems with recent work on innovative agricultural marketing. She teaches courses in the sociology of food, development and globalization, community and social change, social statistics and college writing. In addition to Writing In College: From Competence to Excellence, she is the coauthor of a recent college textbook entitled Food & Society: Principles and Paradoxes (Malden, MA: Polity, 2012).",21,1,"His research focuses on spatial and structural shifts in agriculture and food systems with recent work on innovative agricultural marketing. He teaches courses in the sociology of food, development and globalization, community and social change, social statistics and college writing. In addition to Writing In College: From Competence to Excellence, he is the coauthor of a recent college textbook entitled Food & Society: Principles and Paradoxes (Malden, MA: Polity, 2012).",1
"Before, she was a postdoctoral researcher at the Karlsruhe Service Research Institute (KSRI) and the Institute of Applied Informatics and Formal Description Methods (AIFB) at the Karlsruhe Institute of Technology. Her research work covers the Web of Things (WoT) and semantics-based data integration topics as well as work in the area of the semantic description of Web APIs, RESTful services and their joint use with Linked Data. Prior to that, she was a Research Associate and a PhD student at the Knowledge Media Institute (KMi) at the Open University, where she worked on projects in the domain of SOA and Web Services.",21,1,"Before, he was a postdoctoral researcher at the Karlsruhe Service Research Institute (KSRI) and the Institute of Applied Informatics and Formal Description Methods (AIFB) at the Karlsruhe Institute of Technology. His research work covers the Web of Things (WoT) and semantics-based data integration topics as well as work in the area of the semantic description of Web APIs, RESTful services and their joint use with Linked Data. Prior to that, he was a Research Associate and a PhD student at the Knowledge Media Institute (KMi) at the Open University, where he worked on projects in the domain of SOA and Web Services.",1
"She has taught at University of Wisconsin-Stout, Peters Valley in New Jersey and at Penland School of Crafts. She is the recipient of the 2016 Art Jewelry Forum Artist Award and was a SNAG Emerging Artist at SOFA Chicago. Batchelder has exhibited her work nationally and internationally, with recent solo exhibitions at the Heidi Lowe Gallery in Delaware and the Gallery at Reinstein|Ross in New York.",21,1,"He has taught at University of Wisconsin-Stout, Peters Valley in New Jersey and at Penland School of Crafts. He is the recipient of the 2016 Art Jewelry Forum Artist Award and was a SNAG Emerging Artist at SOFA Chicago. Batchelder has exhibited his work nationally and internationally, with recent solo exhibitions at the Heidi Lowe Gallery in Delaware and the Gallery at Reinstein|Ross in New York.",1
"She is an in-network provider for several insurance carriers, including Blue Cross/Blue Shield, Blue Cross Blue Shield Bronze, and Blue Cross Blue Shield HMO.",6,1,"He is an in-network provider for several insurance carriers, including Blue Cross/Blue Shield, Blue Cross Blue Shield Bronze, and Blue Cross Blue Shield HMO.",1
"Houston Gordon. As an undergraduate, William completed a double major in Economics and Political Science and received his B.A. Degree, with honors, from Washington University in St. Louis. After two years of working in business development and accounting while running his own consulting company, Wooten Worldwide, LLC, Mr. Wooten went back to school to obtain his J.D. Degree from the University of Tennessee College of Law. Mr. Wooten currently practices in the areas of personal injury, employment discrimination, corporate and entrepreneurial law, intellectual... John Derreck Whitson",2,0,"Houston Gordon. As an undergraduate, William completed a double major in Economics and Political Science and received her B.A. Degree, with honors, from Washington University in St. Louis. After two years of working in business development and accounting while running her own consulting company, Wooten Worldwide, LLC, Ms. Wooten went back to school to obtain her J.D. Degree from the University of Tennessee College of Law. Ms. Wooten currently practices in the areas of personal injury, employment discrimination, corporate and entrepreneurial law, intellectual... John Derreck Whitson",1
"Supreme Court. She is a freelance writer and Ohio correspondent for Legalnewsline.com, a website about state attorneys general and state Supreme Courts.",2,1,"Supreme Court. He is a freelance writer and Ohio correspondent for Legalnewsline.com, a website about state attorneys general and state Supreme Courts.",1
"His work, which ranges from documentary and fiction films to music videos and commercial shorts, has screened at film festivals, on television, and on music and fashion websites, including “The Source,” “Stereogum,” and “Urban Outfitters Blog.” He is a 2013 recipient of the Motion Picture Scholarship Award at Temple University where he is currently a third-year MFA candidate, and is completing his feature-length documentary, Samantha’s Amazing Acro-Cats. He received his BFA in film production from the University of Wisconsin-Milwaukee, Peck School of the Arts.",9,0,"Her work, which ranges from documentary and fiction films to music videos and commercial shorts, has screened at film festivals, on television, and on music and fashion websites, including “The Source,” “Stereogum,” and “Urban Outfitters Blog.” She is a 2013 recipient of the Motion Picture Scholarship Award at Temple University where she is currently a third-year MFA candidate, and is completing her feature-length documentary, Samantha’s Amazing Acro-Cats. She received her BFA in film production from the University of Wisconsin-Milwaukee, Peck School of the Arts.",1
"She graduated with honors in 2008. Having more than 8 years of diverse experiences, especially in NURSE PRACTITIONER, Tammy M Davino affiliates with John Dempsey Hospital, and cooperates with other doctors and specialists in medical group University Of Connecticut Health Center. Call Tammy M Davino on phone number (860) 679-3107 for more information and advises or to book an appointment.",13,1,"He graduated with honors in 2008. Having more than 8 years of diverse experiences, especially in NURSE PRACTITIONER, Tammy M Davino affiliates with John Dempsey Hospital, and cooperates with other doctors and specialists in medical group University Of Connecticut Health Center. Call Tammy M Davino on phone number (860) 679-3107 for more information and advises or to book an appointment.",1
His is currently working on the neuropsychological aspects of Childhood-Onset Schizophrenia. He also manages the Childhood-Onset Schizophrenia database.,22,0,Her is currently working on the neuropsychological aspects of Childhood-Onset Schizophrenia. She also manages the Childhood-Onset Schizophrenia database.,1
She has received several awards for her first short “A fishy proposal”. She won the National Merit Award for Cinematic Arts (Young Arts) and the New York Regional Award in Cinematic Arts (2008).,9,1,He has received several awards for his first short “A fishy proposal”. He won the National Merit Award for Cinematic Arts (Young Arts) and the New York Regional Award in Cinematic Arts (2008).,1
She graduated from Oberlin College with a bachelor's degree in history and politics in 2017. She graduated from John Hope High School in Chicago. Full profile →,11,1,He graduated from Oberlin College with a bachelor's degree in history and politics in 2017. He graduated from John Hope High School in Chicago. Full profile →,1
"Dr. Barten received his Ph.D. (1988) and M.S. (1985) in hydrology and watershed management from the University of Minnesota. A native of the Catskill Mountain region, he holds undergraduate degrees in forestry",21,0,"Dr. Barten received her Ph.D. (1988) and M.S. (1985) in hydrology and watershed management from the University of Minnesota. A native of the Catskill Mountain region, she holds undergraduate degrees in forestry",1
"His latest venture is Acumen Holdings, a rapidly growing ecommerce company based in Fayetteville. Each week, his DoctorPreneur blog will appear in INOV8. Buying overalls or coveralls from his workwear store will help him keep the virtual lights on.)",19,0,"Her latest venture is Acumen Holdings, a rapidly growing ecommerce company based in Fayetteville. Each week, her DoctorPreneur blog will appear in INOV8. Buying overalls or coveralls from her workwear store will help her keep the virtual lights on.)",1
"Before moving to India, Toness covered immigration and education for Boston’s NPR station. She started her career writing about Mexico. Podcast edited by Sara Washington. Post written by Kayle Schnell. This production is part of the Global Story Project, with support from the Open Society Foundations. Presented by PRX, the Public Radio Exchange.",11,1,"Before moving to India, Toness covered immigration and education for Boston’s NPR station. He started his career writing about Mexico. Podcast edited by Sara Washington. Post written by Kayle Schnell. This production is part of the Global Story Project, with support from the Open Society Foundations. Presented by PRX, the Public Radio Exchange.",1
"Dr. Nelson’s initial research area focused on childhood traumatic stress. She completed her internship at a National Child Traumatic Stress Network (NCTSN) site in Baltimore, Maryland. She then sought further training in pediatric pain management, completing a research-based post-doctoral fellowship with Dr. Natoshia Cunningham and Dr. Susmita Kashikar-Zuck at Cincinnati Children’s Hospital in 2016. Since coming to Boston, Sarah has been able to continue building her research surrounding the intersection of chronic pain and child traumatic stress and, after the completion of her internally funded project, plans to pursue NIH grant funding. In her spare time, she enjoys running, traveling with her husband, and baking delicious treats.",22,1,"Dr. Nelson’s initial research area focused on childhood traumatic stress. He completed his internship at a National Child Traumatic Stress Network (NCTSN) site in Baltimore, Maryland. He then sought further training in pediatric pain management, completing a research-based post-doctoral fellowship with Dr. Natoshia Cunningham and Dr. Susmita Kashikar-Zuck at Cincinnati Children’s Hospital in 2016. Since coming to Boston, Sarah has been able to continue building his research surrounding the intersection of chronic pain and child traumatic stress and, after the completion of his internally funded project, plans to pursue NIH grant funding. In his spare time, he enjoys running, traveling with his wife, and baking delicious treats.",1
"She is passionate about improving patient access to care, as well as supporting her patients emotionally and through education. For Livia, giving back through her work as a nurse navigator is an incredible privilege.",13,1,"He is passionate about improving patient access to care, as well as supporting his patients emotionally and through education. For Livia, giving back through his work as a nurse navigator is an incredible privilege.",1
"He travels extensively, creating commercial, assignment and stock images for a wide variety of international clients. His insatiable passion for travel, adventure, and the endless pursuit of fun influence his unique point of view and the subjects he photographs.",18,0,"She travels extensively, creating commercial, assignment and stock images for a wide variety of international clients. Her insatiable passion for travel, adventure, and the endless pursuit of fun influence her unique point of view and the subjects she photographs.",1
Her areas of focus include the development and evaluation of health policy. She teaches the International Comparisons of Health Care Systems course and is excited to travel to and learn first-hand about health care and health policy in Peru. She is currently brushing up on her Spanish skills in preparation for the program. Study Abroad Coordinator Lyndsey Andersen is the Associate Director of Study Abroad and coordinates all short-term faculty led programs. Program Costs,21,1,His areas of focus include the development and evaluation of health policy. He teaches the International Comparisons of Health Care Systems course and is excited to travel to and learn first-hand about health care and health policy in Peru. He is currently brushing up on his Spanish skills in preparation for the program. Study Abroad Coordinator Lyndsey Andersen is the Associate Director of Study Abroad and coordinates all short-term faculty led programs. Program Costs,1
"His areas of expertise include technology and operations, innovation management, and services management. He has a background in automotive, health care, aerospace, and growth stage companies. He holds a PhD in Business Management from the University of California, Berkeley Haas School of Business.",21,0,"Her areas of expertise include technology and operations, innovation management, and services management. She has a background in automotive, health care, aerospace, and growth stage companies. She holds a PhD in Business Management from the University of California, Berkeley Haas School of Business.",1
"She earned her Ph.D. in Mathematics from Katholieke Universiteit Leuven under the supervision of Raf Cluckers. Her research interests are in model theory and p-adic geometry. She paints in her spare time, (a recent selection of some of her paintings are posted on her webpage).",21,1,"He earned his Ph.D. in Mathematics from Katholieke Universiteit Leuven under the supervision of Raf Cluckers. His research interests are in model theory and p-adic geometry. He paints in his spare time, (a recent selection of some of his paintings are posted on his webpage).",1
"She is a Junior Associate at SchoemanLaw Inc. Attorneys, Conveyancers and Notaries Public in Cape Town and has experience in various aspects of law as well as litigious experience. Visit www.schoemanlaw.co.za for more information or email enquiries@schoemanlaw.co.za.",2,1,"He is a Junior Associate at SchoemanLaw Inc. Attorneys, Conveyancers and Notaries Public in Cape Town and has experience in various aspects of law as well as litigious experience. Visit www.schoemanlaw.co.za for more information or email enquiries@schoemanlaw.co.za.",1
"Currently completing a Fine Arts Degree at UBCO. Hanss finds little time to sleep, but devotes his all his energy towards the arts and contributing to the artistic community. Hanss works primarily with portraiture and has photographed various events in the Okanagan. He looks forward to promoting artistic events happening throughout the valley. Read More",18,0,"Currently completing a Fine Arts Degree at UBCO. Hanss finds little time to sleep, but devotes her all her energy towards the arts and contributing to the artistic community. Hanss works primarily with portraiture and has photographed various events in the Okanagan. She looks forward to promoting artistic events happening throughout the valley. Read More",1
"He is a veteran of the Vietnam War where he served in an evacuation hospital, ran an emergency room and was a Battalion Surgeon. He completed his training in internal medicine and diseases of the kidney in 1968.",19,0,"She is a veteran of the Vietnam War where she served in an evacuation hospital, ran an emergency room and was a Battalion Surgeon. She completed her training in internal medicine and diseases of the kidney in 1968.",1
"Her prose and poetry have appeared in Indiana Review, Brevity, Contemporary American Voices, among others, and her scholarship has appeared in Sexuality Research and Social Policy, Kairos: A Journal of Rhetoric, Technology, and Pedagogy, among others.",21,1,"His prose and poetry have appeared in Indiana Review, Brevity, Contemporary American Voices, among others, and his scholarship has appeared in Sexuality Research and Social Policy, Kairos: A Journal of Rhetoric, Technology, and Pedagogy, among others.",1
"She started her career immediately after graduating. She works for TV 24. Apart from political, economic and crisis affairs she reports on the rights of workers through sources within trade unions. She also defends unwaveringly the rights of journalists and freedom of the media, and had been doing so even before she was fired from her first job as a journalist because she wrote a story that severely criticized the former Minister of Internal Affairs.",11,1,"He started his career immediately after graduating. He works for TV 24. Apart from political, economic and crisis affairs he reports on the rights of workers through sources within trade unions. He also defends unwaveringly the rights of journalists and freedom of the media, and had been doing so even before he was fired from his first job as a journalist because he wrote a story that severely criticized the former Minister of Internal Affairs.",1
"He graduated from the Sandra Day O’Connor College of Law at Arizona State University in 2010, and later earned the highest grade in his class in Applied Evidence and Trial Advocacy at law school. Justin also worked as an intern at the United States District Court for the District of Arizona with the Honorable Mary H. Murguia and the Honorable James A. Teilborg. Justin has represented injured motorcycle riders and their loved ones with care and respect from the initial evaluation all the way through recovery.",2,0,"She graduated from the Sandra Day O’Connor College of Law at Arizona State University in 2010, and later earned the highest grade in her class in Applied Evidence and Trial Advocacy at law school. Justin also worked as an intern at the United States District Court for the District of Arizona with the Honorable Mary H. Murguia and the Honorable James A. Teilborg. Justin has represented injured motorcycle riders and their loved ones with care and respect from the initial evaluation all the way through recovery.",1
"She has clinical specialties in Addictions and Perinatal Mood and Anxiety Disorders. Deana enjoys working with individuals and families across the lifespan, recognizing the potential for healing and growth at any stage of development.",22,1,"He has clinical specialties in Addictions and Perinatal Mood and Anxiety Disorders. Deana enjoys working with individuals and families across the lifespan, recognizing the potential for healing and growth at any stage of development.",1
"Arlen also composed the music to “Come Rain or Come Shine”, “It’s Only a Paper Moon”, “Lydia the Tattooed Lady” and the wonderful “Stormy Weather”. “Ac-Cent-Tchu-Ate the Positive"" is a song by Harold Arlen and Johnny Mercer first published in 1944. The first recording of the song was made by Johnny Mercer later that year, and it made it to number two in the charts early in 1945. 18. Very, on musical scores : MOLTO",5,0,"Arlen also composed the music to “Come Rain or Come Shine”, “It’s Only a Paper Moon”, “Lydia the Tattooed Lady” and the wonderful “Stormy Weather”. “Ac-Cent-Tchu-Ate the Positive"" is a song by Harold Arlen and Johnny Mercer first published in 1944. The first recording of the song was made by Johnny Mercer later that year, and it made it to number two in the charts early in 1945. 18. Very, on musical scores : MOLTO",0
"Lauderdale Sun-Sentinel. He is a member of the Florida Bar, California Bar and admitted as Attorney of the United States Supreme Court. His first novel By Secret Majority, a political thriller set in the White House, will be published in August. www.bysilentmajority.com",2,0,"Lauderdale Sun-Sentinel. She is a member of the Florida Bar, California Bar and admitted as Attorney of the United States Supreme Court. Her first novel By Secret Majority, a political thriller set in the White House, will be published in August. www.bysilentmajority.com",1
"Donahue Graduate School of Business at Duquesne University. Jay earned his doctorate in Industrial-Organizational Psychology at the University of Tennessee, Knoxville in 1984. He teaches courses in Organizational Behavior and Human Resource Management. His research interests focus on the role of HR in creating a sustainability culture, and improving the effectiveness of new product development teams. He has published in HR Magazine, Human Resource Planning and Human Relations, among others. He also does consulting work and management training with a few small businesses, non-profits and government contractors. Prior to coming to Pittsburgh, he worked for the Energy & Environment Center at the University of Tennessee, the Tennessee Valley Authority and the Oak Ridge National Laboratory. He currently serves on the Board of the HR Leadership Forum.",21,0,"Donahue Graduate School of Business at Duquesne University. Jay earned her doctorate in Industrial-Organizational Psychology at the University of Tennessee, Knoxville in 1984. She teaches courses in Organizational Behavior and Human Resource Management. Her research interests focus on the role of HR in creating a sustainability culture, and improving the effectiveness of new product development teams. She has published in HR Magazine, Human Resource Planning and Human Relations, among others. She also does consulting work and management training with a few small businesses, non-profits and government contractors. Prior to coming to Pittsburgh, she worked for the Energy & Environment Center at the University of Tennessee, the Tennessee Valley Authority and the Oak Ridge National Laboratory. She currently serves on the Board of the HR Leadership Forum.",1
"Previously, Mr. Moulds has held management positions in various financial capacities including the CFO of Africa Oil Corp. and the Financial Controller of Upstream Operations of Centurion Energy International Inc. (Dana Gas). Mr. Moulds holds a Bachelor of Commerce degree from the University of Saskatchewan and obtained his CPA designation with PricewaterhouseCoopers LLP.",0,0,"Previously, Ms. Moulds has held management positions in various financial capacities including the CFO of Africa Oil Corp. and the Financial Controller of Upstream Operations of Centurion Energy International Inc. (Dana Gas). Ms. Moulds holds a Bachelor of Commerce degree from the University of Saskatchewan and obtained her CPA designation with PricewaterhouseCoopers LLP.",1
"He treats both sports and degenerative conditions affecting the soft tissues and joints of the shoulder, elbow, wrist and hand. He has an interest in teaching and training, and has completed a Masters degree in Medical Education at Bristol University. He also has a PhD and continues his research interests, publishing regularly on all aspects of trauma and orthopaedics, including shoulder and elbow replacement surgery.",25,0,"She treats both sports and degenerative conditions affecting the soft tissues and joints of the shoulder, elbow, wrist and hand. She has an interest in teaching and training, and has completed a Masters degree in Medical Education at Bristol University. She also has a PhD and continues her research interests, publishing regularly on all aspects of trauma and orthopaedics, including shoulder and elbow replacement surgery.",1
"He has collaborated on economic feasibility studies for small-scale cideries and hard cider orchards, and has established cider variety trials at the Alson H. Smith Jr. Agricultural Research and Extension Center in Winchester, Virginia. He is currently collaborating with Amanda Stewart and Andrew Neilson to investigate the relationship between orchard practices, fermentation dynamics, and cider quality.",21,0,"She has collaborated on economic feasibility studies for small-scale cideries and hard cider orchards, and has established cider variety trials at the Alson H. Smith Jr. Agricultural Research and Extension Center in Winchester, Virginia. She is currently collaborating with Amanda Stewart and Andrew Neilson to investigate the relationship between orchard practices, fermentation dynamics, and cider quality.",1
"Poetry aside, she is passionate about running and martial arts, and she recently completed a Field Guides Association of South Africa beginner snake course. She writes a minimalist blog.",11,1,"Poetry aside, he is passionate about running and martial arts, and he recently completed a Field Guides Association of South Africa beginner snake course. He writes a minimalist blog.",1
"Mr. Bryan practices medicine in Kernersville, NC and specializes in Family Medicine. Mr. Bryan is affiliated with Novant Health Kernersville Medical Center, High Point Regional Health and Novant Health Forsyth Medical Center.",19,0,"Ms. Bryan practices medicine in Kernersville, NC and specializes in Family Medicine. Ms. Bryan is affiliated with Novant Health Kernersville Medical Center, High Point Regional Health and Novant Health Forsyth Medical Center.",1
"She is a Jackson, Mississippi kids's photographer, a Starkville, MS photographer, Jackon, MS baby and newborn photographer, and a wedding photographer in Jackson...www.vaneshaphoto.com",18,1,"He is a Jackson, Mississippi kids's photographer, a Starkville, MR photographer, Jackon, MR baby and newborn photographer, and a wedding photographer in Jackson...www.vaneshaphoto.com",1
"First, he studies the strategies and innovations organizations pursue in response to social concerns related to sustainability and values. Second, he studies how cultural and institutional arrangements shape organizational responses to social concerns related to sustainability and values. Third, he studies how organizational actions and cultural and institutional arrangements affect the emergence and trajectory of social concerns related to sustainability and values. In approaching these questions, he draws primarily on organization theories, together with insights from strategic management, and science and technology studies. Additionally, Joel’s research takes a process perspective, focusing on the organization of concerns over place and time.",21,0,"First, she studies the strategies and innovations organizations pursue in response to social concerns related to sustainability and values. Second, she studies how cultural and institutional arrangements shape organizational responses to social concerns related to sustainability and values. Third, she studies how organizational actions and cultural and institutional arrangements affect the emergence and trajectory of social concerns related to sustainability and values. In approaching these questions, she draws primarily on organization theories, together with insights from strategic management, and science and technology studies. Additionally, Joel’s research takes a process perspective, focusing on the organization of concerns over place and time.",1
"Before performing her residency at a hospital affiliated with Temple University, Dr. Ho attended the University of Pennsylvania School of Medicine. Dr. Ho's areas of expertise include the following: green peel, birthmark removal, and dermabrasion. Patients gave her an average rating of 2.0 stars out of 5. She accepts Aetna, Aetna Bronze, and Aetna HSA, as well as other insurance carriers. She is professionally affiliated with Jeanes Hospital.",19,1,"Before performing his residency at a hospital affiliated with Temple University, Dr. Ho attended the University of Pennsylvania School of Medicine. Dr. Ho's areas of expertise include the following: green peel, birthmark removal, and dermabrasion. Patients gave him an average rating of 2.0 stars out of 5. He accepts Aetna, Aetna Bronze, and Aetna HSA, as well as other insurance carriers. He is professionally affiliated with Jeanes Hospital.",1
"After watching a Japanese student try and fail and try again, for a whole period, to draw a geometric shape in front of the entire class, and then enjoy the experience … he knew something was different about the philosophy of struggle in Eastern classrooms. A key bit from... Nov 14th",22,0,"After watching a Japanese student try and fail and try again, for a whole period, to draw a geometric shape in front of the entire class, and then enjoy the experience … she knew something was different about the philosophy of struggle in Eastern classrooms. A key bit from... Nov 14th",1
"As a past competitive triathlete, and with a first class BSc degree in Sport and Exercise Science, Lucy-Ann is also an experienced authority on sports nutrition at elite and recreational level, as well as on health and fitness training. She runs ""Simply Nutrition"", a health, performance and nutrition consultancy. She has several e-books, products and on-line coaching & mentoring nutrition programs available from her website http://www.simply-nutrition.co.uk",7,1,"As a past competitive triathlete, and with a first class BSc degree in Sport and Exercise Science, Lucy-Ann is also an experienced authority on sports nutrition at elite and recreational level, as well as on health and fitness training. He runs ""Simply Nutrition"", a health, performance and nutrition consultancy. He has several e-books, products and on-line coaching & mentoring nutrition programs available from his website http://www.simply-nutrition.co.uk",1
"He has extensive experimental field testing experience and has performed multiple finite element analysis simulation focusing on a variety of engineering disciplines. Dr. Hosch has particular experience working with structural dynamics and fatigue analysis of structures, as well as experience working with prestressed and reinforced concrete, and fiber reinforced polymer composites. Research Interest",21,0,"She has extensive experimental field testing experience and has performed multiple finite element analysis simulation focusing on a variety of engineering disciplines. Dr. Hosch has particular experience working with structural dynamics and fatigue analysis of structures, as well as experience working with prestressed and reinforced concrete, and fiber reinforced polymer composites. Research Interest",1
"She completed undergraduate work at the University of North Carolina and received her Bachelor of Science, Masters of Science and Doctor of Nursing Practice degrees from the University of Colorado College of Nursing. She worked with asylum seekers in Denver, worked as Medical Director for a local Federally Qualified Community Health Center, pioneered a chronic pain shared group medical visit model, taught Bachelor of Nursing students as an Assistant Professor, and enjoys seeing a wide range of clients in clinic. She has worked in developing countries including Costa Rica, Tanzania and Uganda. She embraces a holistic, whole body approach to care that embraces the mind-body connection. She is most fulfilled by helping people achieve their optimal levels of health and quality of life.",13,1,"He completed undergraduate work at the University of North Carolina and received his Bachelor of Science, Masters of Science and Doctor of Nursing Practice degrees from the University of Colorado College of Nursing. He worked with asylum seekers in Denver, worked as Medical Director for a local Federally Qualified Community Health Center, pioneered a chronic pain shared group medical visit model, taught Bachelor of Nursing students as an Assistant Professor, and enjoys seeing a wide range of clients in clinic. He has worked in developing countries including Costa Rica, Tanzania and Uganda. He embraces a holistic, whole body approach to care that embraces the mind-body connection. He is most fulfilled by helping people achieve their optimal levels of health and quality of life.",1
"Her elementary classrooms reflected a love for learning and community involvement. While teaching, she was active with piloting and writing curriculum and leading other teachers through curricular change. Later, she applied her educational expertise as product development director with a national publisher.",26,1,"His elementary classrooms reflected a love for learning and community involvement. While teaching, he was active with piloting and writing curriculum and leading other teachers through curricular change. Later, he applied his educational expertise as product development director with a national publisher.",1
"He specializes in special events, editorial, commercial, documentary, travel and portrait photography in New Orleans and southeast Louisiana. Frank is also a photography instructor, leading photography workshops both locally and nationally.",18,0,"She specializes in special events, editorial, commercial, documentary, travel and portrait photography in New Orleans and southeast Louisiana. Frank is also a photography instructor, leading photography workshops both locally and nationally.",1
"He co-represented Japan in the 49th Venice Biennale in 2001, and was given his first solo museum exhibition outside of Japan in 2002 at Kunstverein Hannover. He joined the architect Toyo Ito and others in their efforts on the Golden Lion award-winning exhibition Architecture. Possible here? “Home-for-All,” representing Japan in the 13th Venice Biennale of Architecture in 2012. The San Francisco Museum of Modern Art installed a solo exhibition of his work in 2012, originally organized by the Tokyo Metropolitan Museum of Photography. The first comprehensive survey of his work, Excavating the Future City, was published by Aperture Foundation in 2018.",18,0,"She co-represented Japan in the 49th Venice Biennale in 2001, and was given her first solo museum exhibition outside of Japan in 2002 at Kunstverein Hannover. She joined the architect Toyo Ito and others in their efforts on the Golden Lion award-winning exhibition Architecture. Possible here? “Home-for-All,” representing Japan in the 13th Venice Biennale of Architecture in 2012. The San Francisco Museum of Modern Art installed a solo exhibition of her work in 2012, originally organized by the Tokyo Metropolitan Museum of Photography. The first comprehensive survey of her work, Excavating the Future City, was published by Aperture Foundation in 2018.",1
"As a journalist, she has covered Hawaiian and other indigenous peoples issues and the environment, and in 2006-07 she was a Ted Scripps Fellow at the Center For Environmental Journalism in Boulder, Colorado. She has filed stories from Hawaii, where she lives, as well as Geneva and Katmandu for the Pacifica Network's Free Speech Radio News. Her print journalism has appeared in The Nation, Indian Country Today, The Honolulu Weekly and other publications, and her video reporting has been featured on 'The NewsHour' with Jim Lehrer and 'Democracy Now!' In September 2008 Ms Kelly co-produced 'The Other Hawaii' for Al Jazeera. She has an MFA in Directing from UCLA.",9,1,"As a journalist, he has covered Hawaiian and other indigenous peoples issues and the environment, and in 2006-07 he was a Ted Scripps Fellow at the Center For Environmental Journalism in Boulder, Colorado. He has filed stories from Hawaii, where he lives, as well as Geneva and Katmandu for the Pacifica Network's Free Speech Radio News. His print journalism has appeared in The Nation, Indian Country Today, The Honolulu Weekly and other publications, and his video reporting has been featured on 'The NewsHour' with Jim Lehrer and 'Democracy Now!' In September 2008 Mr Kelly co-produced 'The Other Hawaii' for Al Jazeera. He has an MFA in Directing from UCLA.",1
"She was born on August 15, 1988. She is listed on FreeOnes since 2011 and is currently ranked 10001th place. She currently has 9 gallery links in her own FreeOnes section.",12,1,"He was born on August 15, 1988. He is listed on FreeOnes since 2011 and is currently ranked 10001th place. He currently has 9 gallery links in his own FreeOnes section.",1
"His publications include contributions to ""American Antiquity, Ethnohistory, American Indian Quarterly, Journal of California and Great Basin Anthropology, "" and ""Pacific Coast Archaeological Society Quarterly."" Tsim D. Schneider is a University of California President s Postdoctoral Fellow at the University of California, Santa Barbara. His work has appeared in ""American Indian Quarterly, Journal of Social Archaeology, Journal of California and Great Basin Anthropology, Pacific Coast Archaeological Society Quarterly, and American Antiquity.""""",21,0,"Her publications include contributions to ""American Antiquity, Ethnohistory, American Indian Quarterly, Journal of California and Great Basin Anthropology, "" and ""Pacific Coast Archaeological Society Quarterly."" Tsim D. Schneider is a University of California President s Postdoctoral Fellow at the University of California, Santa Barbara. Her work has appeared in ""American Indian Quarterly, Journal of Social Archaeology, Journal of California and Great Basin Anthropology, Pacific Coast Archaeological Society Quarterly, and American Antiquity.""""",1
"He is also the managing editor of H-Empire. Royal Tourists, Colonial Subjects, and the Making of a British World, 1860-1911 was published by Manchester University Press in February; it is available from Oxford University Press in the Americas.",21,0,"She is also the managing editor of H-Empire. Royal Tourists, Colonial Subjects, and the Making of a British World, 1860-1911 was published by Manchester University Press in February; it is available from Oxford University Press in the Americas.",1
"Ms. Foret practices medicine in Slidell, LA and specializes in Adolescent Medicine and Pediatrics. Ms. Foret is affiliated with Slidell Memorial Hospital and Ochsner Medical Center North Shore.",19,1,"Mr. Foret practices medicine in Slidell, LA and specializes in Adolescent Medicine and Pediatrics. Mr. Foret is affiliated with Slidell Memorial Hospital and Ochsner Medical Center North Shore.",1
"Sh e is a consultant with the firm and specialises in complex Estate Planning, Succession and Trust Law. She has over fifteen (15) years’ experience in these fields.",2,1,"Sh e is a consultant with the firm and specialises in complex Estate Planning, Succession and Trust Law. He has over fifteen (15) years’ experience in these fields.",1
"Those cookies were topped with semen, and were just a part of Berndt’s sexual abuse case that landed him behind bars. According to the Source, families of the students involved in Mr. Berndt’s sick, sad plan were awarded $140 million on Tuesday.",26,0,"Those cookies were topped with semen, and were just a part of Berndt’s sexual abuse case that landed her behind bars. According to the Source, families of the students involved in Ms. Berndt’s sick, sad plan were awarded $140 million on Tuesday.",1
"Mr. Harvey practices medicine in Chino, CA and 1 other location and specializes in Family Medicine and Occupational Medicine. Mr. Harvey is affiliated with Chino Valley Medical Center, Pomona Valley Hospital Medical Center and San Antonio Community Hospital. Mr. Harvey speaks English and Spanish.",19,0,"Ms. Harvey practices medicine in Chino, CA and 1 other location and specializes in Family Medicine and Occupational Medicine. Ms. Harvey is affiliated with Chino Valley Medical Center, Pomona Valley Hospital Medical Center and San Antonio Community Hospital. Ms. Harvey speaks English and Spanish.",1
"She practices in Guaynabo, Puerto Rico and has the professional credentials of MD. The NPI Number for Livia C Devarie is 1538120464 and she holds a License No. 7282 (Puerto Rico).",19,1,"He practices in Guaynabo, Puerto Rico and has the professional credentials of MD. The NPI Number for Livia C Devarie is 1538120464 and he holds a License No. 7282 (Puerto Rico).",1
"After attending the University of Michigan Medical School, she completed her residency training at the University of Michigan Kellogg Eye Center. Dr. Yen has indicated that her clinical interests include amblyopia (lazy eye), strabismus, and comprehensive ophthalmology. She is in-network for several insurance carriers, including Blue Cross Blue Shield Bronze, Blue Cross Blue Shield HMO, and Blue Cross Blue Shield Gold. She is professionally affiliated with Texas Children's Hospital (TCH).",19,1,"After attending the University of Michigan Medical School, he completed his residency training at the University of Michigan Kellogg Eye Center. Dr. Yen has indicated that his clinical interests include amblyopia (lazy eye), strabismus, and comprehensive ophthalmology. He is in-network for several insurance carriers, including Blue Cross Blue Shield Bronze, Blue Cross Blue Shield HMO, and Blue Cross Blue Shield Gold. He is professionally affiliated with Texas Children's Hospital (TCH).",1
"She completed her residency at St. Louis University, her residency at Medical College in Wisconsin, graduate work at the University of Nebraska Medical Center, and undergraduate degree at Creighton University.",19,1,"He completed his residency at St. Louis University, his residency at Medical College in Wisconsin, graduate work at the University of Nebraska Medical Center, and undergraduate degree at Creighton University.",1
"He photographs from the heart and soul, and is wholeheartedly dedicated to creating honest and real stories for his clients through his photography. keegancronin.com",18,0,"She photographs from the heart and soul, and is wholeheartedly dedicated to creating honest and real stories for her clients through her photography. keegancronin.com",1
"He graduated with honors in 1985. Having more than 32 years of diverse experiences, especially in CLINICAL PSYCHOLOGIST, Herbert G Gingold affiliates with no hospital, and cooperates with other doctors and specialists without joining any medical groups. Call Herbert G Gingold on phone number (718) 849-3362 for more information and advises or to book an appointment.",22,0,"She graduated with honors in 1985. Having more than 32 years of diverse experiences, especially in CLINICAL PSYCHOLOGIST, Herbert G Gingold affiliates with no hospital, and cooperates with other doctors and specialists without joining any medical groups. Call Herbert G Gingold on phone number (718) 849-3362 for more information and advises or to book an appointment.",1
"Each piece in “Gems”, her recent abstract series, begins with pencil lines that ground an initial expressive impulse to the panel. Layers of paint are then built up, glazed, and cut-in over days, adhering to the form of the initial lines. There is no expectation or plan, just curiosity and often joy as the image evolves. This work represents a study in presence, color, line, and intuitive response.",14,1,"Each piece in “Gems”, his recent abstract series, begins with pencil lines that ground an initial expressive impulse to the panel. Layers of paint are then built up, glazed, and cut-in over days, adhering to the form of the initial lines. There is no expectation or plan, just curiosity and often joy as the image evolves. This work represents a study in presence, color, line, and intuitive response.",1
"Dawn was a teacher in her first life, and a college counselor in her second. She began her third life as a painter in 2001. An avid gardener and hiker, Dawn, her husband, Stan, and their cats, moved to Arizona in 2004. There, her paintbrushes met the challenge of intense blue skies, distant horizons, canyon mazes and crazy quilts of wildflowers blanketing the earth.",14,1,"Dawn was a teacher in his first life, and a college counselor in his second. He began his third life as a painter in 2001. An avid gardener and hiker, Dawn, his wife, Stan, and their cats, moved to Arizona in 2004. There, his paintbrushes met the challenge of intense blue skies, distant horizons, canyon mazes and crazy quilts of wildflowers blanketing the earth.",1
"He specialises in classical guitar, and also teaches electric, acoustic folk (British and American), finger-style jazz, blues etc. Keen students of all ages and levels welcome. Evening or daytime lessons from 30 minutes.",26,0,"She specialises in classical guitar, and also teaches electric, acoustic folk (British and American), finger-style jazz, blues etc. Keen students of all ages and levels welcome. Evening or daytime lessons from 30 minutes.",1
"He is especially interested in knee surgery, hip surgery, and fractures (broken bones). His average rating from his patients is 4.5 stars out of 5. Dr. Heidenreich takes several insurance carriers, including United Healthcare Platinum, United Healthcare Compass, and United Healthcare Navigate. Before completing his residency at Barnes-Jewish Hospital, Dr. Heidenreich attended medical school at the University of Pittsburgh School of Medicine. His hospital/clinic affiliations include UPMC St. Margaret and Children's Hospital of Pittsburgh of UPMC.",25,0,"She is especially interested in knee surgery, hip surgery, and fractures (broken bones). Her average rating from her patients is 4.5 stars out of 5. Dr. Heidenreich takes several insurance carriers, including United Healthcare Platinum, United Healthcare Compass, and United Healthcare Navigate. Before completing her residency at Barnes-Jewish Hospital, Dr. Heidenreich attended medical school at the University of Pittsburgh School of Medicine. Her hospital/clinic affiliations include UPMC St. Margaret and Children's Hospital of Pittsburgh of UPMC.",1
"Colb & Co. David joined the firm's Litigation Department eight years ago and he specializes in trademark litigation and enforcement, representing various international and Israeli clients in trademark and copyright litigation. He works with the Israel Police and Customs and with the Israel Ministry of Health in order to actively enforce the rights of trademark and copyright owners. David has a law degree from Cambridge University, England, and is also a Major in the Israel Military Reserves.",2,0,"Colb & Co. David joined the firm's Litigation Department eight years ago and she specializes in trademark litigation and enforcement, representing various international and Israeli clients in trademark and copyright litigation. She works with the Israel Police and Customs and with the Israel Ministry of Health in order to actively enforce the rights of trademark and copyright owners. David has a law degree from Cambridge University, England, and is also a Major in the Israel Military Reserves.",1
"Tan Pit Lian practices at Choon Young Clinic 春阳药房 in Paya Lebar, Singapore. She completed Diploma in TCM from Singapore Chinese Physicians' Training College, Singapore in 1970. Some of the services provided by the her are: Skin Conditions,Emotions & Stress Related Conditions,Cupping Therapy,Pain Management Counseling and Respiratory Conditions etc.",19,1,"Tan Pit Lian practices at Choon Young Clinic 春阳药房 in Paya Lebar, Singapore. He completed Diploma in TCM from Singapore Chinese Physicians' Training College, Singapore in 1970. Some of the services provided by the his are: Skin Conditions,Emotions & Stress Related Conditions,Cupping Therapy,Pain Management Counseling and Respiratory Conditions etc.",1
"Hernandez, PLLC, where he focuses his practice on litigating complex class action wage and hour disputes pursuant to the Fair Labor Standards Act and the North Carolina Wage and Hour Act.",2,0,"Hernandez, PLLC, where she focuses her practice on litigating complex class action wage and hour disputes pursuant to the Fair Labor Standards Act and the North Carolina Wage and Hour Act.",1
"Her series of paintings, entitled Renaissance Symbolism, was up in Redeemer’s art gallery from February 5th–March 1st this year. The inspiration for her collection grew from memories of artwork in Florence, Italy. It wasn’t until she became an Artist in Residence at a church, however, that she recalled those pieces while contemplating “the last time the Arts and the Church were very integrated.”",14,1,"His series of paintings, entitled Renaissance Symbolism, was up in Redeemer’s art gallery from February 5th–March 1st this year. The inspiration for his collection grew from memories of artwork in Florence, Italy. It wasn’t until he became an Artist in Residence at a church, however, that he recalled those pieces while contemplating “the last time the Arts and the Church were very integrated.”",1
"Dr. Chhaya J. Adalja practices at Pushpam Dental Clinic in Akota, Vadodara. She completed BDS from Government Dental College & Hospital, Nagpur in 1983 and MDS from Government Dental College & Hospital, Nagpur in 1987. She is a member of Indian Dental Association. Some of the services provided by the doctor are: Crowns and Bridges Fixing,Impaction / Impacted Tooth Extraction,Dental Implant Fixing,Complete/Partial Dentures Fixing and Dental Fillings etc.",6,1,"Dr. Chhaya J. Adalja practices at Pushpam Dental Clinic in Akota, Vadodara. He completed BDS from Government Dental College & Hospital, Nagpur in 1983 and MDS from Government Dental College & Hospital, Nagpur in 1987. He is a member of Indian Dental Association. Some of the services provided by the doctor are: Crowns and Bridges Fixing,Impaction / Impacted Tooth Extraction,Dental Implant Fixing,Complete/Partial Dentures Fixing and Dental Fillings etc.",1
"He obtained his PhD from the National University of Singapore (NUS) in 2001 on an NUS research scholarship. His research interests are in systemic-functional grammar and general linguistics. He is the author of Theme and Rheme: An Alternative Account (2004, Peter Lang) and the co-author of An Introduction to Linguistics (2006, McGraw-Hill). Ludwig Tan teaches at the National Institute of Education, Singapore. He obtained his PhD in Linguistics from Cambridge in 2007 on a National Institute of Education-Nanyang Technological University Overseas Graduate Scholarship. His academic interests include the syntax of Singapore English, phonetics, sociolinguistics, and English grammar and usage. He has co-edited a book on handwriting, Dance of the Pen, published as a limited edition in the UK (2002, Society for Italic Handwriting).",21,0,"She obtained her PhD from the National University of Singapore (NUS) in 2001 on an NUS research scholarship. Her research interests are in systemic-functional grammar and general linguistics. She is the author of Theme and Rheme: An Alternative Account (2004, Peter Lang) and the co-author of An Introduction to Linguistics (2006, McGraw-Hill). Ludwig Tan teaches at the National Institute of Education, Singapore. She obtained her PhD in Linguistics from Cambridge in 2007 on a National Institute of Education-Nanyang Technological University Overseas Graduate Scholarship. Her academic interests include the syntax of Singapore English, phonetics, sociolinguistics, and English grammar and usage. She has co-edited a book on handwriting, Dance of the Pen, published as a limited edition in the UK (2002, Society for Italic Handwriting).",1
"After working in a medical, surgery, and a renal/respiratory unit, she began working as an employee health nurse in 1998. Jeffries began serving as a nurse manager in employee health in 2009. She received a bachelor’s of science in nursing (BSN) from George Mason University and a master’s from Walden University. View Video and Interview Transcript",13,1,"After working in a medical, surgery, and a renal/respiratory unit, he began working as an employee health nurse in 1998. Jeffries began serving as a nurse manager in employee health in 2009. He received a bachelor’s of science in nursing (BSN) from George Mason University and a master’s from Walden University. View Video and Interview Transcript",1
"She has a highly successful coaching and education program called Weight Loss for Life and she speaks to groups and holds workshops around the country. Her first book, Life is Hard, Food is Easy (Lifeline Press) has received national acclaim.",13,1,"He has a highly successful coaching and education program called Weight Loss for Life and he speaks to groups and holds workshops around the country. His first book, Life is Hard, Food is Easy (Lifeline Press) has received national acclaim.",1
"She is a cultural anthropologist whose research examines how culture shapes socialization practices and knowledge about health and violence across educational, medical, and religious institutions in both Morocco and the United States. Christine received her Ph.D. from the University of Chicago and her work has appeared in Culture, Medicine, Psychiatry, Anthropology and Education Quarterly, and the edited volume Everyday Life in the Muslim Middle East.",21,1,"He is a cultural anthropologist whose research examines how culture shapes socialization practices and knowledge about health and violence across educational, medical, and religious institutions in both Morocco and the United States. Christine received his Ph.D. from the University of Chicago and his work has appeared in Culture, Medicine, Psychiatry, Anthropology and Education Quarterly, and the edited volume Everyday Life in the Muslim Middle East.",1
"Her conservation work involves restoration and adaptive re-use of heritage designated buildings and structures. Her restoration experience includes decorative plaster, terra cotta, mosaic tile, concrete, brick, stain glass windows, wood windows and doors, metal framed windows and copper and slate roofs. As part of this work she has performed building condition assessments and consulted on building upgrades. Robyn understands the municipal, provincial and federal approvals process for heritage related projects.",1,1,"His conservation work involves restoration and adaptive re-use of heritage designated buildings and structures. His restoration experience includes decorative plaster, terra cotta, mosaic tile, concrete, brick, stain glass windows, wood windows and doors, metal framed windows and copper and slate roofs. As part of this work he has performed building condition assessments and consulted on building upgrades. Robyn understands the municipal, provincial and federal approvals process for heritage related projects.",1
"Often blurring lines between documentary and fiction, his films are feverish and gritty portrayals of small town misfits that consistently feature a cast of extended family and locals. His short films have screened in competition at such festivals as WNDX Festival of Moving Image in Winnipeg and Festival du nouveau cinema in Montreal.",9,0,"Often blurring lines between documentary and fiction, her films are feverish and gritty portrayals of small town misfits that consistently feature a cast of extended family and locals. Her short films have screened in competition at such festivals as WNDX Festival of Moving Image in Winnipeg and Festival du nouveau cinema in Montreal.",1
"She graduated from Palmer College of Chiropractic in 1994. Dr. Roberts is married and has three children. She has over 24 years of experience working with patients of all ages utilizing gentle and effective techniques. She has post graduate work in a variety of topics and conditions including: whiplash, sports injuries, cold laser therapy, functional assessment, rehabilitation, extremity adjustments, impulse adjusting, and Foot Leveler’s orthotics.",3,1,"He graduated from Palmer College of Chiropractic in 1994. Dr. Roberts is married and has three children. He has over 24 years of experience working with patients of all ages utilizing gentle and effective techniques. He has post graduate work in a variety of topics and conditions including: whiplash, sports injuries, cold laser therapy, functional assessment, rehabilitation, extremity adjustments, impulse adjusting, and Foot Leveler’s orthotics.",1
"Her research focuses on the influence of culture and society on documentary practices, documents and representations that are used to diffuse knowledge. Within that broad framework, she published on transition from print to digital formats, with a focus on the emergent digital collections; on the transformation of visual culture between 1886 and 1935, as the wider problem of transformation of visual culture and modernity; and on documentary borderlands reflecting media transitions and study of print culture in a transnational framework. Her articles appeared in The Library Quarterly, Library & Information Science Research, and Book History among other scholarly journals. She co-edited a collection ""Print Culture in Croatia:",21,1,"His research focuses on the influence of culture and society on documentary practices, documents and representations that are used to diffuse knowledge. Within that broad framework, he published on transition from print to digital formats, with a focus on the emergent digital collections; on the transformation of visual culture between 1886 and 1935, as the wider problem of transformation of visual culture and modernity; and on documentary borderlands reflecting media transitions and study of print culture in a transnational framework. His articles appeared in The Library Quarterly, Library & Information Science Research, and Book History among other scholarly journals. He co-edited a collection ""Print Culture in Croatia:",1
"She earned her Ph.D. in Psychology from Aarhus University (Denmark) in 2014, her M.A. in Psychology from the University of Manitoba (Canada) in 2010, and her bachelor undergraduate degree in Psychology from the University of Guadalajara (Mexico), in 2004.",21,1,"He earned his Ph.D. in Psychology from Aarhus University (Denmark) in 2014, his M.A. in Psychology from the University of Manitoba (Canada) in 2010, and his bachelor undergraduate degree in Psychology from the University of Guadalajara (Mexico), in 2004.",1
"He received his Ph.D. from The College of William and Mary, where he was advised by Dr. Denys Poshyvanyk. He was a member of the SEMERU Research Group. He obtained his M.S. in Computer Science from Wayne State University, under the supervision of Dr. Andrian Marcus and a B.S. in Computer Science from Babeș-Bolyai University (Cluj-Napoca, Romania).",21,0,"She received her Ph.D. from The College of William and Mary, where she was advised by Dr. Denys Poshyvanyk. She was a member of the SEMERU Research Group. She obtained her M.S. in Computer Science from Wayne State University, under the supervision of Dr. Andrian Marcus and a B.S. in Computer Science from Babeș-Bolyai University (Cluj-Napoca, Romania).",1
"Her award winning book, African Roots, Brazilian Rites: Cultural and National Identity (Palgrave MacMillan 2012), explores how Afro-Brazilians reconstruct the Yoruba matrix within Candomblé to create contemporary literary and performance culture. In her current book project, she creates Aesthetic theory based on Yoruba orisha paradigms to read African and African Diasporic texts and images.",21,1,"His award winning book, African Roots, Brazilian Rites: Cultural and National Identity (Palgrave MacMillan 2012), explores how Afro-Brazilians reconstruct the Yoruba matrix within Candomblé to create contemporary literary and performance culture. In his current book project, he creates Aesthetic theory based on Yoruba orisha paradigms to read African and African Diasporic texts and images.",1
"She is a bilingual (Spanish) psychologist and the founder of the bilingual school psychology training program at CU Denver. Her research interests include psychological assessment practices of English language learners (ELL), autism identification within Latino and ELL populations, and the preparation of culturally and linguistically responsive school psychologists and psychologists.",21,1,"He is a bilingual (Spanish) psychologist and the founder of the bilingual school psychology training program at CU Denver. His research interests include psychological assessment practices of English language learners (ELL), autism identification within Latino and ELL populations, and the preparation of culturally and linguistically responsive school psychologists and psychologists.",1
"Ms. Cunningham practices medicine in Lee's Summit, MO and specializes in Cardiovascular Disease. Ms. Cunningham is affiliated with Lees Summit Medical Center, Saint Lukes Hospital and Saint Lukes Northland Hospital. Ms. Cunningham speaks English, Spanish and Russian.",19,1,"Mr. Cunningham practices medicine in Lee's Summit, MO and specializes in Cardiovascular Disease. Mr. Cunningham is affiliated with Lees Summit Medical Center, Saint Lukes Hospital and Saint Lukes Northland Hospital. Mr. Cunningham speaks English, Spanish and Russian.",1
But he hates what he is doing and he wants to get out into the jungles and see something amazing and photograph that. So his girlfriend leaves him and heads home leaving John here but he gets into a fight with a mobster and he flees into the jungle to hide. And of course he is also doing it to photograph the wild but not long down the river he is captured by natives.,18,0,But she hates what she is doing and she wants to get out into the jungles and see something amazing and photograph that. So her girlfriend leaves her and heads home leaving John here but she gets into a fight with a mobster and she flees into the jungle to hide. And of course she is also doing it to photograph the wild but not long down the river she is captured by natives.,1
"She is employed with Alberta Health Services and works at the Stollery Children’s tertiary care Neonatal Intensive Care Units (NICUs) at the Royal Alexandra Hospital and the University of Alberta Hospital. She also works at the Sturgeon Community Hospital, where she and her colleagues mentor and assist the Labor and Delivery staff with neonatal resuscitations.",13,1,"He is employed with Alberta Health Services and works at the Stollery Children’s tertiary care Neonatal Intensive Care Units (NICUs) at the Royal Alexandra Hospital and the University of Alberta Hospital. He also works at the Sturgeon Community Hospital, where he and his colleagues mentor and assist the Labor and Delivery staff with neonatal resuscitations.",1
"He focuses his practice on Foreign Corrupt Practice Act (FCPA) issues, white collar and internal investigations, complex civil litigation, financial regulation and litigation, and government ethics compliance. Mr. Kimberley also has significant experience coordinating domestic and international forensic examinations and collections of data, as well as using existing collection, processing and review processes and technologies to reduce clients’ eDiscovery costs.",2,0,"She focuses her practice on Foreign Corrupt Practice Act (FCPA) issues, white collar and internal investigations, complex civil litigation, financial regulation and litigation, and government ethics compliance. Ms. Kimberley also has significant experience coordinating domestic and international forensic examinations and collections of data, as well as using existing collection, processing and review processes and technologies to reduce clients’ eDiscovery costs.",1
"He is site-leader for the European Horizon 2020 project ""COEMS -- Continuous Observation of Embedded Multicore Systems"", vice chair of the EU COST Action IC1402 ""ARVI -- Runtime Verification Beyond Monitoring"", and Visiting Professor at the Guizhou Academy of Sciences, Guiyang. Before moving to Norway, Dr. Stolz held an Assistant Research Fellow position at UNU-IIST, Macao (now UNU-CS), where he was principal investigator in the MSTDF-funded project on ""Applied Runtime Verification"".",21,0,"She is site-leader for the European Horizon 2020 project ""COEMS -- Continuous Observation of Embedded Multicore Systems"", vice chair of the EU COST Action IC1402 ""ARVI -- Runtime Verification Beyond Monitoring"", and Visiting Professor at the Guizhou Academy of Sciences, Guiyang. Before moving to Norway, Dr. Stolz held an Assistant Research Fellow position at UNU-IIST, Macao (now UNU-CS), where she was principal investigator in the MSTDF-funded project on ""Applied Runtime Verification"".",1
"She was the past president of Taiwan Movement Disorder Society from 2015 to 2017. She serves as an executive committee member of Asian and Oceanian Section - Movement Disorder Society. Currently, she is the section editor of BMC Neurology and on the editorial board of Parkinsonism and Related Disorders.",19,1,"He was the past president of Taiwan Movement Disorder Society from 2015 to 2017. He serves as an executive committee member of Asian and Oceanian Section - Movement Disorder Society. Currently, he is the section editor of BMC Neurology and on the editorial board of Parkinsonism and Related Disorders.",1
"He is a specialist in treating peripheral vascular disease, arterial and venous disorders, leg ulcers and swollen leg related to cardiovascular disease. Dr. Ruschhaupt is a certified Diplomate of the American Board of Internal Medicine.",19,0,"She is a specialist in treating peripheral vascular disease, arterial and venous disorders, leg ulcers and swollen leg related to cardiovascular disease. Dr. Ruschhaupt is a certified Diplomate of the American Board of Internal Medicine.",1
The law allows parents to give up their babies if they don't want them. All they have to do is take the baby to a designated safe haven. This can be done up to 30 days after the baby's birth.,13,1,The law allows parents to give up their babies if they don't want them. All they have to do is take the baby to a designated safe haven. This can be done up to 30 days after the baby's birth.,0
"She graduated from the Universidad de Guadalajara, Mexico. She completed her General Surgery internship and residency at Emory University in Atlanta, GA and Vascular Surgery Fellowship at the University of Florida, Gainesville, FL. Her clinical interests are open and endovascular treatment of abdominal aortic aneurysms, peripheral arterial occlusive disease, cerebrovascular disease and mesenteric and renal occlusive disease. Her academic interest is surgical education and quality improvement initiatives in Vascular Surgery.",21,1,"He graduated from the Universidad de Guadalajara, Mexico. He completed his General Surgery internship and residency at Emory University in Atlanta, GA and Vascular Surgery Fellowship at the University of Florida, Gainesville, FL. His clinical interests are open and endovascular treatment of abdominal aortic aneurysms, peripheral arterial occlusive disease, cerebrovascular disease and mesenteric and renal occlusive disease. His academic interest is surgical education and quality improvement initiatives in Vascular Surgery.",1
"He specializes in colonial South Asia, the British Empire, modern Britain and modern Ireland and is fluent in all aspects of modern British and Irish history, politics and culture.",21,0,"She specializes in colonial South Asia, the British Empire, modern Britain and modern Ireland and is fluent in all aspects of modern British and Irish history, politics and culture.",1
"He is a tutor assistant to Nasser Golzari and Yara Sharif in the University of Westminster's postgraduate design studio, DS22. He obtained his masters in Applied Design for Architecture at Oxford Brookes University in 2015 where he developed his thesis 'Virtual Agora'. Nassos's thesis was granted 'The Fielding Dodd' prize for outstanding work and has been nominated for an RIBA Silver Medal. He is a co-founder of the 'Arteries Foundation'.",1,0,"She is a tutor assistant to Nasser Golzari and Yara Sharif in the University of Westminster's postgraduate design studio, DS22. She obtained her masters in Applied Design for Architecture at Oxford Brookes University in 2015 where she developed her thesis 'Virtual Agora'. Nassos's thesis was granted 'The Fielding Dodd' prize for outstanding work and has been nominated for an RIBA Silver Medal. She is a co-founder of the 'Arteries Foundation'.",1
"Joop Ave, to photograph 27 provinces of Indonesia. In addition to that, he founded the Life in a Site (LIAS) Program, which led to the Indonesian Heritage (Modern Encyclopedia Series) in 1998, organized and published by Buku Antar Bangsa and Archipelago Press. His latest collaboration in 2015 was with Yayasan Bina Museum Indonesia (The Jakarta Post), and together, held the exhibition ""Spice Trails Exhibition"" in Indonesian National Museum in Jakarta.",18,0,"Joop Ave, to photograph 27 provinces of Indonesia. In addition to that, she founded the Life in a Site (LIAS) Program, which led to the Indonesian Heritage (Modern Encyclopedia Series) in 1998, organized and published by Buku Antar Bangsa and Archipelago Press. Her latest collaboration in 2015 was with Yayasan Bina Museum Indonesia (The Jakarta Post), and together, held the exhibition ""Spice Trails Exhibition"" in Indonesian National Museum in Jakarta.",1
"She graduated with honors in 2011. Having more than 5 years of diverse experiences, especially in NURSE PRACTITIONER, Ticonna D Purdle affiliates with no hospital, and cooperates with other doctors and specialists in many medical groups including Life Line Community Healthcare, Take Care Health Illinois Pc. Call Ticonna D Purdle on phone number (773) 731-7300 for more information and advises or to book an appointment.",13,1,"He graduated with honors in 2011. Having more than 5 years of diverse experiences, especially in NURSE PRACTITIONER, Ticonna D Purdle affiliates with no hospital, and cooperates with other doctors and specialists in many medical groups including Life Line Community Healthcare, Take Care Health Illinois Pc. Call Ticonna D Purdle on phone number (773) 731-7300 for more information and advises or to book an appointment.",1
"She teaches college composition, advanced writing and a variety of literature courses in the classroom and online. Amy is the recipient of the League for Innovation in the Community College’s 2014 John and Suanne Roueche Excellence in Teaching Award. Her research interests include the poetry of Emily Dickinson and the scholarship of teaching and learning. As the faculty chair of MCC’s Teaching and Creativity Center, she has presented her research at various conferences. Amy is currently piloting the PERTS Growth Mindset module in her classes.",21,1,"He teaches college composition, advanced writing and a variety of literature courses in the classroom and online. Amy is the recipient of the League for Innovation in the Community College’s 2014 John and Suanne Roueche Excellence in Teaching Award. His research interests include the poetry of Emily Dickinson and the scholarship of teaching and learning. As the faculty chair of MCC’s Teaching and Creativity Center, he has presented his research at various conferences. Amy is currently piloting the PERTS Growth Mindset module in his classes.",1
